RL,Jugador,País,Posc,Equipo,Edad,Nacimiento,PJ,Titular,Mín,90 s,Gls.,Ass,G+A,G-TP,TP,TPint,TA,TR,xG,npxG,xAG,npxG+xAG,PrgC,PrgP,PrgR,Gls.,Ast,G+A,G-TP,G+A-TP,xG,xAG,xG+xAG,npxG,npxG+xAG,Partidos
1,José Abella,mx MEX,"DF,CC",Atlas,28,1994,28,22,1885,20.9,0,1,1,0,0,0,4,0,0.3,0.3,0.7,1.1,16,81,70,0.00,0.05,0.05,0.00,0.05,0.02,0.04,0.05,0.02,0.05,Partidos
2,Clifford Aboagye,gh GHA,CC,Querétaro,27,1995,21,3,583,6.5,1,2,3,1,0,0,1,0,0.4,0.4,0.6,1.0,14,32,28,0.15,0.31,0.46,0.15,0.46,0.06,0.09,0.15,0.06,0.15,Partidos
3,Luis Abram,pe PER,DF,Cruz Azul,26,1996,12,10,902,10.0,0,0,0,0,0,0,1,0,0.2,0.2,0.0,0.2,4,15,5,0.00,0.00,0.00,0.00,0.00,0.02,0.00,0.02,0.02,0.02,Partidos
4,Carlos Acevedo,mx MEX,PO,Santos,26,1996,33,33,2970,33.0,1,0,1,1,0,0,1,0,0.1,0.1,0.0,0.1,0,0,0,0.03,0.00,0.03,0.03,0.03,0.00,0.00,0.00,0.00,0.00,Partidos
5,Sergio Adrián Flores,mx MEX,CC,Guadalajara,27,1995,18,11,1009,11.2,2,1,3,2,0,0,2,0,0.9,0.9,0.7,1.6,1,46,9,0.18,0.09,0.27,0.18,0.27,0.08,0.07,0.14,0.08,0.14,Partidos
6,Washington Aguerre,uy URU,PO,Querétaro,29,1993,9,9,810,9.0,0,0,0,0,0,0,1,0,0.0,0.0,0.0,0.0,0,0,0,0.00,0.00,0.00,0.00,0.00,0.00,0.00,0.00,0.00,0.00,Partidos
7,Eduardo Águila,mx MEX,DF,Atlético,20,2002,5,2,216,2.4,0,0,0,0,0,0,0,0,0.2,0.2,0.0,0.2,0,7,1,0.00,0.00,0.00,0.00,0.00,0.08,0.01,0.08,0.08,0.08,Partidos
8,Daniel Aguilar,mx MEX,"DF,CC",Puebla,24,1998,17,6,710,7.9,0,0,0,0,0,0,4,0,0.4,0.4,0.1,0.6,11,20,21,0.00,0.00,0.00,0.00,0.00,0.05,0.02,0.07,0.05,0.07,Partidos
9,Manuel Aguilar,mx MEX,DF,UANL,19,2003,1,0,45,0.5,0,0,0,0,0,0,0,0,0.0,0.0,0.0,0.0,0,0,0,0.00,0.00,0.00,0.00,0.00,0.00,0.00,0.00,0.00,0.00,Partidos
10,Emanuel Aguilera,ar ARG,DF,Atlas,33,1989,15,12,1033,11.5,0,0,0,0,0,0,3,0,0.4,0.4,0.1,0.5,5,40,4,0.00,0.00,0.00,0.00,0.00,0.04,0.01,0.05,0.04,0.05,Partidos
11,Eduardo Aguirre,mx MEX,DL,Santos,23,1998,19,15,1145,12.7,3,1,4,2,1,1,0,1,2.2,1.4,0.5,1.9,15,18,64,0.24,0.08,0.31,0.16,0.24,0.17,0.04,0.21,0.11,0.15,Partidos
12,Érick Aguirre,mx MEX,DF,Monterrey,25,1997,22,17,1400,15.6,1,2,3,1,0,0,3,0,1.1,1.1,2.2,3.3,23,47,56,0.06,0.13,0.19,0.06,0.19,0.07,0.14,0.21,0.07,0.21,Partidos
13,Gaddi Aguirre,mx MEX,DF,Atlas,26,1996,20,15,1419,15.8,1,1,2,1,0,0,2,0,1.0,1.0,0.8,1.8,0,45,2,0.06,0.06,0.13,0.06,0.13,0.07,0.05,0.12,0.07,0.12,Partidos
14,Rodrigo Aguirre,uy URU,"DL,CC",Monterrey,27,1994,30,22,2010,22.3,8,4,12,7,1,2,4,0,9.3,7.7,3.8,11.5,31,37,128,0.36,0.18,0.54,0.31,0.49,0.42,0.17,0.59,0.35,0.52,Partidos
15,Manuel Agustín Duarte,ar ARG,CC,Querétaro,20,2001,10,4,417,4.6,0,1,1,0,0,0,1,0,0.4,0.4,0.9,1.3,7,20,14,0.00,0.22,0.22,0.00,0.22,0.09,0.19,0.28,0.09,0.28,Partidos
16,Arnaud Ake,ci CIV,DL,Mazatlán,24,1998,12,8,771,8.6,2,2,4,2,0,0,1,0,2.5,2.5,0.6,3.1,14,13,49,0.23,0.23,0.47,0.23,0.47,0.29,0.07,0.36,0.29,0.36,Partidos
17,Edgar Alaffita,mx MEX,CC,UNAM,25,1996,2,2,125,1.4,0,0,0,0,0,0,0,0,0.0,0.0,0.2,0.2,2,6,8,0.00,0.00,0.00,0.00,0.00,0.02,0.14,0.16,0.02,0.16,Partidos
18,Oswaldo Alanís,mx MEX,DF,Mazatlán,33,1989,22,19,1723,19.1,3,0,3,3,0,0,1,0,0.9,0.9,0.0,0.9,6,49,2,0.16,0.00,0.16,0.16,0.16,0.05,0.00,0.05,0.05,0.05,Partidos
19,Jesús Alberto Angulo,mx MEX,DF,UANL,24,1998,32,30,2632,29.2,1,3,4,1,0,0,7,1,0.6,0.6,1.8,2.5,54,208,68,0.03,0.10,0.14,0.03,0.14,0.02,0.06,0.08,0.02,0.08,Partidos
20,Gil Alcalá,mx MEX,PO,Querétaro,30,1992,17,17,1530,17.0,0,0,0,0,0,0,1,0,0.0,0.0,0.0,0.0,0,0,0,0.00,0.00,0.00,0.00,0.00,0.00,0.00,0.00,0.00,0.00,Partidos
21,Gil Alcalá,mx MEX,PO,UNAM,30,1992,2,2,180,2.0,0,0,0,0,0,0,0,0,0.0,0.0,0.0,0.0,0,0,0,0.00,0.00,0.00,0.00,0.00,0.00,0.00,0.00,0.00,0.00,Partidos
22,Adrián Aldrete,mx MEX,DF,UNAM,34,1988,18,18,1437,16.0,1,2,3,1,0,0,3,1,0.3,0.3,0.8,1.1,8,47,29,0.06,0.13,0.19,0.06,0.19,0.02,0.05,0.07,0.02,0.07,Partidos
23,Daniel Alexis Parra,mx MEX,"DF,CC",Necaxa,23,1999,5,1,145,1.6,0,0,0,0,0,0,0,0,0.1,0.1,0.2,0.3,2,4,3,0.00,0.00,0.00,0.00,0.00,0.05,0.11,0.16,0.05,0.16,Partidos
24,Luis Alfonso Rodríguez,mx MEX,"DF,CC",FC Juárez,31,1991,16,16,1346,15.0,0,0,0,0,0,0,7,0,0.3,0.3,0.2,0.5,30,76,39,0.00,0.00,0.00,0.00,0.00,0.02,0.01,0.03,0.02,0.03,Partidos
25,Luis Alfonso Rodríguez,mx MEX,DF,UANL,31,1991,3,0,125,1.4,0,0,0,0,0,0,0,0,0.0,0.0,0.0,0.0,1,13,10,0.00,0.00,0.00,0.00,0.00,0.00,0.00,0.00,0.00,0.00,Partidos
26,David Alfredo Andrade,mx MEX,"CC,DF",Atlético,29,1993,10,1,276,3.1,0,0,0,0,0,0,2,0,0.0,0.0,0.2,0.2,14,11,27,0.00,0.00,0.00,0.00,0.00,0.00,0.07,0.07,0.00,0.07,Partidos
27,Facundo Almada,ar ARG,DF,Mazatlán,24,1998,14,12,1116,12.4,1,1,2,1,0,0,4,0,0.6,0.6,1.1,1.7,8,45,5,0.08,0.08,0.16,0.08,0.16,0.05,0.09,0.14,0.05,0.14,Partidos
28,Carlos Alonso Vargas,mx MEX,DF,Cruz Azul,23,1999,1,1,15,0.2,0,0,0,0,0,0,0,0,0.0,0.0,0.0,0.0,0,0,2,0.00,0.00,0.00,0.00,0.00,0.00,0.00,0.00,0.00,0.00,Partidos
29,Carlos Alonso Vargas,mx MEX,DF,Mazatlán,23,1999,13,12,930,10.3,0,0,0,0,0,0,6,1,0.4,0.4,0.7,1.0,17,32,18,0.00,0.00,0.00,0.00,0.00,0.04,0.06,0.10,0.04,0.10,Partidos
30,Jozy Altidore,us USA,"DL,CC",Puebla,32,1989,6,0,92,1.0,2,0,2,2,0,0,1,0,0.6,0.6,0.0,0.6,0,1,9,1.96,0.00,1.96,1.96,1.96,0.62,0.00,0.62,0.62,0.62,Partidos
31,Alfonso Alvarado,mx MEX,"DL,CC",León,22,2000,26,6,711,7.9,3,1,4,3,0,0,1,0,2.8,2.8,1.3,4.1,11,18,35,0.38,0.13,0.51,0.38,0.51,0.36,0.16,0.52,0.36,0.52,Partidos
32,Roberto Alvarado,mx MEX,"CC,DL",Guadalajara,23,1998,32,27,2415,26.8,3,3,6,3,0,0,5,0,4.1,4.1,3.2,7.3,81,143,141,0.11,0.11,0.22,0.11,0.22,0.15,0.12,0.27,0.15,0.27,Partidos
33,Ventura Alvarado,us USA,DF,FC Juárez,29,1992,10,5,466,5.2,0,0,0,0,0,0,2,0,0.1,0.1,0.0,0.1,0,7,0,0.00,0.00,0.00,0.00,0.00,0.02,0.00,0.03,0.02,0.03,Partidos
34,Alek Álvarez,mx MEX,"DF,CC",UNAM,19,2003,12,3,477,5.3,0,1,1,0,0,0,0,0,0.0,0.0,1.2,1.2,15,23,13,0.00,0.19,0.19,0.00,0.19,0.00,0.23,0.23,0.00,0.23,Partidos
35,Kevin Álvarez,mx MEX,DF,Pachuca,23,1999,32,32,2822,31.4,3,6,9,3,0,0,8,0,2.2,2.2,4.3,6.5,96,146,177,0.10,0.19,0.29,0.10,0.29,0.07,0.14,0.21,0.07,0.21,Partidos
36,Daniel Álvarez López,mx MEX,"DL,CC",Toluca,28,1994,12,2,279,3.1,1,0,1,1,0,0,0,0,0.4,0.4,0.1,0.6,11,10,28,0.32,0.00,0.32,0.32,0.32,0.14,0.05,0.19,0.14,0.19,Partidos
37,Daniel Álvarez López,mx MEX,"CC,DF",Puebla,28,1994,12,1,331,3.7,0,2,2,0,0,0,0,0,0.2,0.2,0.6,0.8,8,14,18,0.00,0.54,0.54,0.00,0.54,0.05,0.17,0.22,0.05,0.22,Partidos
38,Dani Alves,br BRA,"CC,DF",UNAM,39,1983,13,12,1125,12.5,0,5,5,0,0,0,3,0,0.7,0.7,2.8,3.5,16,99,29,0.00,0.40,0.40,0.00,0.40,0.05,0.23,0.28,0.05,0.28,Partidos
39,Fidel Ambríz,mx MEX,"CC,DF",León,19,2003,32,23,2123,23.6,3,0,3,3,0,0,4,1,2.1,2.1,0.4,2.6,18,56,20,0.13,0.00,0.13,0.13,0.13,0.09,0.02,0.11,0.09,0.11,Partidos
40,Esteban Andrada,ar ARG,PO,Monterrey,31,1991,25,25,2249,25.0,0,0,0,0,0,0,2,1,0.0,0.0,0.3,0.3,0,1,0,0.00,0.00,0.00,0.00,0.00,0.00,0.01,0.01,0.00,0.01,Partidos
41,Alejandro Andrade,mx MEX,CC,Necaxa,20,2001,1,1,66,0.7,0,0,0,0,0,0,0,0,0.0,0.0,0.0,0.0,0,5,0,0.00,0.00,0.00,0.00,0.00,0.00,0.00,0.00,0.00,0.00,Partidos
42,Luis Ángel Malagón,mx MEX,PO,América,25,1997,7,7,630,7.0,0,0,0,0,0,0,1,0,0.0,0.0,0.0,0.0,0,0,0,0.00,0.00,0.00,0.00,0.00,0.00,0.00,0.00,0.00,0.00,Partidos
43,Luis Ángel Malagón,mx MEX,PO,Necaxa,25,1997,17,17,1530,17.0,0,0,0,0,0,0,4,0,0.0,0.0,0.0,0.0,0,0,0,0.00,0.00,0.00,0.00,0.00,0.00,0.00,0.00,0.00,0.00,Partidos
44,Miguel Ángel Ponce,mx MEX,"DF,DL",Guadalajara,33,1989,5,1,125,1.4,0,0,0,0,0,0,2,1,0.0,0.0,0.0,0.0,2,4,2,0.00,0.00,0.00,0.00,0.00,0.00,0.00,0.00,0.00,0.00,Partidos
45,Brayan Angulo,co COL,DF,Toluca,32,1989,29,24,2069,23.0,1,2,3,1,0,0,6,1,1.3,1.3,2.0,3.3,48,136,89,0.04,0.09,0.13,0.04,0.13,0.05,0.08,0.13,0.05,0.13,Partidos
46,Jesús Angulo,mx MEX,"DF,CC",Guadalajara,25,1997,3,0,29,0.3,0,1,1,0,0,0,0,0,0.0,0.0,0.1,0.1,1,1,1,0.00,3.10,3.10,0.00,3.10,0.00,0.23,0.23,0.00,0.23,Partidos
47,Jesús Angulo,mx MEX,CC,León,25,1997,7,1,156,1.7,0,0,0,0,0,0,0,0,0.1,0.1,0.1,0.2,5,15,10,0.00,0.00,0.00,0.00,0.00,0.07,0.06,0.14,0.07,0.14,Partidos
48,Brayan Angulo Mosquera,co COL,CC,Toluca,29,1993,3,2,211,2.3,0,0,0,0,0,0,0,0,,,,,,,,0.00,0.00,0.00,0.00,0.00,,,,,,Partidos
49,Francisco Antonio Figueroa,mx MEX,"DL,CC",Pachuca,23,1999,10,6,503,5.6,0,2,2,0,0,0,1,0,0.6,0.6,1.3,1.9,44,19,76,0.00,0.36,0.36,0.00,0.36,0.11,0.23,0.34,0.11,0.34,Partidos
50,Francisco Antonio Figueroa,mx MEX,"CC,DL",Querétaro,23,1999,4,0,49,0.5,0,0,0,0,0,0,0,0,0.0,0.0,0.0,0.0,1,5,8,0.00,0.00,0.00,0.00,0.00,0.00,0.06,0.06,0.00,0.06,Partidos
RL,Jugador,País,Posc,Equipo,Edad,Nacimiento,PJ,Titular,Mín,90 s,Gls.,Ass,G+A,G-TP,TP,TPint,TA,TR,xG,npxG,xAG,npxG+xAG,PrgC,PrgP,PrgR,Gls.,Ast,G+A,G-TP,G+A-TP,xG,xAG,xG+xAG,npxG,npxG+xAG,Partidos
51,Jorge Antonio Padilla,mx MEX,DF,Mazatlán,28,1993,19,12,1164,12.9,0,1,1,0,0,0,2,0,0.5,0.5,1.3,1.7,17,47,51,0.00,0.08,0.08,0.00,0.08,0.03,0.10,0.13,0.03,0.13,Partidos
52,José Antonio Rodríguez,mx MEX,PO,Tijuana,30,1992,17,17,1530,17.0,0,0,0,0,0,0,2,0,0.0,0.0,0.1,0.1,0,0,0,0.00,0.00,0.00,0.00,0.00,0.00,0.00,0.00,0.00,0.00,Partidos
53,José Antonio Rodríguez,mx MEX,PO,Querétaro,30,1992,8,8,720,8.0,0,0,0,0,0,0,1,0,0.0,0.0,0.0,0.0,0,0,0,0.00,0.00,0.00,0.00,0.00,0.00,0.00,0.00,0.00,0.00,Partidos
54,Uriel Antuna,mx MEX,"DL,CC",Cruz Azul,24,1997,31,31,2601,28.9,8,4,12,8,0,0,5,0,4.4,4.4,3.3,7.7,76,90,245,0.28,0.14,0.42,0.28,0.42,0.15,0.11,0.27,0.15,0.27,Partidos
55,Javier Aquino,mx MEX,"DF,DL",UANL,32,1990,25,22,1922,21.4,0,2,2,0,0,0,4,0,0.6,0.6,1.4,2.0,68,123,141,0.00,0.09,0.09,0.00,0.09,0.03,0.07,0.09,0.03,0.09,Partidos
56,Pedro Aquino,pe PER,CC,América,27,1995,27,8,835,9.3,0,1,1,0,0,0,7,0,0.2,0.2,1.2,1.4,10,63,8,0.00,0.11,0.11,0.00,0.11,0.02,0.13,0.15,0.02,0.15,Partidos
57,Cristian Arango,co COL,"DL,CC",Pachuca,27,1995,10,4,481,5.3,4,2,6,2,2,2,0,0,3.5,1.9,1.1,3.0,20,10,39,0.75,0.37,1.12,0.37,0.75,0.65,0.20,0.85,0.36,0.56,Partidos
58,Ángelo Araos,cl CHI,CC,Necaxa,25,1997,18,14,937,10.4,1,1,2,1,0,0,4,0,0.9,0.9,0.9,1.8,17,32,46,0.10,0.10,0.19,0.10,0.19,0.09,0.08,0.17,0.09,0.17,Partidos
59,Maximiliano Araújo,uy URU,"CC,DF",Toluca,22,2000,17,17,1454,16.2,6,4,10,6,0,0,4,0,4.4,4.4,2.6,6.9,74,48,153,0.37,0.25,0.62,0.37,0.62,0.27,0.16,0.43,0.27,0.43,Partidos
60,Maximiliano Araújo,uy URU,"CC,DF",Puebla,22,2000,16,16,1316,14.6,1,3,4,1,0,0,4,1,2.2,2.2,2.7,4.9,49,43,108,0.07,0.21,0.27,0.07,0.27,0.15,0.18,0.33,0.15,0.33,Partidos
61,Néstor Araujo,mx MEX,DF,América,30,1991,23,20,1805,20.1,0,1,1,0,0,0,4,0,0.8,0.8,0.9,1.7,28,66,1,0.00,0.05,0.05,0.00,0.05,0.04,0.05,0.09,0.04,0.09,Partidos
62,Fernando Arce Jr.,us USA,CC,FC Juárez,25,1996,11,4,442,4.9,0,0,0,0,0,0,2,0,0.2,0.2,0.0,0.2,1,6,11,0.00,0.00,0.00,0.00,0.00,0.05,0.00,0.05,0.05,0.05,Partidos
63,Fernando Arce Jr.,us USA,CC,Puebla,25,1996,5,1,116,1.3,0,1,1,0,0,0,2,0,0.1,0.1,0.4,0.5,2,6,4,0.00,0.78,0.78,0.00,0.78,0.07,0.30,0.37,0.07,0.37,Partidos
64,Fernando Aristeguieta,ve VEN,DL,Puebla,30,1992,3,3,250,2.8,1,0,1,1,0,0,2,0,1.1,1.1,0.3,1.4,3,7,9,0.36,0.00,0.36,0.36,0.36,0.40,0.10,0.50,0.40,0.50,Partidos
65,Rodrigo Armando González,mx MEX,DF,Atlético,27,1995,13,12,1091,12.1,0,0,0,0,0,0,3,0,0.0,0.0,0.0,0.1,3,13,0,0.00,0.00,0.00,0.00,0.00,0.00,0.00,0.01,0.00,0.01,Partidos
66,Daniel Armando Ríos,mx MEX,DL,Guadalajara,27,1995,12,6,521,5.8,1,1,2,1,0,0,1,0,1.4,1.4,0.6,2.0,5,4,31,0.17,0.17,0.35,0.17,0.35,0.25,0.10,0.35,0.25,0.35,Partidos
67,Eduardo Armenta,mx MEX,CC,Tijuana,20,2001,10,7,475,5.3,0,0,0,0,0,0,1,0,0.1,0.1,0.2,0.3,3,15,15,0.00,0.00,0.00,0.00,0.00,0.03,0.04,0.06,0.03,0.06,Partidos
68,Alejandro Arribas,es ESP,DF,FC Juárez,33,1989,26,23,2068,23.0,0,0,0,0,0,0,3,1,0.8,0.8,0.5,1.3,8,45,3,0.00,0.00,0.00,0.00,0.00,0.04,0.02,0.06,0.04,0.06,Partidos
69,José Ávila,mx MEX,"CC,DF",Santos,24,1998,6,0,74,0.8,0,1,1,0,0,0,0,0,0.0,0.0,0.2,0.2,1,6,7,0.00,1.22,1.22,0.00,1.22,0.03,0.23,0.26,0.03,0.26,Partidos
70,David Ayala,mx MEX,CC,UANL,22,2000,3,0,16,0.2,0,0,0,0,0,0,0,0,0.0,0.0,0.0,0.0,0,0,0,0.00,0.00,0.00,0.00,0.00,0.12,0.00,0.12,0.12,0.12,Partidos
71,Hugo Ayala,mx MEX,"DF,DL",UANL,35,1987,4,2,166,1.8,0,0,0,0,0,0,0,0,0.0,0.0,0.0,0.0,0,8,0,0.00,0.00,0.00,0.00,0.00,0.00,0.00,0.00,0.00,0.00,Partidos
72,Ettson Ayon,mx MEX,"DL,CC",Querétaro,21,2001,20,7,708,7.9,4,0,4,4,0,0,2,0,2.8,2.8,0.4,3.2,8,6,43,0.51,0.00,0.51,0.51,0.51,0.36,0.06,0.42,0.36,0.42,Partidos
73,Rafael Baca,mx MEX,CC,Cruz Azul,32,1989,21,9,1018,11.3,1,1,2,1,0,0,3,1,0.3,0.3,0.3,0.6,3,52,9,0.09,0.09,0.18,0.09,0.18,0.02,0.03,0.05,0.02,0.05,Partidos
74,Claudio Baeza,cl CHI,CC,Toluca,28,1993,29,28,2223,24.7,0,2,2,0,0,0,9,1,0.2,0.2,0.3,0.5,14,115,15,0.00,0.08,0.08,0.00,0.08,0.01,0.01,0.02,0.01,0.02,Partidos
75,Kevin Balanta,co COL,DF,Querétaro,25,1997,24,23,2007,22.3,0,0,0,0,0,0,5,1,0.2,0.2,0.4,0.6,11,68,2,0.00,0.00,0.00,0.00,0.00,0.01,0.02,0.03,0.01,0.03,Partidos
RL,Jugador,País,Posc,Equipo,Edad,Nacimiento,PJ,Titular,Mín,90 s,Gls.,Ass,G+A,G-TP,TP,TPint,TA,TR,xG,npxG,xAG,npxG+xAG,PrgC,PrgP,PrgR,Gls.,Ast,G+A,G-TP,G+A-TP,xG,xAG,xG+xAG,npxG,npxG+xAG,Partidos
76,Carlos Baltazar,mx MEX,CC,Puebla,25,1997,1,0,10,0.1,0,0,0,0,0,0,1,0,0.1,0.1,0.0,0.1,2,1,2,0.00,0.00,0.00,0.00,0.00,1.01,0.00,1.01,1.01,1.01,Partidos
77,Miguel Barbieri,ar ARG,DF,Querétaro,28,1993,15,12,1106,12.3,2,0,2,2,0,0,5,0,1.2,1.2,0.0,1.2,2,28,3,0.16,0.00,0.16,0.16,0.16,0.10,0.00,0.10,0.10,0.10,Partidos
78,David Barbona,ar ARG,"CC,DL",Querétaro,27,1995,10,8,569,6.3,0,0,0,0,0,0,2,0,0.8,0.8,1.1,1.9,21,37,34,0.00,0.00,0.00,0.00,0.00,0.13,0.18,0.31,0.13,0.31,Partidos
79,Diego Barbosa,mx MEX,DF,Atlas,25,1996,25,10,1116,12.4,0,0,0,0,0,0,3,0,0.8,0.8,0.8,1.6,38,32,89,0.00,0.00,0.00,0.00,0.00,0.06,0.06,0.13,0.06,0.13,Partidos
80,Marcelo Barovero,ar ARG,PO,Atlético,38,1984,33,33,2937,32.6,0,0,0,0,0,0,3,0,0.0,0.0,0.0,0.0,0,0,0,0.00,0.00,0.00,0.00,0.00,0.00,0.00,0.00,0.00,0.00,Partidos
81,Martín Barra,mx MEX,"CC,DL",FC Juárez,20,2002,3,0,50,0.6,0,1,1,0,0,0,0,0,0.0,0.0,0.1,0.1,1,1,3,0.00,1.80,1.80,0.00,1.80,0.00,0.21,0.21,0.00,0.21,Partidos
82,Martín Barragán,mx MEX,DL,Puebla,31,1991,33,27,2331,25.9,11,1,12,8,3,3,5,0,9.4,7.0,1.9,8.9,22,55,116,0.42,0.04,0.46,0.31,0.35,0.36,0.07,0.44,0.27,0.34,Partidos
83,Jaine Barreiro,co COL,DF,León,28,1994,30,29,2478,27.5,0,2,2,0,0,0,9,1,1.4,1.4,0.7,2.1,36,101,17,0.00,0.07,0.07,0.00,0.07,0.05,0.03,0.08,0.05,0.08,Partidos
84,Pablo Barrera,mx MEX,"CC,DL",Querétaro,35,1987,34,33,2875,31.9,3,6,9,2,1,2,6,0,3.1,1.5,7.3,8.8,89,120,202,0.09,0.19,0.28,0.06,0.25,0.10,0.23,0.33,0.05,0.28,Partidos
85,Abraham Bass,mx MEX,CC,Atlas,20,2001,1,1,75,0.8,0,0,0,0,0,0,0,0,0.1,0.1,0.0,0.1,0,0,0,0.00,0.00,0.00,0.00,0.00,0.08,0.00,0.08,0.08,0.08,Partidos
86,Damián Batallini,ar ARG,"CC,DL",Necaxa,26,1996,13,8,748,8.3,1,0,1,1,0,0,2,0,1.1,1.1,0.8,1.9,21,25,49,0.12,0.00,0.12,0.12,0.12,0.13,0.10,0.23,0.13,0.23,Partidos
87,Facundo Batista,uy URU,DL,Necaxa,23,1999,28,21,1777,19.7,9,0,9,7,2,2,2,0,7.3,5.8,1.4,7.2,20,29,100,0.46,0.00,0.46,0.35,0.35,0.37,0.07,0.44,0.29,0.36,Partidos
88,Eduard Bello,ve VEN,"DL,CC",Mazatlán,26,1995,24,13,1214,13.5,4,1,5,4,0,0,4,0,1.9,1.9,0.9,2.9,22,37,90,0.30,0.07,0.37,0.30,0.37,0.14,0.07,0.21,0.14,0.21,Partidos
89,Paul Bellón,mx MEX,DF,León,25,1997,27,19,1815,20.2,2,0,2,2,0,0,8,2,1.6,1.6,1.1,2.6,18,51,6,0.10,0.00,0.10,0.10,0.10,0.08,0.05,0.13,0.08,0.13,Partidos
90,Fernando Beltrán,mx MEX,CC,Guadalajara,24,1998,31,29,2436,27.1,3,4,7,3,0,0,6,1,1.7,1.7,1.7,3.4,75,173,101,0.11,0.15,0.26,0.11,0.26,0.06,0.06,0.13,0.06,0.13,Partidos
91,Nicolás Benedetti,co COL,"CC,DL",Mazatlán,25,1997,29,26,2104,23.4,7,5,12,7,0,1,3,1,5.3,4.6,4.4,9.0,99,101,167,0.30,0.21,0.51,0.30,0.51,0.23,0.19,0.42,0.19,0.38,Partidos
92,Pablo Bennevendo Peña,mx MEX,DF,UNAM,22,2000,28,22,2068,23.0,0,1,1,0,0,0,2,0,0.1,0.1,1.3,1.4,27,72,45,0.00,0.04,0.04,0.00,0.04,0.00,0.06,0.06,0.00,0.06,Partidos
93,Germán Berterame,ar ARG,"DL,CC",Monterrey,23,1998,31,26,2343,26.0,10,5,15,10,0,1,2,0,10.2,9.4,5.4,14.8,46,68,167,0.38,0.19,0.58,0.38,0.58,0.39,0.21,0.60,0.36,0.57,Partidos
94,Unai Bilbao,es ESP,DF,Atlético,28,1994,15,15,1299,14.4,2,0,2,2,0,0,3,0,1.2,1.2,0.2,1.3,2,33,0,0.14,0.00,0.14,0.14,0.14,0.08,0.01,0.09,0.08,0.09,Partidos
95,Léo Bonatini,br BRA,DL,Atlético,28,1994,17,12,909,10.1,3,2,5,3,0,1,1,0,4.0,3.2,0.5,3.7,13,18,54,0.30,0.20,0.50,0.30,0.50,0.39,0.05,0.44,0.32,0.37,Partidos
96,Antonio Briseño,mx MEX,DF,Guadalajara,28,1994,10,3,373,4.1,0,0,0,0,0,0,4,1,0.1,0.1,0.0,0.1,2,16,2,0.00,0.00,0.00,0.00,0.00,0.02,0.00,0.03,0.02,0.03,Partidos
97,Isaác Brizuela,mx MEX,"DL,CC",Guadalajara,31,1990,20,9,812,9.0,1,1,2,1,0,0,1,0,0.3,0.3,1.6,1.9,33,37,70,0.11,0.11,0.22,0.11,0.22,0.04,0.17,0.21,0.04,0.21,Partidos
98,Juan Brunetta,ar ARG,"CC,DL",Santos,25,1997,32,31,2528,28.1,9,7,16,8,1,1,5,0,10.2,9.4,5.8,15.2,116,209,156,0.32,0.25,0.57,0.28,0.53,0.36,0.21,0.57,0.33,0.54,Partidos
99,Gustavo Cabral,ar ARG,DF,Pachuca,36,1985,30,30,2685,29.8,2,1,3,1,1,1,6,0,1.6,0.8,0.3,1.1,8,92,2,0.07,0.03,0.10,0.03,0.07,0.05,0.01,0.06,0.03,0.04,Partidos
100,David Cabrera Pujol,mx MEX,CC,Querétaro,32,1989,2,0,31,0.3,0,0,0,0,0,0,0,1,0.0,0.0,0.0,0.0,0,7,0,0.00,0.00,0.00,0.00,0.00,0.00,0.00,0.00,0.00,0.00,Partidos
RL,Jugador,País,Posc,Equipo,Edad,Nacimiento,PJ,Titular,Mín,90 s,Gls.,Ass,G+A,G-TP,TP,TPint,TA,TR,xG,npxG,xAG,npxG+xAG,PrgC,PrgP,PrgR,Gls.,Ast,G+A,G-TP,G+A-TP,xG,xAG,xG+xAG,npxG,npxG+xAG,Partidos
101,Sebastián Cáceres,uy URU,DF,América,22,1999,25,23,2078,23.1,1,1,2,1,0,0,4,0,0.8,0.8,0.3,1.1,11,48,2,0.04,0.04,0.09,0.04,0.09,0.03,0.01,0.05,0.03,0.05,Partidos
102,Jordy Caicedo,ec ECU,"DL,CC",UANL,24,1997,13,4,520,5.8,1,0,1,1,0,0,1,1,1.5,1.5,0.4,1.9,10,8,33,0.17,0.00,0.17,0.17,0.17,0.26,0.07,0.34,0.26,0.34,Partidos
103,José Caicedo,co COL,"CC,DF",UNAM,20,2002,14,11,1017,11.3,0,0,0,0,0,0,2,0,0.4,0.4,0.4,0.8,12,60,1,0.00,0.00,0.00,0.00,0.00,0.04,0.03,0.07,0.04,0.07,Partidos
104,Cristian Calderón,mx MEX,"DF,DL",Guadalajara,25,1997,29,21,1908,21.2,1,1,2,1,0,1,2,0,3.8,3.0,1.9,4.9,23,60,79,0.05,0.05,0.09,0.05,0.09,0.18,0.09,0.27,0.14,0.23,Partidos
105,Luis Calzadilla,mx MEX,CC,Pachuca,22,2000,3,0,29,0.3,0,0,0,0,0,0,0,0,0.2,0.2,0.0,0.2,1,1,1,0.00,0.00,0.00,0.00,0.00,0.67,0.00,0.67,0.67,0.67,Partidos
106,Raúl Camacho,mx MEX,"DL,CC",Mazatlán,20,2002,6,0,62,0.7,0,0,0,0,0,0,1,0,0.0,0.0,0.1,0.1,0,1,3,0.00,0.00,0.00,0.00,0.00,0.04,0.08,0.12,0.04,0.12,Partidos
107,Joel Campbell,cr CRC,"CC,DL",León,30,1992,30,17,1559,17.3,2,4,6,2,0,0,1,1,2.3,2.3,2.8,5.2,54,111,114,0.12,0.23,0.35,0.12,0.35,0.13,0.16,0.30,0.13,0.30,Partidos
108,Omar Campos,mx MEX,DF,Santos,20,2002,34,34,2936,32.6,1,2,3,1,0,0,2,0,1.0,1.0,3.7,4.7,78,94,128,0.03,0.06,0.09,0.03,0.09,0.03,0.11,0.14,0.03,0.14,Partidos
109,Alexis Canelo,ar ARG,DL,Tijuana,30,1992,34,33,2877,32.0,6,2,8,4,2,2,5,0,8.9,7.3,4.1,11.4,89,99,259,0.19,0.06,0.25,0.13,0.19,0.28,0.13,0.40,0.23,0.36,Partidos
110,Luis Cárdenas,mx MEX,PO,Monterrey,28,1993,9,9,765,8.5,0,0,0,0,0,0,0,0,0.0,0.0,0.0,0.0,0,0,0,0.00,0.00,0.00,0.00,0.00,0.00,0.00,0.00,0.00,0.00,Partidos
111,Ulises Cardona,mx MEX,"CC,DL",Necaxa,23,1998,2,0,60,0.7,0,0,0,0,0,0,1,0,0.0,0.0,0.3,0.3,3,2,3,0.00,0.00,0.00,0.00,0.00,0.01,0.48,0.49,0.01,0.49,Partidos
112,Rafael Carioca,br BRA,CC,UANL,33,1989,31,22,1934,21.5,0,2,2,0,0,0,4,1,0.7,0.7,1.8,2.5,33,201,27,0.00,0.09,0.09,0.00,0.09,0.03,0.08,0.12,0.03,0.12,Partidos
113,Gonzalo Carneiro,uy URU,DL,Cruz Azul,26,1995,20,10,995,11.1,4,1,5,3,1,1,4,0,4.1,3.4,0.5,3.9,21,22,44,0.36,0.09,0.45,0.27,0.36,0.37,0.05,0.42,0.30,0.35,Partidos
114,Ramiro Carrera,ar ARG,"CC,DL",Cruz Azul,28,1993,10,3,270,3.0,0,0,0,0,0,0,0,0,0.6,0.6,0.4,1.0,10,12,15,0.00,0.00,0.00,0.00,0.00,0.20,0.15,0.35,0.20,0.35,Partidos
115,Jordan Carrillo,mx MEX,"CC,DF",Santos,20,2001,3,1,109,1.2,0,0,0,0,0,0,0,0,0.1,0.1,0.0,0.1,3,2,6,0.00,0.00,0.00,0.00,0.00,0.05,0.01,0.06,0.05,0.06,Partidos
116,Kevin Castañeda,mx MEX,CC,Tijuana,22,1999,11,4,347,3.9,0,0,0,0,0,0,1,0,0.5,0.5,0.3,0.8,15,45,19,0.00,0.00,0.00,0.00,0.00,0.12,0.09,0.21,0.12,0.21,Partidos
117,Byron Castillo,ec ECU,DF,León,23,1998,21,16,1409,15.7,1,1,2,1,0,0,5,0,0.4,0.4,2.6,3.0,60,59,103,0.06,0.06,0.13,0.06,0.13,0.03,0.17,0.19,0.03,0.19,Partidos
118,Fabián Castillo,co COL,DL,Tijuana,30,1992,9,1,213,2.4,0,2,2,0,0,0,0,0,0.3,0.3,0.7,1.0,9,6,17,0.00,0.85,0.85,0.00,0.85,0.12,0.29,0.41,0.12,0.41,Partidos
119,José Castillo Pérez,mx MEX,DF,Pachuca,20,2001,19,14,1201,13.3,2,0,2,2,0,0,2,0,0.9,0.9,0.4,1.3,12,43,13,0.15,0.00,0.15,0.15,0.15,0.07,0.03,0.10,0.07,0.10,Partidos
120,Raúl Castillo,mx MEX,CC,Puebla,20,2001,2,1,59,0.7,0,0,0,0,0,0,1,0,0.0,0.0,0.2,0.2,1,0,2,0.00,0.00,0.00,0.00,0.00,0.03,0.29,0.33,0.03,0.33,Partidos
121,Lucas Cavallini,ca CAN,DL,Tijuana,29,1992,12,8,722,8.0,2,2,4,2,0,0,1,0,2.9,2.9,0.8,3.6,10,14,58,0.25,0.25,0.50,0.25,0.50,0.36,0.10,0.45,0.36,0.45,Partidos
122,Enrique Cedillo,mx MEX,DF,Mazatlán,26,1996,10,5,428,4.8,0,0,0,0,0,0,2,0,0.0,0.0,0.2,0.2,8,23,0,0.00,0.00,0.00,0.00,0.00,0.00,0.04,0.04,0.00,0.04,Partidos
123,Julien Celestine,fr FRA,DF,León,25,1997,4,3,293,3.3,0,0,0,0,0,0,3,1,0.2,0.2,0.0,0.2,0,6,0,0.00,0.00,0.00,0.00,0.00,0.06,0.01,0.07,0.06,0.07,Partidos
124,Alan Cervantes,mx MEX,CC,Santos,24,1998,31,26,2181,24.2,0,1,1,0,0,0,7,0,0.5,0.5,1.4,1.9,26,105,27,0.00,0.04,0.04,0.00,0.04,0.02,0.06,0.08,0.02,0.08,Partidos
125,Daniel Cervantes,mx MEX,DF,Querétaro,32,1990,9,3,315,3.5,0,0,0,0,0,0,0,0,0.0,0.0,0.0,0.0,0,4,0,0.00,0.00,0.00,0.00,0.00,0.00,0.00,0.00,0.00,0.00,Partidos
RL,Jugador,País,Posc,Equipo,Edad,Nacimiento,PJ,Titular,Mín,90 s,Gls.,Ass,G+A,G-TP,TP,TPint,TA,TR,xG,npxG,xAG,npxG+xAG,PrgC,PrgP,PrgR,Gls.,Ast,G+A,G-TP,G+A-TP,xG,xAG,xG+xAG,npxG,npxG+xAG,Partidos
126,Luís Cervantes,mx MEX,DF,León,21,2001,3,2,189,2.1,0,0,0,0,0,0,1,0,0.0,0.0,0.0,0.0,2,2,3,0.00,0.00,0.00,0.00,0.00,0.00,0.00,0.00,0.00,0.00,Partidos
127,Aníbal Chalá,ec ECU,"DF,CC",Atlas,26,1996,22,10,1020,11.3,0,0,0,0,0,0,4,0,0.5,0.5,0.5,1.0,40,28,76,0.00,0.00,0.00,0.00,0.00,0.04,0.05,0.09,0.04,0.09,Partidos
128,Diego Chávez Collins,mx MEX,"DL,CC",FC Juárez,27,1995,7,1,210,2.3,1,0,1,1,0,0,0,0,0.7,0.7,0.7,1.5,1,0,21,0.43,0.00,0.43,0.43,0.43,0.31,0.32,0.63,0.31,0.63,Partidos
129,Luis Chávez,mx MEX,CC,Pachuca,26,1996,33,31,2802,31.1,3,4,7,3,0,0,3,1,2.7,2.7,3.9,6.6,59,264,39,0.10,0.13,0.22,0.10,0.22,0.09,0.13,0.21,0.09,0.21,Partidos
130,Ricardo Chávez Soto,mx MEX,DF,Atlético,27,1994,32,32,2811,31.2,0,4,4,0,0,0,7,1,1.3,1.3,3.4,4.7,44,100,154,0.00,0.13,0.13,0.00,0.13,0.04,0.11,0.15,0.04,0.15,Partidos
131,Jesús Chiquete,mx MEX,DF,Guadalajara,20,2002,31,30,2642,29.4,1,2,3,1,0,0,9,0,0.9,0.9,0.5,1.4,29,87,27,0.03,0.07,0.10,0.03,0.10,0.03,0.02,0.05,0.03,0.05,Partidos
132,Ronaldo Cisneros,mx MEX,"DL,CC",Guadalajara,25,1997,15,11,862,9.6,2,1,3,2,0,0,1,0,1.6,1.6,0.6,2.2,6,11,44,0.21,0.10,0.31,0.21,0.31,0.17,0.06,0.23,0.17,0.23,Partidos
133,Josué Colmán,py PAR,"CC,DL",Mazatlán,24,1998,25,10,1044,11.6,0,1,1,0,0,0,1,0,1.1,1.1,1.0,2.1,31,45,69,0.00,0.09,0.09,0.00,0.09,0.10,0.09,0.18,0.10,0.18,Partidos
134,Bryan Colula,mx MEX,DF,Mazatlán,26,1996,28,23,1933,21.5,2,1,3,2,0,0,6,0,1.5,1.5,0.6,2.2,32,77,95,0.09,0.05,0.14,0.09,0.14,0.07,0.03,0.10,0.07,0.10,Partidos
135,Francisco Contreras,mx MEX,"DF,CC",Tijuana,23,1999,20,7,705,7.8,0,0,0,0,0,0,1,0,0.2,0.2,1.1,1.3,7,39,42,0.00,0.00,0.00,0.00,0.00,0.03,0.13,0.16,0.03,0.16,Partidos
136,José Corona,mx MEX,PO,Cruz Azul,41,1981,23,23,2069,23.0,0,0,0,0,0,0,6,1,0.0,0.0,0.0,0.0,0,0,0,0.00,0.00,0.00,0.00,0.00,0.00,0.00,0.00,0.00,0.00,Partidos
137,George Corral,mx MEX,"DF,CC",Puebla,32,1990,7,3,267,3.0,0,0,0,0,0,0,1,0,0.0,0.0,0.1,0.1,1,13,3,0.00,0.00,0.00,0.00,0.00,0.00,0.02,0.02,0.00,0.02,Partidos
138,Rogelio Cortéz Pineda,mx MEX,CC,Necaxa,18,2004,8,1,142,1.6,0,0,0,0,0,0,1,0,0.2,0.2,0.1,0.3,8,8,6,0.00,0.00,0.00,0.00,0.00,0.13,0.07,0.20,0.13,0.20,Partidos
139,Jordi Cortizo,mx MEX,"CC,DL",Puebla,26,1996,17,15,1212,13.5,4,3,7,4,0,0,4,0,2.3,2.3,1.8,4.1,42,63,72,0.30,0.22,0.52,0.30,0.52,0.17,0.13,0.30,0.17,0.30,Partidos
140,Jordi Cortizo,mx MEX,"CC,DL",Monterrey,26,1996,17,2,375,4.2,1,0,1,1,0,0,1,0,0.4,0.4,0.7,1.1,15,21,32,0.24,0.00,0.24,0.24,0.24,0.09,0.16,0.26,0.09,0.26,Partidos
141,Rodolfo Cota,mx MEX,PO,León,35,1987,34,34,3060,34.0,0,0,0,0,0,0,5,0,0.1,0.1,0.0,0.1,0,0,0,0.00,0.00,0.00,0.00,0.00,0.00,0.00,0.00,0.00,0.00,Partidos
142,Aldo Cruz,mx MEX,DF,Atlético,24,1997,16,16,1305,14.5,0,1,1,0,0,0,2,0,0.0,0.0,0.5,0.5,21,51,18,0.00,0.07,0.07,0.00,0.07,0.00,0.03,0.03,0.00,0.03,Partidos
143,Jürgen Damm,mx MEX,"DL,CC",América,29,1992,6,0,89,1.0,0,0,0,0,0,0,0,0,0.1,0.1,0.0,0.1,8,0,25,0.00,0.00,0.00,0.00,0.00,0.12,0.00,0.12,0.12,0.12,Partidos
144,Jorge Daniel Hernández,mx MEX,CC,Querétaro,33,1989,23,16,1249,13.9,0,0,0,0,0,0,4,0,0.0,0.0,0.1,0.1,3,59,5,0.00,0.00,0.00,0.00,0.00,0.00,0.01,0.01,0.00,0.01,Partidos
145,Juan David Castro,mx MEX,"CC,DL",Atlético,30,1991,21,3,359,4.0,0,0,0,0,0,0,2,0,0.5,0.5,0.0,0.6,9,20,29,0.00,0.00,0.00,0.00,0.00,0.14,0.01,0.14,0.14,0.14,Partidos
146,José David Ramírez,mx MEX,DF,León,26,1995,2,0,17,0.2,0,0,0,0,0,0,0,0,0.0,0.0,0.0,0.0,0,0,1,0.00,0.00,0.00,0.00,0.00,0.00,0.00,0.00,0.00,0.00,Partidos
147,Víctor Dávila,cl CHI,"DL,CC",León,24,1997,30,26,2102,23.4,9,4,13,9,0,0,2,1,7.8,7.8,5.3,13.1,43,107,162,0.39,0.17,0.56,0.39,0.56,0.33,0.23,0.56,0.33,0.56,Partidos
148,Diego De Buen,mx MEX,"DF,CC",Puebla,31,1991,34,34,3019,33.5,1,2,3,1,0,0,5,0,1.8,1.8,3.0,4.8,13,95,9,0.03,0.06,0.09,0.03,0.09,0.05,0.09,0.14,0.05,0.14,Partidos
149,Sergio De los Ríos,mx MEX,CC,América,19,2003,1,0,15,0.2,0,0,0,0,0,0,0,0,0.0,0.0,0.0,0.0,0,0,0,0.00,0.00,0.00,0.00,0.00,0.00,0.00,0.00,0.00,0.00,Partidos
150,Arturo del Campo,mx MEX,CC,Toluca,19,2003,1,0,2,0.0,0,0,0,0,0,0,0,0,0.0,0.0,0.0,0.0,1,0,2,0.00,0.00,0.00,0.00,0.00,0.00,0.00,0.00,0.00,0.00,Partidos
RL,Jugador,País,Posc,Equipo,Edad,Nacimiento,PJ,Titular,Mín,90 s,Gls.,Ass,G+A,G-TP,TP,TPint,TA,TR,xG,npxG,xAG,npxG+xAG,PrgC,PrgP,PrgR,Gls.,Ast,G+A,G-TP,G+A-TP,xG,xAG,xG+xAG,npxG,npxG+xAG,Partidos
151,Gustavo Del Prete,ar ARG,"CC,DL",UNAM,26,1996,32,26,1979,22.0,5,3,8,5,0,0,5,1,6.8,6.8,3.9,10.7,58,72,120,0.23,0.14,0.36,0.23,0.36,0.31,0.18,0.49,0.31,0.49,Partidos
152,Everardo Del Villar,mx MEX,DF,Toluca,17,2005,2,0,22,0.2,0,0,0,0,0,0,0,0,0.0,0.0,0.0,0.0,0,1,0,0.00,0.00,0.00,0.00,0.00,0.00,0.00,0.00,0.00,0.00,Partidos
153,Arturo Delgado,mx MEX,PO,UANL,20,2002,1,0,45,0.5,0,0,0,0,0,0,0,0,0.0,0.0,0.0,0.0,0,0,0,0.00,0.00,0.00,0.00,0.00,0.00,0.00,0.00,0.00,0.00,Partidos
154,Franco Di Santo,ar ARG,DL,Tijuana,33,1989,15,7,735,8.2,2,0,2,2,0,0,1,0,1.4,1.4,0.8,2.2,8,19,54,0.24,0.00,0.24,0.24,0.24,0.17,0.10,0.27,0.17,0.27,Partidos
155,Lucas Di Yorio,ar ARG,DL,León,25,1996,33,30,2550,28.3,11,2,13,11,0,0,5,1,11.6,11.6,1.3,12.9,34,18,143,0.39,0.07,0.46,0.39,0.46,0.41,0.05,0.46,0.41,0.46,Partidos
156,Nicolás Díaz Huincales,cl CHI,DF,Tijuana,23,1999,30,30,2647,29.4,0,1,1,0,0,0,13,3,0.6,0.6,0.9,1.5,35,99,36,0.00,0.03,0.03,0.00,0.03,0.02,0.03,0.05,0.02,0.05,Partidos
157,Jair Díaz,mx MEX,DF,Tijuana,23,1998,21,15,1410,15.7,0,0,0,0,0,0,9,0,0.2,0.2,0.2,0.4,19,65,39,0.00,0.00,0.00,0.00,0.00,0.01,0.01,0.02,0.01,0.02,Partidos
158,Diogo,br BRA,"DL,CC",UNAM,25,1996,32,15,1700,18.9,6,1,7,6,0,0,3,1,6.3,6.3,1.4,7.7,31,28,128,0.32,0.05,0.37,0.32,0.37,0.33,0.07,0.41,0.33,0.41,Partidos
159,Cecilio Domínguez,py PAR,"CC,DL",Santos,27,1994,14,1,273,3.0,0,1,1,0,0,0,1,1,0.1,0.1,0.4,0.5,12,16,24,0.00,0.33,0.33,0.00,0.33,0.03,0.14,0.17,0.03,0.17,Partidos
160,Idekel Domínguez,mx MEX,CC,Atlas,22,2000,1,1,65,0.7,0,0,0,0,0,0,0,0,0.0,0.0,0.0,0.0,0,2,2,0.00,0.00,0.00,0.00,0.00,0.00,0.01,0.01,0.00,0.01,Partidos
161,Juan Domínguez,mx MEX,"DL,CC",Necaxa,23,1998,15,3,389,4.3,0,0,0,0,0,0,1,0,0.3,0.3,0.0,0.3,17,12,36,0.00,0.00,0.00,0.00,0.00,0.07,0.01,0.07,0.07,0.07,Partidos
162,Julio Domínguez,mx MEX,DF,Cruz Azul,34,1987,29,28,2465,27.4,1,0,1,1,0,0,4,0,0.6,0.6,0.4,1.0,24,91,12,0.04,0.00,0.04,0.04,0.04,0.02,0.01,0.04,0.02,0.04,Partidos
163,Misael Domínguez,mx MEX,"CC,DL",Tijuana,22,1999,10,2,202,2.2,0,0,0,0,0,0,0,1,0.2,0.2,0.3,0.5,14,21,19,0.00,0.00,0.00,0.00,0.00,0.11,0.12,0.23,0.11,0.23,Partidos
164,Dória,br BRA,DF,Santos,27,1994,18,13,1267,14.1,1,0,1,1,0,0,1,0,1.9,1.9,0.2,2.0,7,32,2,0.07,0.00,0.07,0.07,0.07,0.13,0.01,0.14,0.13,0.14,Partidos
165,Jonathan dos Santos,mx MEX,CC,América,32,1990,23,7,632,7.0,1,0,1,1,0,0,2,0,0.2,0.2,0.3,0.5,13,55,8,0.14,0.00,0.14,0.14,0.14,0.03,0.05,0.07,0.03,0.07,Partidos
166,Rodrigo Dourado,br BRA,CC,Atlético,28,1994,28,26,2181,24.2,0,1,1,0,0,0,8,0,0.6,0.6,1.0,1.6,21,97,15,0.00,0.04,0.04,0.00,0.04,0.02,0.04,0.06,0.02,0.06,Partidos
167,Jesús Dueñas,mx MEX,"CC,DL",FC Juárez,33,1989,29,26,2314,25.7,3,6,9,2,1,1,5,1,3.1,2.3,4.4,6.7,57,156,165,0.12,0.23,0.35,0.08,0.31,0.12,0.17,0.29,0.09,0.26,Partidos
168,Javier Eduardo López,mx MEX,"CC,DL",Pachuca,27,1994,23,12,1128,12.5,8,5,13,8,0,0,1,0,3.2,3.2,4.0,7.2,22,64,83,0.64,0.40,1.04,0.64,1.04,0.26,0.32,0.58,0.26,0.58,Partidos
169,Jorge Eduardo Sánchez,mx MEX,DF,América,24,1997,3,3,270,3.0,0,0,0,0,0,0,1,0,0.2,0.2,0.3,0.5,8,17,24,0.00,0.00,0.00,0.00,0.00,0.06,0.11,0.17,0.06,0.17,Partidos
170,Francisco Eduardo Venegas,mx MEX,"DF,DL",UANL,24,1998,4,1,105,1.2,0,0,0,0,0,0,1,0,0.0,0.0,0.0,0.0,3,11,7,0.00,0.00,0.00,0.00,0.00,0.00,0.04,0.04,0.00,0.04,Partidos
171,Francisco Eduardo Venegas,mx MEX,"DF,CC",Mazatlán,24,1998,14,12,949,10.5,1,0,1,1,0,0,2,0,0.7,0.7,0.6,1.3,12,43,19,0.09,0.00,0.09,0.09,0.09,0.06,0.05,0.12,0.06,0.12,Partidos
172,Alfonso Emilio Sánchez,mx MEX,"CC,DL",Mazatlán,28,1994,20,6,647,7.2,2,0,2,2,0,0,4,0,0.7,0.7,0.1,0.9,6,27,13,0.28,0.00,0.28,0.28,0.28,0.10,0.02,0.12,0.10,0.12,Partidos
173,José Enrique Angulo,ec ECU,DL,Querétaro,27,1995,10,3,361,4.0,1,0,1,1,0,0,2,0,1.2,1.2,0.1,1.3,10,7,19,0.25,0.00,0.25,0.25,0.25,0.29,0.02,0.32,0.29,0.32,Partidos
174,Luis Enrique Quiñones,co COL,"DL,CC",UANL,31,1991,30,24,2098,23.3,4,2,6,4,0,0,15,3,4.4,4.4,6.3,10.7,102,106,250,0.17,0.09,0.26,0.17,0.26,0.19,0.27,0.46,0.19,0.46,Partidos
175,Carlos Ernesto Cisneros,mx MEX,"DL,DF",Guadalajara,28,1993,32,19,1728,19.2,4,5,9,4,0,0,6,0,5.9,5.9,2.5,8.3,76,55,167,0.21,0.26,0.47,0.21,0.47,0.31,0.13,0.43,0.31,0.43,Partidos
RL,Jugador,País,Posc,Equipo,Edad,Nacimiento,PJ,Titular,Mín,90 s,Gls.,Ass,G+A,G-TP,TP,TPint,TA,TR,xG,npxG,xAG,npxG+xAG,PrgC,PrgP,PrgR,Gls.,Ast,G+A,G-TP,G+A-TP,xG,xAG,xG+xAG,npxG,npxG+xAG,Partidos
176,Kevin Escamilla,mx MEX,CC,Querétaro,28,1994,30,25,2080,23.1,1,1,2,1,0,0,4,0,1.6,1.6,1.7,3.3,28,93,32,0.04,0.04,0.09,0.04,0.09,0.07,0.07,0.14,0.07,0.14,Partidos
177,Juan Escobar,py PAR,DF,Cruz Azul,27,1995,27,27,2355,26.2,0,3,3,0,0,0,7,0,1.2,1.2,1.2,2.4,17,68,31,0.00,0.11,0.11,0.00,0.11,0.04,0.05,0.09,0.04,0.09,Partidos
178,Alonso Escoboza,mx MEX,"DF,CC",Cruz Azul,29,1993,14,3,417,4.6,3,0,3,3,0,0,2,0,1.1,1.1,0.3,1.4,9,11,16,0.65,0.00,0.65,0.65,0.65,0.24,0.07,0.31,0.24,0.31,Partidos
179,Amaury Escoto,mx MEX,"DL,CC",Puebla,29,1992,8,0,141,1.6,1,0,1,1,0,0,0,0,0.6,0.6,0.2,0.9,2,1,7,0.64,0.00,0.64,0.64,0.64,0.40,0.15,0.55,0.40,0.55,Partidos
180,Michael Estrada,ec ECU,DL,Cruz Azul,26,1996,21,11,833,9.3,3,1,4,2,1,1,3,2,3.2,2.4,0.9,3.3,6,12,43,0.32,0.11,0.43,0.22,0.32,0.34,0.09,0.44,0.26,0.35,Partidos
181,Marco Fabián,mx MEX,"CC,DL",Mazatlán,33,1989,17,8,758,8.4,1,1,2,1,0,0,2,0,1.3,1.3,1.0,2.3,8,38,52,0.12,0.12,0.24,0.12,0.24,0.16,0.12,0.28,0.16,0.28,Partidos
182,Luis Félix,mx MEX,DF,Tijuana,21,2000,5,2,205,2.3,0,0,0,0,0,0,0,0,0.0,0.0,0.1,0.1,4,4,12,0.00,0.00,0.00,0.00,0.00,0.00,0.03,0.03,0.00,0.03,Partidos
183,Omar Fernández Frasica,co COL,"CC,DL",Puebla,29,1993,25,19,1597,17.7,4,2,6,4,0,0,4,0,1.8,1.8,2.2,4.0,55,84,104,0.23,0.11,0.34,0.23,0.34,0.10,0.12,0.22,0.10,0.22,Partidos
184,Gabriel Fernández,uy URU,DL,FC Juárez,28,1994,32,30,2530,28.1,8,3,11,8,0,1,10,2,9.5,8.7,3.6,12.4,52,57,140,0.28,0.11,0.39,0.28,0.39,0.34,0.13,0.47,0.31,0.44,Partidos
185,Leonardo Fernández,uy URU,"CC,DL",Toluca,23,1998,30,22,1856,20.6,8,9,17,5,3,3,6,0,6.8,4.6,8.1,12.6,59,142,144,0.39,0.44,0.82,0.24,0.68,0.33,0.39,0.72,0.22,0.61,Partidos
186,Rafael Fernández,mx MEX,DF,Querétaro,21,2000,18,16,1406,15.6,1,0,1,1,0,0,1,0,0.6,0.6,0.3,0.9,11,43,17,0.06,0.00,0.06,0.06,0.06,0.04,0.02,0.06,0.04,0.06,Partidos
187,Luis Fernando Fuentes,mx MEX,DF,América,35,1986,26,19,1766,19.6,0,1,1,0,0,0,1,0,1.2,1.2,1.5,2.7,46,86,179,0.00,0.05,0.05,0.00,0.05,0.06,0.08,0.14,0.06,0.14,Partidos
188,Luis Fernando León,ec ECU,DF,Atlético,29,1993,14,14,1242,13.8,0,0,0,0,0,0,2,0,0.3,0.3,0.3,0.6,4,29,1,0.00,0.00,0.00,0.00,0.00,0.02,0.02,0.04,0.02,0.04,Partidos
189,Luis Fernando Quintana,mx MEX,DF,Necaxa,30,1992,1,1,71,0.8,0,0,0,0,0,0,0,0,0.1,0.1,0.0,0.1,0,2,0,0.00,0.00,0.00,0.00,0.00,0.13,0.02,0.15,0.13,0.15,Partidos
190,Gustavo Ferrareis,br BRA,"DF,CC",Puebla,26,1996,31,29,2381,26.5,3,4,7,3,0,0,7,0,2.5,2.5,2.2,4.8,58,82,133,0.11,0.15,0.26,0.11,0.26,0.10,0.08,0.18,0.10,0.18,Partidos
191,Álvaro Fidalgo,es ESP,CC,América,25,1997,34,30,2659,29.5,2,6,8,2,0,0,1,0,1.2,1.2,2.5,3.8,90,346,70,0.07,0.20,0.27,0.07,0.27,0.04,0.09,0.13,0.04,0.13,Partidos
192,Carlos Fierro,mx MEX,"DL,CC",FC Juárez,28,1994,7,5,327,3.6,1,0,1,1,0,0,0,0,0.1,0.1,0.0,0.2,6,5,13,0.28,0.00,0.28,0.28,0.28,0.04,0.00,0.04,0.04,0.04,Partidos
193,Sebastián Fierro,mx MEX,CC,UANL,20,2001,1,1,90,1.0,0,0,0,0,0,0,0,0,0.0,0.0,0.1,0.1,1,2,0,0.00,0.00,0.00,0.00,0.00,0.00,0.05,0.05,0.00,0.05,Partidos
194,Abraham Flores,mx MEX,DF,Tijuana,20,2002,3,2,139,1.5,0,0,0,0,0,0,0,1,0.0,0.0,0.0,0.0,2,2,1,0.00,0.00,0.00,0.00,0.00,0.00,0.00,0.00,0.00,0.00,Partidos
195,Edison Flores,pe PER,CC,Atlas,28,1994,22,7,821,9.1,0,2,2,0,0,0,0,0,1.6,1.6,1.7,3.4,15,35,55,0.00,0.22,0.22,0.00,0.22,0.18,0.19,0.37,0.18,0.37,Partidos
196,Fabricio Formiliano,uy URU,DF,Necaxa,29,1993,14,12,1067,11.9,1,1,2,1,0,0,2,0,0.4,0.4,0.2,0.6,3,38,1,0.08,0.08,0.17,0.08,0.17,0.03,0.01,0.05,0.03,0.05,Partidos
197,Alexis Francisco Peña,mx MEX,DF,Necaxa,26,1996,34,34,3015,33.5,1,1,2,1,0,0,6,0,1.2,1.2,0.5,1.7,20,117,3,0.03,0.03,0.06,0.03,0.06,0.04,0.01,0.05,0.04,0.05,Partidos
198,Nicolás Freire,ar ARG,DF,UNAM,28,1994,32,32,2862,31.8,2,1,3,2,0,0,8,1,0.8,0.7,1.1,1.8,10,118,6,0.06,0.03,0.09,0.06,0.09,0.02,0.04,0.06,0.02,0.06,Partidos
199,Adonis Frías,ar ARG,DF,León,24,1998,13,11,1041,11.6,0,1,1,0,0,0,2,1,0.2,0.2,0.6,0.9,7,41,3,0.00,0.09,0.09,0.00,0.09,0.02,0.05,0.07,0.02,0.07,Partidos
200,Raymundo Fulgencio,mx MEX,"DL,CC",UANL,22,2000,23,13,1143,12.7,1,2,3,1,0,0,4,0,1.7,1.7,1.5,3.2,39,39,123,0.08,0.16,0.24,0.08,0.24,0.13,0.12,0.25,0.13,0.25,Partidos
RL,Jugador,País,Posc,Equipo,Edad,Nacimiento,PJ,Titular,Mín,90 s,Gls.,Ass,G+A,G-TP,TP,TPint,TA,TR,xG,npxG,xAG,npxG+xAG,PrgC,PrgP,PrgR,Gls.,Ast,G+A,G-TP,G+A-TP,xG,xAG,xG+xAG,npxG,npxG+xAG,Partidos
201,Ramiro Funes Mori,ar ARG,DF,Cruz Azul,31,1991,24,24,2013,22.4,1,0,1,1,0,0,4,1,2.3,2.3,0.0,2.3,18,75,6,0.04,0.00,0.04,0.04,0.04,0.10,0.00,0.10,0.10,0.10,Partidos
202,Rogelio Funes Mori,mx MEX,DL,Monterrey,31,1991,23,22,1782,19.8,16,3,19,13,3,4,8,1,13.5,10.3,2.7,13.0,21,35,119,0.81,0.15,0.96,0.66,0.81,0.68,0.14,0.82,0.52,0.66,Partidos
203,Julio Furch,ar ARG,DL,Atlas,33,1989,27,25,1876,20.8,5,2,7,4,1,1,4,1,5.6,4.8,1.4,6.3,11,34,105,0.24,0.10,0.34,0.19,0.29,0.27,0.07,0.34,0.23,0.30,Partidos
204,Alam Galindo,mx MEX,DL,Tijuana,21,2001,1,0,8,0.1,0,0,0,0,0,0,0,0,0.0,0.0,0.0,0.0,0,0,0,0.00,0.00,0.00,0.00,0.00,0.00,0.00,0.00,0.00,0.00,Partidos
205,José Galindo,mx MEX,DF,UNAM,24,1998,14,13,970,10.8,0,0,0,0,0,0,5,0,0.1,0.1,0.2,0.4,4,19,6,0.00,0.00,0.00,0.00,0.00,0.01,0.02,0.03,0.01,0.03,Partidos
206,Jesús Gallardo,mx MEX,DF,Monterrey,27,1994,33,24,2231,24.8,5,4,9,5,0,0,6,0,2.3,2.3,5.7,8.0,65,73,124,0.20,0.16,0.36,0.20,0.36,0.09,0.23,0.32,0.09,0.32,Partidos
207,Isaias Galván,mx MEX,CC,UANL,17,2005,1,0,15,0.2,0,0,0,0,0,0,0,0,0.0,0.0,0.0,0.0,0,0,1,0.00,0.00,0.00,0.00,0.00,0.00,0.00,0.00,0.00,0.00,Partidos
208,Juan Gamboa,mx MEX,"CC,DF",Toluca,21,2001,2,0,16,0.2,0,0,0,0,0,0,0,0,0.0,0.0,0.2,0.2,0,1,7,0.00,0.00,0.00,0.00,0.00,0.09,1.00,1.08,0.09,1.08,Partidos
209,Brian García,mx MEX,DF,Toluca,24,1997,16,14,1333,14.8,2,1,3,2,0,0,5,0,1.7,1.7,1.9,3.5,36,81,77,0.14,0.07,0.20,0.14,0.20,0.11,0.13,0.24,0.11,0.24,Partidos
210,Brian García,mx MEX,DF,Necaxa,24,1997,17,17,1526,17.0,1,2,3,1,0,0,2,0,0.6,0.6,1.0,1.6,25,56,50,0.06,0.12,0.18,0.06,0.18,0.04,0.06,0.09,0.04,0.09,Partidos
211,Denzell García,mx MEX,CC,FC Juárez,18,2003,18,10,943,10.5,1,0,1,1,0,0,0,0,0.7,0.7,0.1,0.9,8,45,8,0.10,0.00,0.10,0.10,0.10,0.07,0.01,0.08,0.07,0.08,Partidos
212,Emiliano García,mx MEX,CC,Puebla,18,2003,2,0,14,0.2,0,0,0,0,0,0,0,0,0.0,0.0,0.0,0.0,2,2,4,0.00,0.00,0.00,0.00,0.00,0.00,0.13,0.13,0.00,0.13,Partidos
213,Francisco García,mx MEX,DL,América,18,2003,1,0,13,0.1,0,0,0,0,0,0,0,0,0.0,0.0,0.0,0.0,0,0,1,0.00,0.00,0.00,0.00,0.00,0.00,0.00,0.00,0.00,0.00,Partidos
214,Gilberto García,mx MEX,CC,Guadalajara,21,2000,1,0,14,0.2,0,0,0,0,0,0,0,0,0.0,0.0,0.0,0.0,0,2,1,0.00,0.00,0.00,0.00,0.00,0.00,0.00,0.00,0.00,0.00,Partidos
215,Jorge García,mx MEX,CC,Cruz Azul,20,2002,1,0,19,0.2,0,0,0,0,0,0,1,0,0.0,0.0,0.0,0.0,1,0,1,0.00,0.00,0.00,0.00,0.00,0.00,0.00,0.00,0.00,0.00,Partidos
216,José García,mx MEX,DF,Atlético,26,1996,12,10,990,11.0,0,0,0,0,0,0,5,0,0.2,0.2,0.0,0.2,1,19,0,0.00,0.00,0.00,0.00,0.00,0.02,0.00,0.02,0.02,0.02,Partidos
217,Alberto García Jr.,mx MEX,"DL,CC",Querétaro,28,1993,2,0,28,0.3,0,0,0,0,0,0,0,0,0.0,0.0,0.0,0.0,1,1,2,0.00,0.00,0.00,0.00,0.00,0.00,0.00,0.00,0.00,0.00,Partidos
218,Luis García,mx MEX,DL,Puebla,30,1992,19,8,744,8.3,0,5,5,0,0,0,5,0,,,,,,,,0.00,0.60,0.60,0.00,0.60,,,,,,Partidos
219,Marco García,mx MEX,CC,UNAM,22,2000,17,3,416,4.6,0,0,0,0,0,0,1,0,0.5,0.5,0.9,1.4,11,35,15,0.00,0.00,0.00,0.00,0.00,0.11,0.19,0.30,0.11,0.30,Partidos
220,Matías García,ar ARG,"CC,DF",FC Juárez,30,1991,14,10,816,9.1,1,0,1,1,0,0,4,0,0.5,0.5,1.1,1.6,16,37,36,0.11,0.00,0.11,0.11,0.11,0.06,0.12,0.17,0.06,0.17,Partidos
221,Uziel García,mx MEX,DF,Atlético,21,2001,18,11,1082,12.0,0,0,0,0,0,0,1,0,0.1,0.1,0.7,0.8,9,29,18,0.00,0.00,0.00,0.00,0.00,0.01,0.06,0.07,0.01,0.07,Partidos
222,Bryan Garnica,mx MEX,"CC,DL",Necaxa,26,1996,33,25,2107,23.4,2,3,5,2,0,0,3,0,1.3,1.3,4.2,5.5,51,54,134,0.09,0.13,0.21,0.09,0.21,0.05,0.18,0.23,0.05,0.23,Partidos
223,Jesús Garza,mx MEX,DF,UANL,22,2000,22,15,1226,13.6,0,1,1,0,0,0,5,0,0.3,0.3,0.9,1.3,20,69,89,0.00,0.07,0.07,0.00,0.07,0.02,0.07,0.09,0.02,0.09,Partidos
224,André-Pierre Gignac,fr FRA,DL,UANL,36,1985,30,29,2612,29.0,15,3,18,13,2,2,6,0,13.1,11.5,2.9,14.4,39,70,194,0.52,0.10,0.62,0.45,0.55,0.45,0.10,0.55,0.40,0.50,Partidos
225,Milton Giménez,ar ARG,DL,Necaxa,25,1996,22,18,1496,16.6,4,2,6,4,0,0,4,0,3.6,3.6,1.9,5.5,24,29,93,0.24,0.12,0.36,0.24,0.36,0.22,0.11,0.33,0.22,0.33,Partidos
RL,Jugador,País,Posc,Equipo,Edad,Nacimiento,PJ,Titular,Mín,90 s,Gls.,Ass,G+A,G-TP,TP,TPint,TA,TR,xG,npxG,xAG,npxG+xAG,PrgC,PrgP,PrgR,Gls.,Ast,G+A,G-TP,G+A-TP,xG,xAG,xG+xAG,npxG,npxG+xAG,Partidos
226,Santiago Giménez,mx MEX,DL,Cruz Azul,21,2001,5,5,408,4.5,5,0,5,2,3,3,0,0,3.7,1.3,0.5,1.8,4,8,21,1.10,0.00,1.10,0.44,0.44,0.82,0.11,0.93,0.29,0.41,Partidos
227,Rodrigo Godínez,mx MEX,DF,Tijuana,29,1992,14,13,1133,12.6,0,0,0,0,0,0,5,0,0.7,0.7,0.1,0.8,7,47,18,0.00,0.00,0.00,0.00,0.00,0.06,0.01,0.07,0.06,0.07,Partidos
228,Alejandro Gómez,mx MEX,DF,Atlas,20,2002,6,4,364,4.0,0,2,2,0,0,0,0,0,0.0,0.0,0.8,0.8,2,19,3,0.00,0.49,0.49,0.00,0.49,0.00,0.20,0.20,0.00,0.20,Partidos
229,Diego Gómez,mx MEX,"CC,DF",Necaxa,18,2003,14,3,356,4.0,0,0,0,0,0,0,0,0,0.5,0.5,0.0,0.5,1,15,14,0.00,0.00,0.00,0.00,0.00,0.11,0.01,0.12,0.11,0.12,Partidos
230,Enrique Gomez,mx MEX,CC,Toluca,18,2004,1,0,1,0.0,0,0,0,0,0,0,0,0,0.0,0.0,0.0,0.0,0,0,0,0.00,0.00,0.00,0.00,0.00,0.00,0.00,0.00,0.00,0.00,Partidos
231,Jaime Gómez Valencia,mx MEX,"CC,DF",FC Juárez,29,1993,20,11,796,8.8,0,1,1,0,0,0,0,0,0.4,0.4,0.2,0.6,13,46,59,0.00,0.11,0.11,0.00,0.11,0.05,0.02,0.07,0.05,0.07,Partidos
232,Alfonso González,mx MEX,"CC,DL",Monterrey,27,1994,34,28,2279,25.3,10,8,18,10,0,0,0,0,7.9,7.9,4.9,12.8,41,111,170,0.39,0.32,0.71,0.39,0.71,0.31,0.19,0.50,0.31,0.50,Partidos
233,Bryan González,mx MEX,"DF,CC",Pachuca,19,2003,8,0,176,2.0,0,0,0,0,0,0,0,0,0.1,0.1,0.0,0.2,3,6,11,0.00,0.00,0.00,0.00,0.00,0.06,0.02,0.08,0.06,0.08,Partidos
234,Pablo González Díaz,mx MEX,CC,Puebla,30,1992,11,7,644,7.2,0,0,0,0,0,0,2,0,0.1,0.1,0.2,0.3,2,45,4,0.00,0.00,0.00,0.00,0.00,0.02,0.03,0.05,0.02,0.05,Partidos
235,Hugo González Durán,mx MEX,PO,Necaxa,31,1990,16,16,1440,16.0,0,0,0,0,0,0,3,0,0.0,0.0,0.0,0.0,0,1,0,0.00,0.00,0.00,0.00,0.00,0.00,0.00,0.00,0.00,0.00,Partidos
236,Carlos González Espínola,py PAR,DL,Toluca,29,1993,31,26,2159,24.0,9,1,10,8,1,1,1,0,9.2,8.4,0.7,9.1,23,37,111,0.38,0.04,0.42,0.33,0.38,0.38,0.03,0.41,0.35,0.38,Partidos
237,Fernando González,mx MEX,CC,UANL,21,2001,1,0,13,0.1,0,1,1,0,0,0,0,0,0.0,0.0,0.0,0.1,1,2,1,0.00,6.92,6.92,0.00,6.92,0.24,0.32,0.56,0.24,0.56,Partidos
238,Jair González,mx MEX,"CC,DF",Santos,20,2002,26,17,1359,15.1,0,1,1,0,0,0,1,0,0.4,0.4,1.6,2.0,42,44,104,0.00,0.07,0.07,0.00,0.07,0.03,0.10,0.13,0.03,0.13,Partidos
239,José González,mx MEX,"DL,CC",Guadalajara,23,1998,13,5,493,5.5,1,0,1,1,0,0,1,0,2.4,2.4,0.3,2.7,5,2,29,0.18,0.00,0.18,0.18,0.18,0.43,0.05,0.48,0.43,0.48,Partidos
240,José González,mx MEX,DL,UNAM,17,2004,2,2,90,1.0,0,0,0,0,0,0,0,0,0.0,0.0,0.0,0.0,2,1,10,0.00,0.00,0.00,0.00,0.00,0.01,0.00,0.01,0.01,0.01,Partidos
241,Lucas González,ar ARG,CC,Santos,22,2000,11,5,426,4.7,1,1,2,1,0,0,2,2,0.3,0.3,0.7,1.0,13,29,18,0.21,0.21,0.42,0.21,0.42,0.06,0.16,0.22,0.06,0.22,Partidos
242,Fernando Gorriarán,uy URU,CC,Santos,27,1994,16,16,1374,15.3,3,5,8,0,3,3,8,0,3.5,1.2,2.2,3.4,25,133,59,0.20,0.33,0.52,0.00,0.33,0.23,0.14,0.38,0.08,0.22,Partidos
243,Fernando Gorriarán,uy URU,"CC,DL",UANL,27,1994,15,14,1098,12.2,2,2,4,2,0,0,1,0,2.0,2.0,4.2,6.1,23,75,109,0.16,0.16,0.33,0.16,0.33,0.16,0.34,0.50,0.16,0.50,Partidos
244,Ismael Govea,mx MEX,DF,Tijuana,25,1997,27,25,2291,25.5,0,1,1,0,0,0,4,0,0.4,0.4,1.3,1.7,23,116,72,0.00,0.04,0.04,0.00,0.04,0.01,0.05,0.07,0.01,0.07,Partidos
245,Omar Govea,mx MEX,CC,Monterrey,26,1996,13,2,323,3.6,0,2,2,0,0,0,2,0,0.2,0.2,0.9,1.1,5,31,7,0.00,0.56,0.56,0.00,0.56,0.06,0.26,0.31,0.06,0.31,Partidos
246,Axel Grijalva,mx MEX,DF,Monterrey,22,2000,2,0,57,0.6,0,0,0,0,0,0,0,0,0.0,0.0,0.0,0.0,0,0,1,0.00,0.00,0.00,0.00,0.00,0.00,0.00,0.00,0.00,0.00,Partidos
247,Javier Güemez,mx MEX,CC,Atlético,30,1991,33,28,2430,27.0,1,3,4,1,0,0,5,0,0.6,0.6,1.5,2.1,10,143,18,0.04,0.11,0.15,0.04,0.15,0.02,0.06,0.08,0.02,0.08,Partidos
248,Rafael Guerrero,mx MEX,DF,Cruz Azul,19,2003,12,9,837,9.3,0,0,0,0,0,0,1,0,0.2,0.2,0.0,0.2,2,27,0,0.00,0.00,0.00,0.00,0.00,0.02,0.00,0.02,0.02,0.02,Partidos
249,Emanuel Gularte,uy URU,DF,Puebla,24,1997,19,18,1563,17.4,2,0,2,2,0,0,4,0,1.2,1.2,0.3,1.6,9,44,8,0.12,0.00,0.12,0.12,0.12,0.07,0.02,0.09,0.07,0.09,Partidos
250,Alexis Gutiérrez,mx MEX,CC,Cruz Azul,22,2000,5,3,315,3.5,0,0,0,0,0,0,0,0,0.1,0.1,0.1,0.3,4,14,8,0.00,0.00,0.00,0.00,0.00,0.04,0.04,0.08,0.04,0.08,Partidos
RL,Jugador,País,Posc,Equipo,Edad,Nacimiento,PJ,Titular,Mín,90 s,Gls.,Ass,G+A,G-TP,TP,TPint,TA,TR,xG,npxG,xAG,npxG+xAG,PrgC,PrgP,PrgR,Gls.,Ast,G+A,G-TP,G+A-TP,xG,xAG,xG+xAG,npxG,npxG+xAG,Partidos
251,Carlos Gutiérrez,mx MEX,"DF,DL",UNAM,23,1999,15,3,308,3.4,0,1,1,0,0,0,3,0,0.0,0.0,0.5,0.5,5,8,11,0.00,0.29,0.29,0.00,0.29,0.00,0.16,0.16,0.00,0.16,Partidos
252,Edson Gutiérrez,mx MEX,DF,Monterrey,26,1996,10,6,586,6.5,0,0,0,0,0,0,0,0,0.1,0.1,0.1,0.2,5,15,20,0.00,0.00,0.00,0.00,0.00,0.02,0.01,0.03,0.02,0.03,Partidos
253,Gustavo Gutiérrez,mx MEX,PO,Toluca,25,1996,2,2,180,2.0,0,0,0,0,0,0,0,0,0.0,0.0,0.0,0.0,0,0,0,0.00,0.00,0.00,0.00,0.00,0.00,0.00,0.00,0.00,0.00,Partidos
254,Ricardo Gutiérrez,mx MEX,PO,Mazatlán,25,1997,13,12,1125,12.5,0,0,0,0,0,0,0,0,0.0,0.0,0.0,0.0,0,0,0,0.00,0.00,0.00,0.00,0.00,0.00,0.00,0.00,0.00,0.00,Partidos
255,Carlos Guzmán,mx MEX,DF,Toluca,28,1994,6,5,429,4.8,0,0,0,0,0,0,1,0,0.2,0.2,0.0,0.2,5,12,11,0.00,0.00,0.00,0.00,0.00,0.03,0.00,0.04,0.03,0.04,Partidos
256,Carlos Guzmán,mx MEX,DF,Querétaro,28,1994,10,4,384,4.3,0,0,0,0,0,0,1,0,0.3,0.3,0.0,0.3,4,18,20,0.00,0.00,0.00,0.00,0.00,0.06,0.00,0.06,0.06,0.06,Partidos
257,Nahuel Guzmán,ar ARG,PO,UANL,36,1986,33,33,2925,32.5,0,0,0,0,0,0,3,0,0.0,0.0,0.0,0.0,0,0,0,0.00,0.00,0.00,0.00,0.00,0.00,0.00,0.00,0.00,0.00,Partidos
258,Víctor Guzmán,mx MEX,"CC,DL",Pachuca,27,1995,13,12,853,9.5,0,1,1,0,0,0,1,0,0.8,0.8,1.0,1.8,18,51,70,0.00,0.11,0.11,0.00,0.11,0.09,0.10,0.19,0.09,0.19,Partidos
259,Víctor Guzmán,mx MEX,DF,Tijuana,20,2002,16,16,1395,15.5,1,0,1,1,0,0,1,0,0.5,0.5,0.0,0.5,8,27,3,0.06,0.00,0.06,0.06,0.06,0.03,0.00,0.03,0.03,0.03,Partidos
260,Víctor Guzmán,mx MEX,"CC,DL",Guadalajara,27,1995,15,14,1186,13.2,7,2,9,4,3,3,2,1,4.8,2.5,2.6,5.1,14,83,69,0.53,0.15,0.68,0.30,0.46,0.37,0.20,0.57,0.19,0.39,Partidos
261,Víctor Guzmán,mx MEX,DF,Monterrey,20,2002,15,13,1233,13.7,1,1,2,1,0,0,2,0,0.3,0.3,0.1,0.4,0,15,0,0.07,0.07,0.15,0.07,0.15,0.02,0.00,0.03,0.02,0.03,Partidos
262,Abel Hernández,uy URU,DL,Atlético,31,1990,17,15,1267,14.1,8,0,8,6,2,2,2,0,5.2,3.6,0.8,4.4,4,17,45,0.57,0.00,0.57,0.43,0.43,0.37,0.05,0.42,0.26,0.31,Partidos
263,Daniel Hernández,mx MEX,CC,Puebla,20,2002,1,0,13,0.1,0,0,0,0,0,0,0,0,0.0,0.0,0.0,0.0,0,0,0,0.00,0.00,0.00,0.00,0.00,0.00,0.00,0.00,0.00,0.00,Partidos
264,Elías Hernández,mx MEX,CC,León,34,1988,19,7,694,7.7,0,0,0,0,0,0,0,0,1.0,1.0,3.5,4.5,29,37,69,0.00,0.00,0.00,0.00,0.00,0.13,0.45,0.59,0.13,0.59,Partidos
265,Fernando Hernández,mx MEX,PO,Monterrey,24,1998,1,0,45,0.5,0,0,0,0,0,0,0,0,0.0,0.0,0.0,0.0,0,0,0,0.00,0.00,0.00,0.00,0.00,0.00,0.00,0.00,0.00,0.00,Partidos
266,Illian Hernandez,mx MEX,"DL,CC",Pachuca,22,2000,22,4,635,7.1,4,0,4,4,0,0,2,0,2.6,2.6,0.2,2.9,5,9,29,0.57,0.00,0.57,0.57,0.57,0.37,0.03,0.41,0.37,0.41,Partidos
267,Jesús Hernández,mx MEX,"DL,CC",Pachuca,20,2001,20,17,1116,12.4,1,1,2,1,0,0,2,0,1.4,1.4,2.3,3.7,26,29,118,0.08,0.08,0.16,0.08,0.16,0.11,0.19,0.30,0.11,0.30,Partidos
268,Alberto Herrera,mx MEX,"DF,CC",Puebla,21,2001,9,0,135,1.5,0,0,0,0,0,0,1,0,0.0,0.0,0.3,0.3,6,5,22,0.00,0.00,0.00,0.00,0.00,0.00,0.18,0.18,0.00,0.18,Partidos
269,Ozziel Herrera,mx MEX,"CC,DL",Atlas,21,2001,30,28,2140,23.8,6,5,11,6,0,0,4,0,5.4,5.4,5.4,10.8,69,65,122,0.25,0.21,0.46,0.25,0.46,0.23,0.23,0.45,0.23,0.45,Partidos
270,Higor,br BRA,CC,UNAM,28,1994,24,20,1680,18.7,0,2,2,0,0,0,6,1,1.7,1.7,1.3,3.0,20,101,33,0.00,0.11,0.11,0.00,0.11,0.09,0.07,0.16,0.09,0.16,Partidos
271,Marino Hinestroza,co COL,"DL,CC",Pachuca,20,2002,26,2,710,7.9,1,2,3,1,0,0,4,0,1.3,1.3,0.9,2.2,31,13,71,0.13,0.25,0.38,0.13,0.38,0.17,0.12,0.28,0.17,0.28,Partidos
272,César Huerta,mx MEX,"CC,DL",UNAM,21,2000,26,16,1545,17.2,2,2,4,2,0,0,6,1,2.1,2.1,2.1,4.2,79,41,93,0.12,0.12,0.23,0.12,0.23,0.12,0.12,0.24,0.12,0.24,Partidos
273,Valber Huerta,cl CHI,DF,Toluca,28,1993,34,34,3060,34.0,2,0,2,2,0,0,3,0,2.0,2.0,0.4,2.4,15,136,7,0.06,0.00,0.06,0.06,0.06,0.06,0.01,0.07,0.06,0.07,Partidos
274,Rodrigo Huescas,mx MEX,"DF,CC",Cruz Azul,18,2003,27,12,1382,15.4,4,5,9,4,0,0,1,0,2.3,2.3,2.2,4.5,42,40,91,0.26,0.33,0.59,0.26,0.59,0.15,0.14,0.29,0.15,0.29,Partidos
275,Avilés Hurtado,co COL,"DL,CC",Pachuca,35,1987,31,27,2152,23.9,4,8,12,4,0,0,7,0,3.4,3.4,5.5,8.9,132,104,189,0.17,0.33,0.50,0.17,0.50,0.14,0.23,0.37,0.14,0.37,Partidos
RL,Jugador,País,Posc,Equipo,Edad,Nacimiento,PJ,Titular,Mín,90 s,Gls.,Ass,G+A,G-TP,TP,TPint,TA,TR,xG,npxG,xAG,npxG+xAG,PrgC,PrgP,PrgR,Gls.,Ast,G+A,G-TP,G+A-TP,xG,xAG,xG+xAG,npxG,npxG+xAG,Partidos
276,Nicolás Ibáñez,ar ARG,DL,Pachuca,27,1994,18,16,1464,16.3,13,0,13,12,1,2,2,0,9.9,8.3,1.3,9.6,25,23,83,0.80,0.00,0.80,0.74,0.74,0.61,0.08,0.69,0.51,0.59,Partidos
277,Nicolás Ibáñez,ar ARG,DL,UANL,27,1994,14,10,795,8.8,3,1,4,2,1,1,2,0,3.4,2.6,0.4,3.0,8,6,45,0.34,0.11,0.45,0.23,0.34,0.38,0.05,0.43,0.30,0.34,Partidos
278,Javier Ibarra,mx MEX,CC,León,24,1998,5,0,69,0.8,0,0,0,0,0,0,0,0,0.2,0.2,0.0,0.2,2,2,2,0.00,0.00,0.00,0.00,0.00,0.27,0.00,0.27,0.27,0.27,Partidos
279,Renato Ibarra,ec ECU,"DL,CC",Tijuana,31,1991,14,5,588,6.5,2,1,3,2,0,0,1,0,2.1,2.1,1.5,3.5,23,33,37,0.31,0.15,0.46,0.31,0.46,0.32,0.22,0.54,0.32,0.54,Partidos
280,Romario Ibarra,ec ECU,"DL,CC",Pachuca,27,1994,10,7,500,5.6,1,0,1,1,0,0,1,1,0.9,0.9,0.3,1.2,29,12,53,0.18,0.00,0.18,0.18,0.18,0.16,0.05,0.21,0.16,0.21,Partidos
281,Juan Ignacio Dinenno,ar ARG,DL,UNAM,27,1994,34,32,2777,30.9,14,4,18,12,2,3,7,0,15.1,12.9,2.2,15.1,30,52,167,0.45,0.13,0.58,0.39,0.52,0.49,0.07,0.56,0.42,0.49,Partidos
282,Fernando Illescas,mx MEX,"DL,DF",Mazatlán,23,1999,8,1,183,2.0,1,0,1,1,0,0,0,0,0.3,0.3,0.2,0.5,1,2,22,0.49,0.00,0.49,0.49,0.49,0.14,0.09,0.24,0.14,0.24,Partidos
283,Andrés Iniestra,mx MEX,CC,Atlético,26,1996,15,11,880,9.8,0,0,0,0,0,0,0,0,0.1,0.1,0.1,0.2,10,37,6,0.00,0.00,0.00,0.00,0.00,0.01,0.01,0.02,0.01,0.02,Partidos
284,Jefferson Intriago,ec ECU,CC,Mazatlán,26,1996,27,26,2307,25.6,0,1,1,0,0,0,8,0,0.4,0.4,0.6,1.0,23,145,31,0.00,0.04,0.04,0.00,0.04,0.01,0.02,0.04,0.01,0.04,Partidos
285,Hugo Isaác Rodríguez,mx MEX,DF,Santos,32,1990,31,29,2506,27.8,2,1,3,2,0,0,7,1,0.8,0.8,0.5,1.3,6,42,2,0.07,0.04,0.11,0.07,0.11,0.03,0.02,0.05,0.03,0.05,Partidos
286,Mauricio Isais,mx MEX,DF,Pachuca,21,2001,32,31,2632,29.2,2,1,3,2,0,0,7,0,3.1,3.1,1.2,4.3,68,131,89,0.07,0.03,0.10,0.07,0.10,0.10,0.04,0.15,0.10,0.15,Partidos
287,Omar Israel Mendoza,mx MEX,DF,Querétaro,33,1988,28,25,2026,22.5,0,2,2,0,0,0,10,1,0.1,0.1,1.6,1.7,27,86,56,0.00,0.09,0.09,0.00,0.09,0.00,0.07,0.08,0.00,0.08,Partidos
288,Edgar Iván López,mx MEX,DL,Toluca,23,1999,16,12,904,10.0,3,2,5,3,0,0,0,0,,,,,,,,0.30,0.20,0.50,0.30,0.50,,,,,,Partidos
289,Edgar Iván López,mx MEX,DL,Tijuana,23,1999,11,7,595,6.6,2,0,2,2,0,0,0,0,,,,,,,,0.30,0.00,0.30,0.30,0.30,,,,,,Partidos
290,José Iván Rodríguez,mx MEX,CC,León,26,1996,24,21,1901,21.1,0,1,1,0,0,0,2,1,0.3,0.3,0.3,0.6,20,88,17,0.00,0.05,0.05,0.00,0.05,0.01,0.02,0.03,0.01,0.03,Partidos
291,Kenneth Jaime,mx MEX,DF,UANL,18,2004,1,1,45,0.5,0,0,0,0,0,0,0,0,0.0,0.0,0.0,0.0,1,3,2,0.00,0.00,0.00,0.00,0.00,0.00,0.00,0.00,0.00,0.00,Partidos
292,José de Jesús Godínez,mx MEX,DL,Necaxa,25,1997,11,1,220,2.4,0,0,0,0,0,0,1,0,0.2,0.2,0.5,0.7,3,4,17,0.00,0.00,0.00,0.00,0.00,0.08,0.20,0.28,0.08,0.28,Partidos
293,Cristian Jiménez,mx MEX,CC,Cruz Azul,20,2002,1,0,45,0.5,0,0,0,0,0,0,0,0,0.1,0.1,0.0,0.1,0,2,0,0.00,0.00,0.00,0.00,0.00,0.15,0.00,0.15,0.15,0.15,Partidos
294,Jaiber Jiménez,mx MEX,DF,Cruz Azul,27,1995,3,3,268,3.0,0,0,0,0,0,0,1,0,0.0,0.0,0.0,0.0,6,7,6,0.00,0.00,0.00,0.00,0.00,0.01,0.00,0.01,0.01,0.01,Partidos
295,Oscar Jiménez,mx MEX,PO,América,33,1988,11,11,990,11.0,0,0,0,0,0,0,4,0,0.0,0.0,0.0,0.0,0,0,0,0.00,0.00,0.00,0.00,0.00,0.00,0.00,0.00,0.00,0.00,Partidos
296,Miguel Jiménez Ponce,mx MEX,PO,Guadalajara,32,1990,34,34,3060,34.0,0,0,0,0,0,0,2,0,0.0,0.0,0.1,0.1,0,0,0,0.00,0.00,0.00,0.00,0.00,0.00,0.00,0.00,0.00,0.00,Partidos
297,José Joaquín Esquivel,mx MEX,CC,Necaxa,24,1998,33,30,2605,28.9,0,0,0,0,0,0,11,0,0.3,0.3,0.6,0.9,10,120,18,0.00,0.00,0.00,0.00,0.00,0.01,0.02,0.03,0.01,0.03,Partidos
298,José Joaquín Martínez,mx MEX,"DF,CC",Cruz Azul,35,1987,11,6,467,5.2,0,0,0,0,0,0,3,0,0.2,0.2,0.7,0.9,8,20,13,0.00,0.00,0.00,0.00,0.00,0.03,0.14,0.18,0.03,0.18,Partidos
299,Julio José González,mx MEX,PO,UNAM,31,1991,20,20,1800,20.0,1,0,1,1,0,0,2,0,0.1,0.1,0.3,0.4,0,0,0,0.05,0.00,0.05,0.05,0.05,0.01,0.02,0.02,0.01,0.02,Partidos
300,Alberto Joshimar Acosta,mx MEX,DF,FC Juárez,34,1988,14,12,913,10.1,0,0,0,0,0,0,5,2,0.1,0.1,0.1,0.2,17,61,22,0.00,0.00,0.00,0.00,0.00,0.01,0.01,0.02,0.01,0.02,Partidos
RL,Jugador,País,Posc,Equipo,Edad,Nacimiento,PJ,Titular,Mín,90 s,Gls.,Ass,G+A,G-TP,TP,TPint,TA,TR,xG,npxG,xAG,npxG+xAG,PrgC,PrgP,PrgR,Gls.,Ast,G+A,G-TP,G+A-TP,xG,xAG,xG+xAG,npxG,npxG+xAG,Partidos
301,Joao Joshimar Rojas,ec ECU,"CC,DL",Monterrey,24,1997,6,0,103,1.1,0,2,2,0,0,1,0,0,0.8,0.0,1.0,1.1,12,6,16,0.00,1.75,1.75,0.00,1.75,0.72,0.90,1.62,0.03,0.93,Partidos
302,José Juan Vázquez,mx MEX,CC,Tijuana,34,1988,25,20,1642,18.2,0,0,0,0,0,0,3,0,0.3,0.3,0.3,0.6,8,74,24,0.00,0.00,0.00,0.00,0.00,0.02,0.02,0.03,0.02,0.03,Partidos
303,Ramón Juárez,mx MEX,DF,Atlético,21,2001,10,8,723,8.0,0,0,0,0,0,0,2,0,0.6,0.6,0.0,0.6,0,4,0,0.00,0.00,0.00,0.00,0.00,0.08,0.00,0.08,0.08,0.08,Partidos
304,Heriberto Jurado,mx MEX,"CC,DL",Necaxa,17,2005,23,6,754,8.4,0,1,1,0,0,0,1,1,0.7,0.7,1.5,2.2,22,10,56,0.00,0.12,0.12,0.00,0.12,0.08,0.18,0.27,0.08,0.27,Partidos
305,Sebastián Jurado,mx MEX,PO,Cruz Azul,24,1997,11,11,989,11.0,0,0,0,0,0,0,1,1,0.0,0.0,0.0,0.0,0,0,0,0.00,0.00,0.00,0.00,0.00,0.00,0.00,0.00,0.00,0.00,Partidos
306,Mateo Klimowicz,de GER,"CC,DL",Atlético,22,2000,14,7,651,7.2,1,1,2,1,0,0,0,0,1.3,1.3,1.2,2.5,25,32,25,0.14,0.14,0.28,0.14,0.28,0.18,0.17,0.35,0.18,0.35,Partidos
307,Matías Kranevitter,ar ARG,CC,Monterrey,29,1993,15,8,737,8.2,0,0,0,0,0,0,3,0,0.1,0.1,0.1,0.2,8,38,2,0.00,0.00,0.00,0.00,0.00,0.02,0.01,0.03,0.02,0.03,Partidos
308,Roberto de la Rosa,mx MEX,DL,Pachuca,22,2000,27,20,1541,17.1,3,2,5,2,1,1,0,0,6.4,5.6,1.2,6.8,23,27,122,0.18,0.12,0.29,0.12,0.23,0.37,0.07,0.44,0.33,0.40,Partidos
309,Diego Lainez,mx MEX,"DL,CC",UANL,22,2000,12,4,431,4.8,0,0,0,0,0,0,3,0,0.7,0.7,0.3,1.0,25,18,36,0.00,0.00,0.00,0.00,0.00,0.15,0.05,0.21,0.15,0.21,Partidos
310,Mauro Laínez,mx MEX,"DL,CC",FC Juárez,26,1996,26,3,676,7.5,1,1,2,1,0,0,4,0,0.5,0.5,0.6,1.0,36,24,62,0.13,0.13,0.27,0.13,0.27,0.06,0.08,0.14,0.06,0.14,Partidos
311,Gibran Lajud,mx MEX,PO,Santos,28,1993,1,1,90,1.0,0,0,0,0,0,0,0,0,0.0,0.0,0.0,0.0,0,0,0,0.00,0.00,0.00,0.00,0.00,0.00,0.00,0.00,0.00,0.00,Partidos
312,Emilio Lara,mx MEX,DF,América,20,2002,24,21,1872,20.8,1,4,5,1,0,0,2,0,0.6,0.6,1.3,1.9,30,53,86,0.05,0.19,0.24,0.05,0.24,0.03,0.06,0.09,0.03,0.09,Partidos
313,Israel Larios,mx MEX,CC,Atlas,19,2003,1,0,7,0.1,0,0,0,0,0,0,0,0,0.0,0.0,0.0,0.0,0,0,2,0.00,0.00,0.00,0.00,0.00,0.00,0.00,0.00,0.00,0.00,Partidos
314,Miguel Layún,mx MEX,DF,América,34,1988,22,15,1486,16.5,0,6,6,0,0,0,3,0,0.6,0.6,3.4,4.0,22,55,126,0.00,0.36,0.36,0.00,0.36,0.03,0.20,0.24,0.03,0.24,Partidos
315,Federico Lértora,ar ARG,CC,Tijuana,32,1990,30,30,2651,29.5,2,0,2,2,0,0,9,1,2.6,2.6,1.4,4.0,23,122,35,0.07,0.00,0.07,0.07,0.07,0.09,0.05,0.14,0.09,0.14,Partidos
316,Dario Lezcano,py PAR,"DL,CC",FC Juárez,32,1990,14,4,433,4.8,4,0,4,4,0,0,1,0,1.4,1.4,0.1,1.5,3,6,30,0.83,0.00,0.83,0.83,0.83,0.28,0.03,0.31,0.28,0.31,Partidos
317,Igor Lichnovsky,cl CHI,DF,UANL,28,1994,27,25,2222,24.7,0,0,0,0,0,0,10,1,0.9,0.9,0.5,1.4,20,84,4,0.00,0.00,0.00,0.00,0.00,0.04,0.02,0.05,0.04,0.05,Partidos
318,Erik Lira,mx MEX,CC,Cruz Azul,22,2000,32,30,2543,28.3,0,1,1,0,0,0,5,0,0.6,0.6,0.6,1.2,11,130,24,0.00,0.04,0.04,0.00,0.04,0.02,0.02,0.04,0.02,0.04,Partidos
319,Aldo Llanas,,CC,Toluca,,,2,0,2,0.0,0,0,0,0,0,0,0,0,0.0,0.0,0.0,0.0,0,0,0,0.00,0.00,0.00,0.00,0.00,0.00,0.00,0.00,0.00,0.00,Partidos
320,Aldo López,mx MEX,CC,Santos,22,2000,25,12,1260,14.0,0,0,0,0,0,0,2,0,0.3,0.3,0.2,0.4,4,54,18,0.00,0.00,0.00,0.00,0.00,0.02,0.01,0.03,0.02,0.03,Partidos
321,Gabriel López,mx MEX,"DL,CC",Mazatlán,19,2003,2,0,24,0.3,1,0,1,1,0,0,0,0,0.1,0.1,0.0,0.1,1,2,1,3.75,0.00,3.75,3.75,3.75,0.25,0.00,0.25,0.25,0.25,Partidos
322,Raúl López Gómez,mx MEX,DF,Santos,29,1993,13,13,959,10.7,0,1,1,0,0,0,0,0,0.5,0.5,1.1,1.6,20,35,42,0.00,0.09,0.09,0.00,0.09,0.05,0.10,0.15,0.05,0.15,Partidos
323,Raúl López Gómez,mx MEX,DF,Toluca,29,1993,10,7,566,6.3,0,0,0,0,0,0,0,0,0.2,0.2,0.5,0.7,8,15,22,0.00,0.00,0.00,0.00,0.00,0.02,0.08,0.11,0.02,0.11,Partidos
324,Leonel López,mx MEX,CC,Tijuana,28,1994,11,6,535,5.9,0,0,0,0,0,0,1,0,0.6,0.6,0.8,1.4,10,44,11,0.00,0.00,0.00,0.00,0.00,0.11,0.13,0.24,0.11,0.24,Partidos
325,Leonel López,mx MEX,CC,UNAM,28,1994,14,11,844,9.4,0,4,4,0,0,0,6,0,0.4,0.4,1.5,1.9,17,82,25,0.00,0.43,0.43,0.00,0.43,0.04,0.16,0.20,0.04,0.20,Partidos
RL,Jugador,País,Posc,Equipo,Edad,Nacimiento,PJ,Titular,Mín,90 s,Gls.,Ass,G+A,G-TP,TP,TPint,TA,TR,xG,npxG,xAG,npxG+xAG,PrgC,PrgP,PrgR,Gls.,Ast,G+A,G-TP,G+A-TP,xG,xAG,xG+xAG,npxG,npxG+xAG,Partidos
326,Lisandro López,ar ARG,DF,Tijuana,32,1989,27,26,2223,24.7,4,0,4,2,2,3,6,0,3.5,1.1,0.6,1.7,22,103,5,0.16,0.00,0.16,0.08,0.08,0.14,0.02,0.16,0.04,0.07,Partidos
327,Nicolás López,uy URU,"DL,CC",UANL,28,1993,20,7,646,7.2,2,3,5,1,1,1,4,0,2.5,1.7,2.1,3.9,15,38,57,0.28,0.42,0.70,0.14,0.56,0.35,0.30,0.65,0.24,0.54,Partidos
328,Rodrigo López,mx MEX,CC,Querétaro,34,1987,28,17,1403,15.6,2,0,2,2,0,0,6,0,1.5,1.5,1.1,2.7,24,71,61,0.13,0.00,0.13,0.13,0.13,0.10,0.07,0.17,0.10,0.17,Partidos
329,Vladimir Loroña,mx MEX,"DF,CC",UANL,23,1998,11,8,612,6.8,0,1,1,0,0,0,1,0,0.0,0.0,0.8,0.8,12,21,29,0.00,0.15,0.15,0.00,0.15,0.00,0.11,0.11,0.00,0.11,Partidos
330,Augusto Lotti,it ITA,"DL,CC",Cruz Azul,26,1996,15,5,564,6.3,3,2,5,3,0,0,1,0,2.9,2.9,0.9,3.9,6,5,41,0.48,0.32,0.80,0.48,0.80,0.47,0.15,0.62,0.47,0.62,Partidos
331,Brian Lozano,uy URU,"CC,DF",Santos,28,1994,2,1,109,1.2,1,1,2,0,1,1,0,0,0.9,0.1,0.7,0.9,5,2,3,0.83,0.83,1.65,0.00,0.83,0.75,0.61,1.36,0.10,0.71,Partidos
332,Brian Lozano,uy URU,CC,Atlas,28,1994,16,12,1061,11.8,6,0,6,6,0,0,5,1,1.6,1.6,1.2,2.8,45,73,71,0.51,0.00,0.51,0.51,0.51,0.13,0.10,0.24,0.13,0.24,Partidos
333,Esteban Lozano,mx MEX,CC,América,19,2003,1,0,14,0.2,0,0,0,0,0,0,0,0,0.1,0.1,0.0,0.1,0,0,1,0.00,0.00,0.00,0.00,0.00,0.36,0.00,0.36,0.36,0.36,Partidos
334,José Lozano,mx MEX,"CC,DF",Santos,23,1998,12,1,251,2.8,1,0,1,1,0,0,0,0,0.7,0.7,0.0,0.7,4,10,21,0.36,0.00,0.36,0.36,0.36,0.26,0.01,0.27,0.26,0.27,Partidos
335,Lucao,br BRA,DF,Puebla,29,1993,23,16,1474,16.4,1,1,2,1,0,0,6,0,0.8,0.8,0.6,1.4,8,44,12,0.06,0.06,0.12,0.06,0.12,0.05,0.04,0.09,0.05,0.09,Partidos
336,Israel Luna,mx MEX,"CC,DL",Pachuca,20,2002,25,7,819,9.1,3,0,3,3,0,0,3,0,1.4,1.4,0.6,1.9,19,31,40,0.33,0.00,0.33,0.33,0.33,0.15,0.06,0.21,0.15,0.21,Partidos
337,Darwin Machís,ve VEN,"DL,CC",FC Juárez,29,1993,10,7,510,5.7,1,0,1,0,1,1,1,0,1.3,0.5,0.3,0.9,8,22,39,0.18,0.00,0.18,0.00,0.00,0.23,0.06,0.29,0.09,0.15,Partidos
338,Fernando Madrigal,mx MEX,CC,Necaxa,30,1991,33,23,2160,24.0,1,1,2,1,0,0,4,0,2.7,2.7,2.3,5.1,39,102,72,0.04,0.04,0.08,0.04,0.08,0.11,0.10,0.21,0.11,0.21,Partidos
339,José Madueña,mx MEX,"DF,CC",Querétaro,32,1990,9,4,438,4.9,0,1,1,0,0,0,1,0,0.1,0.1,0.2,0.3,12,17,12,0.00,0.21,0.21,0.00,0.21,0.03,0.04,0.06,0.03,0.06,Partidos
340,Joshua Mancha,mx MEX,"DL,DF",Santos,17,2004,2,0,13,0.1,0,0,0,0,0,0,0,0,0.0,0.0,0.0,0.0,1,0,0,0.00,0.00,0.00,0.00,0.00,0.00,0.00,0.00,0.00,0.00,Partidos
341,Federico Mancuello,ar ARG,CC,Puebla,33,1989,34,34,2880,32.0,5,8,13,5,0,0,5,0,4.1,4.1,5.7,9.8,55,201,83,0.16,0.25,0.41,0.16,0.41,0.13,0.18,0.31,0.13,0.31,Partidos
342,Mauro Manotas,co COL,"DL,CC",Atlas,27,1995,5,0,97,1.1,0,0,0,0,0,0,0,0,0.5,0.5,0.7,1.2,3,0,8,0.00,0.00,0.00,0.00,0.00,0.44,0.65,1.09,0.44,1.09,Partidos
343,Óscar Manzanarez,mx MEX,DF,Santos,27,1995,6,4,421,4.7,0,0,0,0,0,0,3,0,0.0,0.0,0.0,0.0,1,18,3,0.00,0.00,0.00,0.00,0.00,0.00,0.00,0.00,0.00,0.00,Partidos
344,Javier Marcelo Correa,ar ARG,"DL,CC",Santos,29,1992,32,19,1885,20.9,12,1,13,11,1,1,7,1,11.0,10.2,1.9,12.1,39,52,111,0.57,0.05,0.62,0.53,0.57,0.53,0.09,0.61,0.49,0.58,Partidos
345,Jahaziel Marchand,mx MEX,CC,Pachuca,20,2001,3,1,48,0.5,0,0,0,0,0,0,1,0,0.0,0.0,0.0,0.0,0,1,0,0.00,0.00,0.00,0.00,0.00,0.00,0.00,0.00,0.00,0.00,Partidos
346,Salvador Mariscal,mx MEX,CC,Santos,19,2003,11,5,549,6.1,0,0,0,0,0,0,1,0,0.1,0.1,0.0,0.2,1,16,4,0.00,0.00,0.00,0.00,0.00,0.02,0.01,0.03,0.02,0.03,Partidos
347,Ángel Márquez,mx MEX,CC,Atlas,22,2000,30,18,1640,18.2,1,3,4,1,0,0,2,0,1.4,1.4,3.1,4.4,23,85,57,0.05,0.16,0.22,0.05,0.22,0.08,0.17,0.24,0.08,0.24,Partidos
348,Henry Martín,mx MEX,DL,América,29,1992,34,29,2548,28.3,24,10,34,19,5,6,2,0,17.4,12.7,6.0,18.7,23,55,176,0.85,0.35,1.20,0.67,1.02,0.62,0.21,0.83,0.45,0.66,Partidos
349,Alejandro Martínez,ar ARG,"DF,DL",Tijuana,25,1997,14,8,781,8.7,1,1,2,1,0,0,1,0,0.7,0.7,1.2,2.0,40,37,84,0.12,0.12,0.23,0.12,0.23,0.08,0.14,0.23,0.08,0.23,Partidos
350,Guillermo Martínez Ayala,mx MEX,"DL,CC",Puebla,27,1995,18,5,573,6.4,6,2,8,5,1,1,3,1,3.7,2.9,0.6,3.5,1,8,20,0.94,0.31,1.26,0.79,1.10,0.58,0.09,0.67,0.46,0.55,Partidos
RL,Jugador,País,Posc,Equipo,Edad,Nacimiento,PJ,Titular,Mín,90 s,Gls.,Ass,G+A,G-TP,TP,TPint,TA,TR,xG,npxG,xAG,npxG+xAG,PrgC,PrgP,PrgR,Gls.,Ast,G+A,G-TP,G+A-TP,xG,xAG,xG+xAG,npxG,npxG+xAG,Partidos
351,Enzo Martínez,uy URU,DF,Pachuca,24,1998,5,5,433,4.8,0,0,0,0,0,0,2,0,0.2,0.2,0.0,0.2,3,21,0,0.00,0.00,0.00,0.00,0.00,0.05,0.00,0.05,0.05,0.05,Partidos
352,Enzo Martínez,uy URU,DF,Querétaro,24,1998,7,7,556,6.2,0,0,0,0,0,0,4,0,0.2,0.2,0.0,0.3,4,23,0,0.00,0.00,0.00,0.00,0.00,0.04,0.01,0.04,0.04,0.04,Partidos
353,Federico Martínez,uy URU,"DL,CC",León,26,1996,10,7,493,5.5,2,0,2,2,0,0,0,0,0.3,0.3,0.6,0.9,11,11,25,0.37,0.00,0.37,0.37,0.37,0.06,0.12,0.17,0.06,0.17,Partidos
354,Emilio Martínez González,mx MEX,DF,Puebla,19,2003,17,14,1054,11.7,0,0,0,0,0,0,4,0,0.2,0.2,0.2,0.3,7,20,23,0.00,0.00,0.00,0.00,0.00,0.02,0.01,0.03,0.02,0.03,Partidos
355,Jaziel Martínez,mx MEX,CC,Atlas,21,2000,13,6,538,6.0,0,1,1,0,0,0,1,0,0.2,0.2,0.5,0.7,6,40,13,0.00,0.17,0.17,0.00,0.17,0.04,0.09,0.12,0.04,0.12,Partidos
356,Jaziel Martínez,mx MEX,"CC,DL",Monterrey,21,2000,2,0,7,0.1,1,0,1,1,0,0,0,0,0.1,0.1,0.0,0.1,0,0,1,12.86,0.00,12.86,12.86,12.86,1.40,0.00,1.40,1.40,1.40,Partidos
357,Juan Martínez,mx MEX,DF,Atlético,23,1999,3,2,115,1.3,0,0,0,0,0,0,1,1,0.0,0.0,0.0,0.0,0,2,2,0.00,0.00,0.00,0.00,0.00,0.00,0.00,0.00,0.00,0.00,Partidos
358,Roger Martínez,co COL,"DL,CC",América,28,1994,15,3,395,4.4,3,0,3,3,0,0,1,0,1.2,1.2,0.4,1.6,26,31,42,0.68,0.00,0.68,0.68,0.68,0.28,0.08,0.36,0.28,0.36,Partidos
359,Román Martínez,mx MEX,"DL,CC",América,19,2002,3,1,102,1.1,0,0,0,0,0,0,1,0,0.2,0.2,0.1,0.3,2,1,9,0.00,0.00,0.00,0.00,0.00,0.16,0.12,0.27,0.16,0.27,Partidos
360,Sebastián Martínez,mx MEX,CC,América,19,2003,1,0,5,0.1,0,0,0,0,0,0,0,0,0.0,0.0,0.0,0.0,0,0,0,0.00,0.00,0.00,0.00,0.00,0.00,0.00,0.00,0.00,0.00,Partidos
361,Alejandro Mayorga,mx MEX,DF,Cruz Azul,25,1997,5,5,430,4.8,0,0,0,0,0,0,1,0,0.1,0.1,0.2,0.3,3,14,9,0.00,0.00,0.00,0.00,0.00,0.02,0.04,0.06,0.02,0.06,Partidos
362,Alejandro Mayorga,mx MEX,DF,Guadalajara,25,1997,9,4,355,3.9,1,0,1,1,0,0,2,0,0.3,0.3,0.1,0.4,16,23,13,0.25,0.00,0.25,0.25,0.25,0.09,0.02,0.11,0.09,0.11,Partidos
363,Alan Medina,mx MEX,"CC,DL",FC Juárez,24,1997,29,22,1852,20.6,6,2,8,6,0,0,2,0,3.8,3.8,1.4,5.2,88,84,152,0.29,0.10,0.39,0.29,0.39,0.19,0.07,0.25,0.19,0.25,Partidos
364,Diego Medina,mx MEX,"CC,DL",Santos,21,2001,23,11,964,10.7,4,0,4,4,0,0,1,0,1.9,1.9,1.2,3.1,39,39,85,0.37,0.00,0.37,0.37,0.37,0.18,0.11,0.29,0.18,0.29,Partidos
365,Stefan Medina,co COL,DF,Monterrey,30,1992,29,29,2514,27.9,3,1,4,3,0,0,9,0,0.9,0.9,1.5,2.4,24,81,45,0.11,0.04,0.14,0.11,0.14,0.03,0.05,0.09,0.03,0.09,Partidos
366,Ángel Mena,ec ECU,"CC,DL",León,34,1988,29,21,1688,18.8,3,4,7,1,2,2,2,0,5.8,4.2,3.2,7.4,74,98,155,0.16,0.21,0.37,0.05,0.27,0.31,0.17,0.48,0.22,0.39,Partidos
367,Édgar Méndez,es ESP,"DL,CC",Necaxa,32,1990,24,19,1616,18.0,6,0,6,5,1,2,9,1,5.0,3.4,0.9,4.3,38,36,133,0.33,0.00,0.33,0.28,0.28,0.28,0.05,0.33,0.19,0.24,Partidos
368,Jean Meneses,cl CHI,"CC,DL",Toluca,29,1993,33,32,2676,29.7,8,7,15,8,0,0,6,1,6.6,6.6,5.9,12.5,89,135,228,0.27,0.24,0.50,0.27,0.50,0.22,0.20,0.42,0.22,0.42,Partidos
369,Roberto Meraz,mx MEX,CC,Mazatlán,22,1999,31,27,2313,25.7,2,1,3,2,0,0,8,1,1.2,1.2,1.0,2.1,6,71,38,0.08,0.04,0.12,0.08,0.12,0.04,0.04,0.08,0.04,0.08,Partidos
370,Jorge Meré,es ESP,DF,Mazatlán,25,1997,6,5,406,4.5,0,0,0,0,0,0,0,0,0.0,0.0,0.0,0.0,1,4,0,0.00,0.00,0.00,0.00,0.00,0.00,0.00,0.00,0.00,0.00,Partidos
371,Sabin Merino,es ESP,DL,Atlético,30,1992,21,2,314,3.5,2,0,2,1,1,1,1,0,2.3,1.6,0.1,1.7,9,10,33,0.57,0.00,0.57,0.29,0.29,0.67,0.03,0.70,0.44,0.47,Partidos
372,Maximiliano Meza,ar ARG,"CC,DL",Monterrey,29,1992,31,25,2113,23.5,3,5,8,3,0,0,9,0,3.5,3.5,4.5,7.9,77,130,112,0.13,0.21,0.34,0.13,0.34,0.15,0.19,0.34,0.15,0.34,Partidos
373,Hiram Mier,mx MEX,DF,Guadalajara,32,1989,8,4,341,3.8,0,0,0,0,0,0,0,0,0.0,0.0,0.2,0.2,1,10,0,0.00,0.00,0.00,0.00,0.00,0.00,0.05,0.05,0.00,0.05,Partidos
374,Jesús Molina,mx MEX,CC,UNAM,34,1988,14,10,883,9.8,0,0,0,0,0,0,1,0,0.6,0.6,0.6,1.2,3,23,4,0.00,0.00,0.00,0.00,0.00,0.06,0.06,0.12,0.06,0.12,Partidos
375,Tomás Molina,ar ARG,DL,FC Juárez,27,1995,13,9,846,9.4,4,0,4,4,0,0,2,0,2.6,2.6,0.6,3.2,21,14,62,0.43,0.00,0.43,0.43,0.43,0.28,0.06,0.34,0.28,0.34,Partidos
RL,Jugador,País,Posc,Equipo,Edad,Nacimiento,PJ,Titular,Mín,90 s,Gls.,Ass,G+A,G-TP,TP,TPint,TA,TR,xG,npxG,xAG,npxG+xAG,PrgC,PrgP,PrgR,Gls.,Ast,G+A,G-TP,G+A-TP,xG,xAG,xG+xAG,npxG,npxG+xAG,Partidos
376,Ricardo Monreal,mx MEX,"DL,CC",Necaxa,21,2001,25,8,828,9.2,2,3,5,2,0,0,1,0,1.8,1.8,1.2,3.0,15,32,67,0.22,0.33,0.54,0.22,0.54,0.19,0.13,0.33,0.19,0.33,Partidos
377,Pablo Monroy,mx MEX,DF,UNAM,20,2002,10,10,874,9.7,0,2,2,0,0,0,5,0,0.2,0.2,1.1,1.4,12,20,27,0.00,0.21,0.21,0.00,0.21,0.03,0.11,0.14,0.03,0.14,Partidos
378,Andres Montaño,mx MEX,CC,Mazatlán,20,2002,22,14,1160,12.9,2,0,2,2,0,0,1,0,1.4,1.4,1.3,2.7,17,78,28,0.16,0.00,0.16,0.16,0.16,0.11,0.10,0.21,0.11,0.21,Partidos
379,Joaquín Montecinos,cl CHI,DL,Tijuana,26,1995,27,19,1398,15.5,2,3,5,2,0,0,4,0,2.1,2.1,2.9,5.0,40,38,146,0.13,0.19,0.32,0.13,0.32,0.14,0.19,0.32,0.14,0.32,Partidos
380,César Montes,mx MEX,DF,Monterrey,25,1997,13,8,772,8.6,0,0,0,0,0,0,4,0,0.1,0.1,0.3,0.4,5,23,1,0.00,0.00,0.00,0.00,0.00,0.02,0.03,0.05,0.02,0.05,Partidos
381,Luis Montes,mx MEX,CC,León,36,1986,14,12,871,9.7,0,0,0,0,0,0,4,0,0.7,0.7,1.7,2.4,18,64,29,0.00,0.00,0.00,0.00,0.00,0.07,0.18,0.25,0.07,0.25,Partidos
382,Adrián Mora,mx MEX,DF,FC Juárez,24,1997,5,2,266,3.0,0,0,0,0,0,0,1,0,0.0,0.0,0.1,0.1,0,10,0,0.00,0.00,0.00,0.00,0.00,0.01,0.02,0.03,0.01,0.03,Partidos
383,Iván Morales Bravo,cl CHI,"DL,CC",Cruz Azul,23,1999,17,4,460,5.1,2,0,2,1,1,1,1,1,1.2,0.4,0.2,0.7,7,8,18,0.39,0.00,0.39,0.20,0.20,0.24,0.04,0.28,0.09,0.13,Partidos
384,Carlos Moreno,mx MEX,PO,Pachuca,24,1998,4,3,315,3.5,0,0,0,0,0,0,2,0,0.0,0.0,0.0,0.0,0,0,0,0.00,0.00,0.00,0.00,0.00,0.00,0.00,0.00,0.00,0.00,Partidos
385,Héctor Moreno,mx MEX,DF,Monterrey,34,1988,29,22,1875,20.8,0,0,0,0,0,0,3,0,1.1,0.9,0.5,1.4,12,74,3,0.00,0.00,0.00,0.00,0.00,0.05,0.02,0.08,0.04,0.07,Partidos
386,Iker Moreno,mx MEX,DL,América,18,2003,1,0,51,0.6,0,0,0,0,0,0,0,0,0.2,0.2,0.0,0.2,1,2,4,0.00,0.00,0.00,0.00,0.00,0.36,0.00,0.36,0.36,0.36,Partidos
387,Iván Moreno,mx MEX,"CC,DL",Puebla,24,1998,16,9,774,8.6,0,0,0,0,0,0,1,0,1.0,1.0,0.4,1.4,32,23,47,0.00,0.00,0.00,0.00,0.00,0.11,0.05,0.16,0.11,0.16,Partidos
388,Iván Moreno,mx MEX,DF,León,24,1998,16,15,1292,14.4,1,4,5,1,0,0,4,0,1.4,1.4,1.8,3.2,45,44,78,0.07,0.28,0.35,0.07,0.35,0.10,0.12,0.22,0.10,0.22,Partidos
389,Omar Moreno,mx MEX,"CC,DL",Mazatlán,17,2005,8,1,219,2.4,0,0,0,0,0,0,0,0,0.3,0.3,0.0,0.4,13,4,20,0.00,0.00,0.00,0.00,0.00,0.14,0.02,0.16,0.14,0.16,Partidos
390,Yairo Moreno,co COL,"CC,DF",León,27,1995,29,19,1714,19.0,3,6,9,3,0,0,2,0,2.3,2.3,2.9,5.2,90,104,111,0.16,0.32,0.47,0.16,0.47,0.12,0.15,0.27,0.12,0.27,Partidos
391,Andrés Mosquera Guardia,co COL,DF,Toluca,32,1990,31,31,2789,31.0,1,2,3,1,0,0,2,0,1.3,1.3,0.6,1.9,18,97,34,0.03,0.06,0.10,0.03,0.10,0.04,0.02,0.06,0.04,0.06,Partidos
392,Alan Mozo,mx MEX,DF,Guadalajara,25,1997,28,20,1988,22.1,0,2,2,0,0,0,4,0,0.2,0.2,2.8,2.9,65,91,137,0.00,0.09,0.09,0.00,0.09,0.01,0.13,0.13,0.01,0.13,Partidos
393,Santiago Muñóz,mx MEX,"DL,CC",Santos,19,2002,6,1,121,1.3,0,0,0,0,0,0,0,0,0.3,0.3,0.1,0.4,2,5,13,0.00,0.00,0.00,0.00,0.00,0.21,0.10,0.31,0.21,0.31,Partidos
394,Zahid Muñoz,mx MEX,"CC,DL",Atlético,21,2001,3,0,45,0.5,1,0,1,1,0,0,1,0,0.1,0.1,0.0,0.1,2,5,2,2.00,0.00,2.00,2.00,2.00,0.16,0.00,0.16,0.16,0.16,Partidos
395,Zahid Muñoz,mx MEX,DL,Guadalajara,21,2001,1,0,11,0.1,0,0,0,0,0,0,0,0,0.0,0.0,0.1,0.1,1,1,0,0.00,0.00,0.00,0.00,0.00,0.00,0.68,0.68,0.00,0.68,Partidos
396,Jhon Murillo,ve VEN,"DL,CC",Atlético,27,1995,33,27,2306,25.6,2,2,4,2,0,0,6,0,,,,,,,,0.08,0.08,0.16,0.08,0.16,,,,,,Partidos
397,Óscar Murillo,co COL,DF,Pachuca,34,1988,16,14,1200,13.3,0,0,0,0,0,0,3,1,0.1,0.1,0.1,0.1,2,22,2,0.00,0.00,0.00,0.00,0.00,0.00,0.01,0.01,0.00,0.01,Partidos
398,Ariel Nahuelpán,ar ARG,DL,Querétaro,34,1987,15,10,924,10.3,4,0,4,3,1,1,0,0,3.4,2.7,1.0,3.7,4,21,44,0.39,0.00,0.39,0.29,0.29,0.34,0.10,0.43,0.26,0.36,Partidos
399,Ariel Nahuelpán,ar ARG,DL,Mazatlán,34,1987,7,6,435,4.8,1,0,1,1,0,0,2,0,1.1,1.1,0.1,1.2,2,8,25,0.21,0.00,0.21,0.21,0.21,0.22,0.02,0.25,0.22,0.25,Partidos
400,José Navarro,mx MEX,CC,UNAM,19,2003,1,0,1,0.0,0,0,0,0,0,0,1,0,0.0,0.0,0.0,0.0,0,0,0,0.00,0.00,0.00,0.00,0.00,0.00,0.00,0.00,0.00,0.00,Partidos
RL,Jugador,País,Posc,Equipo,Edad,Nacimiento,PJ,Titular,Mín,90 s,Gls.,Ass,G+A,G-TP,TP,TPint,TA,TR,xG,npxG,xAG,npxG+xAG,PrgC,PrgP,PrgR,Gls.,Ast,G+A,G-TP,G+A-TP,xG,xAG,xG+xAG,npxG,npxG+xAG,Partidos
401,Fernando Navarro Morán,mx MEX,"CC,DL",Toluca,33,1989,32,19,1828,20.3,2,5,7,2,0,0,3,0,2.6,2.6,4.1,6.6,36,100,99,0.10,0.25,0.34,0.10,0.34,0.13,0.20,0.33,0.13,0.33,Partidos
402,Hugo Nervo,ar ARG,DF,Atlas,31,1991,31,31,2732,30.4,1,1,2,1,0,0,2,1,0.6,0.6,0.8,1.4,0,46,4,0.03,0.03,0.07,0.03,0.07,0.02,0.03,0.05,0.02,0.05,Partidos
403,Francisco Nevarez,mx MEX,DF,FC Juárez,21,2000,17,9,947,10.5,0,0,0,0,0,0,2,0,0.2,0.2,0.5,0.7,21,43,42,0.00,0.00,0.00,0.00,0.00,0.02,0.05,0.07,0.02,0.07,Partidos
404,Alberto Ocejo,mx MEX,DL,Atlas,24,1998,15,7,591,6.6,1,1,2,1,0,0,1,0,2.8,2.8,1.1,3.9,8,12,37,0.15,0.15,0.30,0.15,0.30,0.43,0.17,0.60,0.43,0.60,Partidos
405,David Ochoa,us USA,PO,Atlético,21,2001,1,0,33,0.4,0,0,0,0,0,0,0,0,0.0,0.0,0.0,0.0,0,0,0,0.00,0.00,0.00,0.00,0.00,0.00,0.00,0.00,0.00,0.00,Partidos
406,Guillermo Ochoa,mx MEX,PO,América,37,1985,16,16,1440,16.0,0,0,0,0,0,0,0,0,0.0,0.0,0.0,0.0,0,0,0,0.00,0.00,0.00,0.00,0.00,0.00,0.00,0.00,0.00,0.00,Partidos
407,Luis Olivas,mx MEX,DF,Guadalajara,22,2000,15,15,1278,14.2,1,0,1,1,0,0,2,1,1.2,1.2,0.1,1.3,8,33,0,0.07,0.00,0.07,0.07,0.07,0.08,0.01,0.09,0.08,0.09,Partidos
408,Maximiliano Olivera,uy URU,DF,FC Juárez,30,1992,32,32,2835,31.5,2,4,6,2,0,1,7,0,2.5,1.7,3.3,5.0,46,167,86,0.06,0.13,0.19,0.06,0.19,0.08,0.10,0.18,0.05,0.16,Partidos
409,Agustín Oliveros,uy URU,DF,Necaxa,23,1998,34,33,2906,32.3,3,1,4,3,0,0,7,0,1.3,1.3,0.8,2.0,16,114,36,0.09,0.03,0.12,0.09,0.12,0.04,0.02,0.06,0.04,0.06,Partidos
410,Fernando Ordóñez,mx MEX,"CC,DL",UANL,21,2001,1,0,27,0.3,0,0,0,0,0,0,0,0,0.1,0.1,0.0,0.1,1,2,1,0.00,0.00,0.00,0.00,0.00,0.25,0.05,0.30,0.25,0.30,Partidos
411,Alejandro Organista,mx MEX,"DL,CC",Atlético,22,2000,2,0,25,0.3,0,0,0,0,0,0,0,0,0.0,0.0,0.0,0.1,0,1,1,0.00,0.00,0.00,0.00,0.00,0.10,0.08,0.18,0.10,0.18,Partidos
412,Santiago Ormeño,pe PER,"DL,CC",FC Juárez,28,1994,4,0,55,0.6,0,0,0,0,0,0,0,0,0.0,0.0,0.1,0.1,0,2,5,0.00,0.00,0.00,0.00,0.00,0.00,0.15,0.15,0.00,0.15,Partidos
413,Santiago Ormeño,pe PER,"DL,DF",Guadalajara,28,1994,12,2,386,4.3,1,0,1,1,0,0,1,0,2.0,2.0,0.3,2.2,2,4,16,0.23,0.00,0.23,0.23,0.23,0.46,0.06,0.52,0.46,0.52,Partidos
414,Efraín Orona,mx MEX,DF,Mazatlán,23,1999,18,11,1099,12.2,0,0,0,0,0,0,4,0,0.1,0.1,0.3,0.4,5,33,9,0.00,0.00,0.00,0.00,0.00,0.01,0.02,0.03,0.01,0.03,Partidos
415,Jonathan Orozco,mx MEX,PO,Tijuana,36,1986,17,17,1530,17.0,0,0,0,0,0,0,1,0,0.0,0.0,0.0,0.0,0,0,0,0.00,0.00,0.00,0.00,0.00,0.00,0.00,0.00,0.00,0.00,Partidos
416,Carlos Orrantía,mx MEX,DF,Santos,31,1991,16,15,1228,13.6,1,5,6,1,0,0,1,0,0.2,0.2,1.7,1.9,15,53,50,0.07,0.37,0.44,0.07,0.44,0.02,0.12,0.14,0.02,0.14,Partidos
417,Carlos Orrantía,mx MEX,"DF,DL",Toluca,31,1991,7,4,331,3.7,1,0,1,1,0,0,1,0,0.4,0.4,0.2,0.7,5,10,14,0.27,0.00,0.27,0.27,0.27,0.12,0.06,0.18,0.12,0.18,Partidos
418,Edyairth Ortega,mx MEX,CC,Atlas,25,1997,8,4,434,4.8,0,0,0,0,0,0,1,0,0.1,0.1,0.3,0.4,5,21,4,0.00,0.00,0.00,0.00,0.00,0.03,0.06,0.09,0.03,0.09,Partidos
419,Haret Ortega,mx MEX,DF,Toluca,22,2000,9,6,573,6.4,0,1,1,0,0,0,4,0,0.1,0.1,0.3,0.4,1,8,0,0.00,0.16,0.16,0.00,0.16,0.02,0.05,0.06,0.02,0.06,Partidos
420,Miguel Ortega,mx MEX,PO,UANL,27,1995,1,1,90,1.0,0,0,0,0,0,0,0,0,0.0,0.0,0.0,0.0,0,0,0,0.00,0.00,0.00,0.00,0.00,0.00,0.00,0.00,0.00,0.00,Partidos
421,Arturo Ortiz,mx MEX,DF,UNAM,29,1992,22,22,1929,21.4,0,0,0,0,0,0,5,1,0.6,0.6,0.9,1.6,15,107,7,0.00,0.00,0.00,0.00,0.00,0.03,0.04,0.07,0.03,0.07,Partidos
422,Celso Ortiz,py PAR,CC,Monterrey,33,1989,32,28,2225,24.7,0,4,4,0,0,0,2,0,0.5,0.5,1.4,1.9,6,120,16,0.00,0.16,0.16,0.00,0.16,0.02,0.06,0.08,0.02,0.08,Partidos
423,Mario Osuna,mx MEX,"CC,DL",FC Juárez,33,1988,6,2,191,2.1,0,0,0,0,0,0,1,0,0.4,0.4,0.0,0.4,3,5,3,0.00,0.00,0.00,0.00,0.00,0.19,0.00,0.19,0.19,0.19,Partidos
424,Mario Osuna,mx MEX,"CC,DF",Querétaro,33,1988,10,5,485,5.4,1,1,2,0,1,1,1,0,0.9,0.1,0.3,0.4,6,24,5,0.19,0.19,0.37,0.00,0.19,0.17,0.05,0.22,0.02,0.07,Partidos
425,Juan Pablo Segovia,ar ARG,DF,Necaxa,33,1989,28,24,2179,24.2,0,2,2,0,0,0,6,0,1.0,1.0,0.1,1.1,17,69,3,0.00,0.08,0.08,0.00,0.08,0.04,0.01,0.05,0.04,0.05,Partidos
RL,Jugador,País,Posc,Equipo,Edad,Nacimiento,PJ,Titular,Mín,90 s,Gls.,Ass,G+A,G-TP,TP,TPint,TA,TR,xG,npxG,xAG,npxG+xAG,PrgC,PrgP,PrgR,Gls.,Ast,G+A,G-TP,G+A-TP,xG,xAG,xG+xAG,npxG,npxG+xAG,Partidos
426,Juan Pablo Vigón,mx MEX,CC,UANL,31,1991,28,12,1041,11.6,2,1,3,2,0,0,2,1,1.5,1.5,0.9,2.5,13,40,36,0.17,0.09,0.26,0.17,0.26,0.13,0.08,0.21,0.13,0.21,Partidos
427,Pablo Parra,cl CHI,CC,Puebla,28,1994,11,6,569,6.3,1,0,1,1,0,0,0,0,0.9,0.9,1.0,1.9,17,27,43,0.16,0.00,0.16,0.16,0.16,0.14,0.16,0.30,0.14,0.30,Partidos
428,Rodrigo Parra,mx MEX,DF,Tijuana,18,2003,4,4,224,2.5,0,0,0,0,0,0,0,0,0.0,0.0,0.0,0.0,3,8,1,0.00,0.00,0.00,0.00,0.00,0.00,0.00,0.00,0.00,0.00,Partidos
429,Paulino,es ESP,"DL,CC",Pachuca,25,1997,18,5,586,6.5,1,3,4,1,0,0,2,0,1.8,1.8,1.5,3.3,26,35,52,0.15,0.46,0.61,0.15,0.61,0.28,0.23,0.51,0.28,0.51,Partidos
430,Pedro Pedraza,mx MEX,CC,Pachuca,22,2000,5,0,81,0.9,0,0,0,0,0,0,0,0,0.0,0.0,0.0,0.0,0,4,0,0.00,0.00,0.00,0.00,0.00,0.00,0.00,0.00,0.00,0.00,Partidos
431,Miguel Pedroza,mx MEX,DL,Necaxa,19,2003,1,0,14,0.2,0,0,0,0,0,0,0,0,0.0,0.0,0.1,0.1,0,0,1,0.00,0.00,0.00,0.00,0.00,0.00,0.50,0.50,0.00,0.50,Partidos
432,Kevin Pereira,py PAR,DL,FC Juárez,18,2004,1,0,19,0.2,0,0,0,0,0,0,0,0,0.0,0.0,0.0,0.0,1,1,1,0.00,0.00,0.00,0.00,0.00,0.00,0.00,0.00,0.00,0.00,Partidos
433,Sebastián Pérez Bouquet,mx MEX,"CC,DL",Guadalajara,19,2003,6,3,222,2.5,1,0,1,1,0,0,0,0,0.5,0.5,0.0,0.5,5,11,10,0.41,0.00,0.41,0.41,0.41,0.18,0.01,0.19,0.18,0.19,Partidos
434,Julio Pérez,mx MEX,DF,Pachuca,20,2002,1,0,17,0.2,0,0,0,0,0,0,0,0,0.0,0.0,0.0,0.0,0,0,0,0.00,0.00,0.00,0.00,0.00,0.00,0.00,0.00,0.00,0.00,Partidos
435,Pavel Pérez,mx MEX,"CC,DL",Guadalajara,24,1998,30,4,794,8.8,2,0,2,2,0,0,1,0,2.6,2.6,0.6,3.2,27,29,53,0.23,0.00,0.23,0.23,0.23,0.29,0.07,0.36,0.29,0.36,Partidos
436,Eduardo Pérez Reyes,mx MEX,DL,Santos,29,1993,5,0,17,0.2,0,0,0,0,0,0,0,0,0.0,0.0,0.0,0.0,0,0,1,0.00,0.00,0.00,0.00,0.00,0.00,0.00,0.00,0.00,0.00,Partidos
437,Baldomero Perlaza,co COL,CC,Querétaro,30,1992,3,3,270,3.0,0,0,0,0,0,0,0,0,,,,,,,,0.00,0.00,0.00,0.00,0.00,,,,,,Partidos
438,Jonathan Perlaza,ec ECU,"DF,CC",Querétaro,24,1997,13,10,910,10.1,0,1,1,0,0,0,2,0,0.5,0.5,0.8,1.3,9,26,20,0.00,0.10,0.10,0.00,0.10,0.05,0.07,0.12,0.05,0.12,Partidos
439,Jesús Piñuelas,mx MEX,DF,Atlético,24,1998,9,9,765,8.5,0,0,0,0,0,0,3,0,0.4,0.4,0.0,0.4,2,19,0,0.00,0.00,0.00,0.00,0.00,0.05,0.00,0.05,0.05,0.05,Partidos
440,Guido Pizarro,ar ARG,"CC,DF",UANL,32,1990,32,31,2777,30.9,1,0,1,1,0,0,5,0,3.0,3.0,1.0,4.0,37,164,48,0.03,0.00,0.03,0.03,0.03,0.10,0.03,0.13,0.10,0.13,Partidos
441,Rodolfo Pizarro,mx MEX,"CC,DL",Monterrey,28,1994,15,8,788,8.8,0,2,2,0,0,0,5,0,1.5,1.5,1.3,2.9,43,40,69,0.00,0.23,0.23,0.00,0.23,0.18,0.15,0.33,0.18,0.33,Partidos
442,Franco Pizzichillo,uy URU,"DF,CC",Santos,26,1996,4,2,120,1.3,0,0,0,0,0,0,1,0,0.0,0.0,0.1,0.1,0,6,10,0.00,0.00,0.00,0.00,0.00,0.00,0.07,0.07,0.00,0.07,Partidos
443,Vicente Poggi,uy URU,CC,Necaxa,20,2002,21,8,769,8.5,0,1,1,0,0,0,5,0,0.4,0.4,0.3,0.7,9,35,15,0.00,0.12,0.12,0.00,0.12,0.04,0.04,0.08,0.04,0.08,Partidos
444,Osvaldo Rodríguez del Portal,mx MEX,DF,León,25,1996,30,30,2472,27.5,1,1,2,1,0,0,7,1,1.5,1.5,1.4,2.9,24,76,54,0.04,0.04,0.07,0.04,0.07,0.05,0.05,0.11,0.05,0.11,Partidos
445,Harold Preciado,co COL,DL,Santos,28,1994,34,30,2577,28.6,13,6,19,10,3,3,6,0,12.9,10.5,3.0,13.6,51,64,184,0.45,0.21,0.66,0.35,0.56,0.45,0.11,0.55,0.37,0.47,Partidos
446,Leonel Prieto,mx MEX,DL,UANL,20,2001,1,0,15,0.2,0,0,0,0,0,0,0,0,0.2,0.2,0.0,0.2,1,1,0,0.00,0.00,0.00,0.00,0.00,1.27,0.00,1.27,1.27,1.27,Partidos
447,Ronaldo Prieto,mx MEX,"DF,CC",Santos,25,1997,12,8,722,8.0,0,0,0,0,0,0,3,0,0.2,0.2,0.0,0.2,3,14,3,0.00,0.00,0.00,0.00,0.00,0.03,0.00,0.03,0.03,0.03,Partidos
448,Julián Quiñones,co COL,DL,Atlas,25,1997,32,32,2846,31.6,17,1,18,15,2,3,3,0,15.2,12.7,2.8,15.6,59,132,257,0.54,0.03,0.57,0.47,0.51,0.48,0.09,0.57,0.40,0.49,Partidos
449,Cándido Ramírez,mx MEX,CC,FC Juárez,29,1993,4,2,153,1.7,0,0,0,0,0,0,0,0,0.1,0.1,0.0,0.1,5,1,16,0.00,0.00,0.00,0.00,0.00,0.07,0.01,0.08,0.07,0.08,Partidos
450,Héctor Ramírez,mx MEX,DF,UNAM,18,2004,2,2,64,0.7,0,0,0,0,0,0,0,1,0.0,0.0,0.0,0.0,1,4,1,0.00,0.00,0.00,0.00,0.00,0.00,0.07,0.07,0.00,0.07,Partidos
RL,Jugador,País,Posc,Equipo,Edad,Nacimiento,PJ,Titular,Mín,90 s,Gls.,Ass,G+A,G-TP,TP,TPint,TA,TR,xG,npxG,xAG,npxG+xAG,PrgC,PrgP,PrgR,Gls.,Ast,G+A,G-TP,G+A-TP,xG,xAG,xG+xAG,npxG,npxG+xAG,Partidos
451,Kevin Ramírez,uy URU,"DL,CC",Puebla,28,1994,4,0,80,0.9,0,0,0,0,0,0,0,0,0.4,0.4,0.0,0.4,3,3,11,0.00,0.00,0.00,0.00,0.00,0.43,0.00,0.43,0.43,0.43,Partidos
452,Rafael Ramírez,mx MEX,PO,Necaxa,29,1992,1,1,90,1.0,0,0,0,0,0,0,0,0,0.0,0.0,0.0,0.0,0,0,0,0.00,0.00,0.00,0.00,0.00,0.00,0.00,0.00,0.00,0.00,Partidos
453,Salvador Reyes Chávez,mx MEX,DF,América,24,1998,25,15,1406,15.6,1,1,2,1,0,0,3,0,1.1,1.1,1.7,2.7,32,31,92,0.06,0.06,0.13,0.06,0.13,0.07,0.11,0.17,0.07,0.17,Partidos
454,Diego Reyes,mx MEX,DF,UANL,29,1992,24,22,1963,21.8,1,0,1,1,0,0,4,0,2.1,2.1,1.0,3.1,23,65,3,0.05,0.00,0.05,0.05,0.05,0.10,0.05,0.14,0.10,0.14,Partidos
455,Israel Reyes,mx MEX,DF,América,22,2000,14,14,1260,14.0,0,0,0,0,0,0,2,0,1.2,1.2,0.2,1.3,8,51,5,0.00,0.00,0.00,0.00,0.00,0.08,0.01,0.10,0.08,0.10,Partidos
456,Israel Reyes,mx MEX,"CC,DF",Puebla,22,2000,17,16,1469,16.3,3,0,3,3,0,0,3,0,1.4,1.4,0.1,1.5,7,43,10,0.18,0.00,0.18,0.18,0.18,0.09,0.01,0.09,0.09,0.09,Partidos
457,Jacobo Reyes,us USA,"DL,DF",Monterrey,21,2000,3,1,51,0.6,0,0,0,0,0,0,1,0,0.0,0.0,0.1,0.1,0,1,2,0.00,0.00,0.00,0.00,0.00,0.00,0.18,0.18,0.00,0.18,Partidos
458,Jose Reyes,mx MEX,CC,FC Juárez,21,2001,1,0,37,0.4,0,0,0,0,0,0,0,0,0.0,0.0,0.0,0.0,1,0,1,0.00,0.00,0.00,0.00,0.00,0.00,0.00,0.00,0.00,0.00,Partidos
459,Luis Ricardo Reyes,mx MEX,"DF,CC",Atlas,31,1991,29,29,2406,26.7,1,4,5,0,1,1,6,1,1.4,0.6,3.9,4.5,40,122,87,0.04,0.15,0.19,0.00,0.15,0.05,0.15,0.20,0.02,0.17,Partidos
460,Jesús Rivas,mx MEX,DF,UNAM,19,2002,1,0,30,0.3,0,0,0,0,0,0,0,0,0.0,0.0,0.0,0.0,0,2,1,0.00,0.00,0.00,0.00,0.00,0.00,0.00,0.00,0.00,0.00,Partidos
461,Ulises Rivas,mx MEX,CC,UNAM,26,1996,11,7,559,6.2,1,0,1,1,0,0,1,0,0.4,0.4,0.1,0.5,2,12,10,0.16,0.00,0.16,0.16,0.16,0.06,0.02,0.08,0.06,0.08,Partidos
462,Christian Rivera,co COL,"CC,DL",Tijuana,26,1996,12,3,436,4.8,0,0,0,0,0,0,0,0,0.3,0.3,0.6,0.9,8,23,14,0.00,0.00,0.00,0.00,0.00,0.07,0.13,0.19,0.07,0.19,Partidos
463,Christian Rivera,co COL,CC,Querétaro,26,1996,13,13,1170,13.0,1,1,2,1,0,0,7,0,0.9,0.9,0.5,1.4,16,71,13,0.08,0.08,0.15,0.08,0.15,0.06,0.03,0.09,0.06,0.09,Partidos
464,Ignacio Rivero,uy URU,"DF,CC",Cruz Azul,30,1992,31,30,2666,29.6,1,5,6,1,0,0,7,0,2.0,2.0,3.9,6.0,34,160,156,0.03,0.17,0.20,0.03,0.20,0.07,0.13,0.20,0.07,0.20,Partidos
465,Jorge Roberto Díaz,mx MEX,"CC,DL",León,24,1998,5,0,46,0.5,0,0,0,0,0,0,0,0,0.0,0.0,0.0,0.1,4,1,1,0.00,0.00,0.00,0.00,0.00,0.09,0.03,0.13,0.09,0.13,Partidos
466,Ángel Robles,mx MEX,"CC,DF",Puebla,20,2001,14,6,564,6.3,2,1,3,2,0,0,2,0,1.3,1.3,0.3,1.6,10,12,34,0.32,0.16,0.48,0.32,0.48,0.20,0.05,0.25,0.20,0.25,Partidos
467,Carlos Robles,mx MEX,CC,Atlas,22,2000,1,0,21,0.2,0,0,0,0,0,0,0,0,0.0,0.0,0.0,0.0,0,1,0,0.00,0.00,0.00,0.00,0.00,0.00,0.00,0.00,0.00,0.00,Partidos
468,Aldo Rocha,mx MEX,CC,Atlas,29,1992,22,21,1779,19.8,1,1,2,1,0,0,5,0,1.2,1.2,1.2,2.4,19,117,13,0.05,0.05,0.10,0.05,0.10,0.06,0.06,0.12,0.06,0.12,Partidos
469,Alan Rodríguez,mx MEX,CC,Toluca,26,1996,14,1,169,1.9,0,0,0,0,0,0,2,1,0.1,0.1,0.1,0.2,1,5,5,0.00,0.00,0.00,0.00,0.00,0.03,0.06,0.09,0.03,0.09,Partidos
470,Brian Rodríguez,uy URU,"DL,CC",América,22,2000,17,5,715,7.9,1,1,2,1,0,0,1,0,2.2,2.2,0.8,3.1,37,29,87,0.13,0.13,0.25,0.13,0.25,0.28,0.11,0.39,0.28,0.39,Partidos
471,Charly Rodríguez,mx MEX,"CC,DL",Cruz Azul,25,1997,34,29,2537,28.2,2,6,8,2,0,0,7,0,1.3,1.3,5.8,7.1,55,190,102,0.07,0.21,0.28,0.07,0.28,0.05,0.21,0.25,0.05,0.25,Partidos
472,Emerson Rodríguez,co COL,CC,Santos,21,2000,7,1,195,2.2,0,0,0,0,0,0,0,0,0.1,0.1,0.5,0.5,7,7,30,0.00,0.00,0.00,0.00,0.00,0.03,0.22,0.25,0.03,0.25,Partidos
473,Gael Rodríguez,mx MEX,DF,UNAM,20,2002,2,0,5,0.1,0,0,0,0,0,0,0,0,0.0,0.0,0.0,0.0,0,0,0,0.00,0.00,0.00,0.00,0.00,0.00,0.00,0.00,0.00,0.00,Partidos
474,Jerónimo Rodríguez,mx MEX,DF,UNAM,23,1999,11,7,553,6.1,1,0,1,1,0,0,1,0,0.2,0.2,0.2,0.5,6,19,26,0.16,0.00,0.16,0.16,0.16,0.04,0.04,0.08,0.04,0.08,Partidos
475,Jesús Rodríguez,mx MEX,PO,Puebla,29,1993,3,3,270,3.0,0,0,0,0,0,0,1,0,0.0,0.0,0.0,0.0,0,0,0,0.00,0.00,0.00,0.00,0.00,0.00,0.00,0.00,0.00,0.00,Partidos
RL,Jugador,País,Posc,Equipo,Edad,Nacimiento,PJ,Titular,Mín,90 s,Gls.,Ass,G+A,G-TP,TP,TPint,TA,TR,xG,npxG,xAG,npxG+xAG,PrgC,PrgP,PrgR,Gls.,Ast,G+A,G-TP,G+A-TP,xG,xAG,xG+xAG,npxG,npxG+xAG,Partidos
476,Jonathan Rodríguez,uy URU,"DL,CC",América,29,1993,32,30,2305,25.6,11,3,14,11,0,0,4,0,7.1,7.1,3.4,10.5,62,73,252,0.43,0.12,0.55,0.43,0.55,0.28,0.13,0.41,0.28,0.41,Partidos
477,Jorge Rodríguez,mx MEX,DF,Toluca,20,2001,8,3,286,3.2,0,0,0,0,0,0,0,0,0.0,0.0,0.1,0.1,4,6,10,0.00,0.00,0.00,0.00,0.00,0.00,0.02,0.02,0.00,0.02,Partidos
478,Jorge Rodríguez,mx MEX,"DL,CC",Atlas,18,2003,4,0,49,0.5,0,0,0,0,0,0,0,0,0.0,0.0,0.0,0.0,1,2,6,0.00,0.00,0.00,0.00,0.00,0.00,0.00,0.00,0.00,0.00,Partidos
479,Lucas Rodríguez,ar ARG,CC,Tijuana,25,1997,28,21,1912,21.2,6,3,9,5,1,2,6,1,6.3,4.8,3.1,7.9,60,139,91,0.28,0.14,0.42,0.24,0.38,0.30,0.15,0.44,0.22,0.37,Partidos
480,Michell Rodríguez,mx MEX,DL,Monterrey,21,2000,2,0,2,0.0,0,0,0,0,0,0,0,0,0.0,0.0,0.0,0.0,0,0,0,0.00,0.00,0.00,0.00,0.00,0.00,0.00,0.00,0.00,0.00,Partidos
481,Gabriel Rojas,ar ARG,DF,Querétaro,25,1997,19,18,1634,18.2,0,3,3,0,0,0,4,0,0.3,0.3,2.0,2.3,36,46,87,0.00,0.17,0.17,0.00,0.17,0.02,0.11,0.13,0.02,0.13,Partidos
482,Diego Rolán,uy URU,"CC,DL",FC Juárez,29,1993,4,0,80,0.9,0,0,0,0,0,0,1,0,0.3,0.3,0.1,0.3,7,5,10,0.00,0.00,0.00,0.00,0.00,0.30,0.09,0.39,0.30,0.39,Partidos
483,Juan Romagnoli,ar ARG,"CC,DL",Querétaro,26,1996,9,3,314,3.5,1,1,2,1,0,0,0,0,0.6,0.6,0.6,1.2,9,8,15,0.29,0.29,0.57,0.29,0.57,0.17,0.17,0.34,0.17,0.34,Partidos
484,Ángel Romero,py PAR,"CC,DL",Cruz Azul,30,1992,15,10,767,8.5,2,1,3,1,1,2,2,0,3.7,2.2,1.0,3.2,34,58,56,0.23,0.12,0.35,0.12,0.23,0.44,0.12,0.56,0.25,0.37,Partidos
485,Braian Romero,ar ARG,"DL,CC",Tijuana,31,1991,13,7,720,8.0,1,0,1,1,0,0,2,0,1.9,1.9,0.6,2.6,11,14,44,0.12,0.00,0.12,0.12,0.12,0.24,0.08,0.32,0.24,0.32,Partidos
486,Lucas Romero,ar ARG,CC,León,28,1994,15,12,1081,12.0,0,1,1,0,0,0,3,0,0.5,0.5,1.2,1.7,19,80,19,0.00,0.08,0.08,0.00,0.08,0.04,0.10,0.14,0.04,0.14,Partidos
487,Luis Romo,mx MEX,CC,Monterrey,27,1995,32,30,2668,29.6,2,4,6,2,0,0,7,0,2.6,2.6,3.5,6.1,28,189,70,0.07,0.13,0.20,0.07,0.20,0.09,0.12,0.21,0.09,0.21,Partidos
488,Carlos Rotondi,ar ARG,"CC,DL",Cruz Azul,25,1997,28,25,1962,21.8,4,2,6,4,0,0,3,1,3.1,3.1,3.9,7.0,54,51,146,0.18,0.09,0.28,0.18,0.28,0.14,0.18,0.32,0.14,0.32,Partidos
489,Fernando Rubén González,mx MEX,CC,Guadalajara,28,1994,29,19,1632,18.1,1,0,1,1,0,0,4,1,0.5,0.5,0.5,1.0,11,94,16,0.06,0.00,0.06,0.06,0.06,0.03,0.03,0.05,0.03,0.05,Partidos
490,Brian Rubio,mx MEX,DL,Mazatlán,25,1996,15,7,685,7.6,0,0,0,0,0,0,3,0,1.8,1.8,0.2,2.0,12,13,47,0.00,0.00,0.00,0.00,0.00,0.24,0.02,0.26,0.24,0.26,Partidos
491,Brian Rubio,mx MEX,DL,León,25,1996,14,2,384,4.3,3,1,4,3,0,0,3,0,0.7,0.7,0.9,1.6,11,17,31,0.70,0.23,0.94,0.70,0.94,0.16,0.21,0.37,0.16,0.37,Partidos
492,Jesús Rubio,mx MEX,DF,Tijuana,,,3,1,167,1.9,0,0,0,0,0,0,0,0,0.0,0.0,0.0,0.0,0,3,0,0.00,0.00,0.00,0.00,0.00,0.00,0.00,0.00,0.00,0.00,Partidos
493,Alan Ruiz,mx MEX,DF,Tijuana,21,2001,1,0,70,0.8,0,0,0,0,0,0,1,0,0.0,0.0,0.0,0.0,0,2,0,0.00,0.00,0.00,0.00,0.00,0.00,0.06,0.06,0.00,0.06,Partidos
494,Marcel Ruiz,mx MEX,CC,Toluca,21,2000,31,29,2452,27.2,3,2,5,3,0,0,6,1,3.9,3.9,2.0,5.8,69,180,74,0.11,0.07,0.18,0.11,0.18,0.14,0.07,0.21,0.14,0.21,Partidos
495,Jorge Ruvalcaba,mx MEX,"CC,DL",UNAM,21,2001,23,5,746,8.3,2,1,3,2,0,0,3,0,3.4,3.4,1.6,5.0,49,18,89,0.24,0.12,0.36,0.24,0.36,0.42,0.19,0.61,0.42,0.61,Partidos
496,Javier Salas,mx MEX,CC,FC Juárez,28,1993,25,25,2029,22.5,0,0,0,0,0,0,7,1,1.1,1.1,0.4,1.5,9,71,15,0.00,0.00,0.00,0.00,0.00,0.05,0.02,0.07,0.05,0.07,Partidos
497,Carlos Salcedo,mx MEX,DF,FC Juárez,28,1993,30,30,2688,29.9,0,0,0,0,0,0,9,0,1.4,1.4,0.7,2.1,11,97,15,0.00,0.00,0.00,0.00,0.00,0.05,0.02,0.07,0.05,0.07,Partidos
498,Eduardo Salvio,ar ARG,"CC,DL",UNAM,32,1990,27,26,2182,24.2,9,3,12,7,2,2,0,0,7.6,6.0,5.3,11.3,126,67,230,0.37,0.12,0.49,0.29,0.41,0.31,0.22,0.53,0.25,0.46,Partidos
499,Rubens Sambueza,ar ARG,"CC,DL",Atlético,38,1984,10,1,233,2.6,1,1,2,1,0,0,1,0,0.2,0.2,0.4,0.6,8,22,21,0.39,0.39,0.77,0.39,0.77,0.08,0.17,0.25,0.08,0.25,Partidos
500,Juan Sanabria,uy URU,"CC,DF",Atlético,22,2000,32,25,2304,25.6,1,2,3,1,0,0,6,1,1.8,1.8,5.3,7.1,35,121,78,0.04,0.08,0.12,0.04,0.12,0.07,0.21,0.28,0.07,0.28,Partidos
RL,Jugador,País,Posc,Equipo,Edad,Nacimiento,PJ,Titular,Mín,90 s,Gls.,Ass,G+A,G-TP,TP,TPint,TA,TR,xG,npxG,xAG,npxG+xAG,PrgC,PrgP,PrgR,Gls.,Ast,G+A,G-TP,G+A-TP,xG,xAG,xG+xAG,npxG,npxG+xAG,Partidos
501,Andrés Sánchez,mx MEX,PO,Atlético,24,1997,1,1,90,1.0,0,0,0,0,0,0,0,0,0.0,0.0,0.0,0.0,0,0,0,0.00,0.00,0.00,0.00,0.00,0.00,0.00,0.00,0.00,0.00,Partidos
502,Erick Sánchez,mx MEX,CC,Pachuca,22,1999,33,33,2859,31.8,3,1,4,3,0,0,5,1,3.6,3.6,4.0,7.6,84,238,54,0.09,0.03,0.13,0.09,0.13,0.11,0.13,0.24,0.11,0.24,Partidos
503,Jesús Sánchez García,mx MEX,DF,Guadalajara,32,1989,12,11,646,7.2,0,0,0,0,0,0,5,0,0.0,0.0,0.3,0.3,8,31,19,0.00,0.00,0.00,0.00,0.00,0.00,0.04,0.04,0.00,0.04,Partidos
504,Jonathan Sánchez,mx MEX,DF,UNAM,28,1994,7,6,498,5.5,0,0,0,0,0,0,2,0,0.0,0.0,0.0,0.0,1,7,1,0.00,0.00,0.00,0.00,0.00,0.00,0.00,0.00,0.00,0.00,Partidos
505,Luis Sánchez,mx MEX,DF,Monterrey,22,2000,2,2,157,1.7,0,0,0,0,0,0,0,0,0.0,0.0,0.0,0.0,0,7,2,0.00,0.00,0.00,0.00,0.00,0.00,0.02,0.02,0.00,0.02,Partidos
506,Richard Sánchez,py PAR,CC,América,26,1996,31,25,2165,24.1,4,2,6,4,0,0,3,0,1.3,1.3,3.4,4.7,38,220,29,0.17,0.08,0.25,0.17,0.25,0.06,0.14,0.20,0.06,0.20,Partidos
507,Kevin Sandoval,mx MEX,DL,Atlético,19,2003,1,0,3,0.0,0,0,0,0,0,0,0,0,0.0,0.0,0.0,0.0,0,1,2,0.00,0.00,0.00,0.00,0.00,0.00,0.00,0.00,0.00,0.00,Partidos
508,Raúl Sandoval,mx MEX,DF,Mazatlán,22,2000,18,11,858,9.5,0,0,0,0,0,0,1,1,0.1,0.1,0.4,0.5,23,23,54,0.00,0.00,0.00,0.00,0.00,0.01,0.04,0.06,0.01,0.06,Partidos
509,Miguel Sansores,mx MEX,"DL,CC",Mazatlán,31,1991,21,8,792,8.8,2,1,3,2,0,0,3,0,3.0,3.0,0.8,3.8,5,10,38,0.23,0.11,0.34,0.23,0.34,0.34,0.09,0.43,0.34,0.43,Partidos
510,Anderson Santamaría,pe PER,DF,Atlas,30,1992,25,23,1833,20.4,0,1,1,0,0,0,9,1,0.8,0.8,1.0,1.8,9,68,9,0.00,0.05,0.05,0.00,0.05,0.04,0.05,0.09,0.04,0.09,Partidos
511,José Santiago Hernández,mx MEX,PO,Atlas,25,1997,5,4,440,4.9,0,0,0,0,0,0,1,0,0.0,0.0,0.0,0.0,0,0,0,0.00,0.00,0.00,0.00,0.00,0.00,0.00,0.00,0.00,0.00,Partidos
512,Samir Santos,br BRA,DF,UANL,27,1994,20,19,1654,18.4,2,1,3,2,0,0,5,0,2.2,2.2,0.2,2.3,19,63,6,0.11,0.05,0.16,0.11,0.16,0.12,0.01,0.13,0.12,0.13,Partidos
513,Sebastian Santos,mx MEX,CC,León,19,2003,1,0,1,0.0,0,0,0,0,0,0,0,0,0.0,0.0,0.0,0.0,0,0,0,0.00,0.00,0.00,0.00,0.00,0.00,0.00,0.00,0.00,0.00,Partidos
514,Camilo Sanvezzo,br BRA,"DL,CC",Toluca,34,1988,30,6,913,10.1,8,3,11,4,4,4,4,0,6.4,3.3,1.7,5.0,8,22,54,0.79,0.30,1.08,0.39,0.69,0.63,0.17,0.81,0.32,0.50,Partidos
515,Sebastián Saucedo,us USA,"CC,DL",Toluca,25,1997,13,1,300,3.3,1,1,2,1,0,0,2,2,1.0,1.0,0.5,1.5,13,4,31,0.30,0.30,0.60,0.30,0.60,0.30,0.14,0.44,0.30,0.44,Partidos
516,Francisco Sebastián Córdova,mx MEX,"CC,DL",UANL,25,1997,28,20,1821,20.2,5,5,10,5,0,1,2,1,4.8,4.0,4.8,8.8,52,76,154,0.25,0.25,0.49,0.25,0.49,0.23,0.24,0.47,0.20,0.43,Partidos
517,Ángel Sepúlveda,mx MEX,DL,Querétaro,31,1991,29,26,2055,22.8,6,2,8,5,1,2,1,0,6.9,5.3,1.9,7.2,21,45,121,0.26,0.09,0.35,0.22,0.31,0.30,0.08,0.39,0.23,0.31,Partidos
518,Gilberto Sepúlveda,mx MEX,DF,Guadalajara,23,1999,33,33,2919,32.4,1,0,1,1,0,0,8,1,1.5,1.5,0.5,2.0,30,90,2,0.03,0.00,0.03,0.03,0.03,0.05,0.01,0.06,0.05,0.06,Partidos
519,Leonardo Sequeira,ar ARG,"CC,DL",Querétaro,27,1995,13,11,998,11.1,0,0,0,0,0,0,3,0,2.1,2.1,1.6,3.7,23,13,79,0.00,0.00,0.00,0.00,0.00,0.19,0.14,0.33,0.19,0.33,Partidos
520,Jordan Sierra,ec ECU,CC,FC Juárez,25,1997,16,16,1234,13.7,1,0,1,1,0,0,1,0,0.7,0.7,0.5,1.2,11,65,68,0.07,0.00,0.07,0.07,0.07,0.05,0.04,0.09,0.05,0.09,Partidos
521,Jordan Sierra,ec ECU,"CC,DL",Toluca,25,1997,16,8,749,8.3,1,0,1,1,0,0,2,1,1.1,1.1,0.8,1.9,10,31,51,0.12,0.00,0.12,0.12,0.12,0.13,0.10,0.23,0.13,0.23,Partidos
522,Antony Silva,py PAR,PO,Puebla,38,1984,31,31,2790,31.0,0,0,0,0,0,0,3,0,0.0,0.0,0.0,0.0,0,0,0,0.00,0.00,0.00,0.00,0.00,0.00,0.00,0.00,0.00,0.00,Partidos
523,Gastón Silva,uy URU,DF,Puebla,28,1994,32,32,2764,30.7,1,3,4,1,0,0,8,0,1.4,1.4,1.2,2.6,24,88,19,0.03,0.10,0.13,0.03,0.13,0.04,0.04,0.08,0.04,0.08,Partidos
524,Jordan Silva,mx MEX,"DF,CC",Cruz Azul,28,1994,4,1,103,1.1,0,0,0,0,0,0,0,0,0.1,0.1,0.0,0.1,0,4,0,0.00,0.00,0.00,0.00,0.00,0.09,0.00,0.09,0.09,0.09,Partidos
525,Jordan Silva,mx MEX,DF,Querétaro,28,1994,13,12,1154,12.8,1,0,1,1,0,0,2,0,1.1,1.1,0.4,1.5,2,24,1,0.08,0.00,0.08,0.08,0.08,0.08,0.03,0.12,0.08,0.12,Partidos
RL,Jugador,País,Posc,Equipo,Edad,Nacimiento,PJ,Titular,Mín,90 s,Gls.,Ass,G+A,G-TP,TP,TPint,TA,TR,xG,npxG,xAG,npxG+xAG,PrgC,PrgP,PrgR,Gls.,Ast,G+A,G-TP,G+A-TP,xG,xAG,xG+xAG,npxG,npxG+xAG,Partidos
526,Maximiliano Silvera,uy URU,DL,FC Juárez,24,1997,9,7,488,5.4,0,0,0,0,0,1,1,1,1.7,0.7,0.8,1.4,12,6,30,0.00,0.00,0.00,0.00,0.00,0.31,0.14,0.45,0.12,0.26,Partidos
527,Maximiliano Silvera,uy URU,"DL,CC",Necaxa,24,1997,12,6,473,5.3,1,1,2,1,0,0,3,0,1.2,1.2,0.1,1.4,12,11,30,0.19,0.19,0.38,0.19,0.38,0.24,0.03,0.26,0.24,0.26,Partidos
528,Alan Soñora,us USA,"CC,DL",FC Juárez,23,1998,8,3,331,3.7,0,1,1,0,0,0,1,0,0.2,0.2,0.8,1.0,9,30,19,0.00,0.27,0.27,0.00,0.27,0.06,0.21,0.26,0.06,0.26,Partidos
529,Joel Soñora,us USA,"CC,DL",FC Juárez,25,1996,5,0,104,1.2,0,1,1,0,0,0,0,0,0.1,0.1,0.3,0.4,6,7,3,0.00,0.87,0.87,0.00,0.87,0.11,0.25,0.36,0.11,0.36,Partidos
530,Gonzalo Sosa,ar ARG,DL,Mazatlán,33,1989,14,10,810,9.0,1,1,2,0,1,2,3,0,2.2,0.6,0.8,1.5,1,17,40,0.11,0.11,0.22,0.00,0.11,0.25,0.09,0.34,0.07,0.16,Partidos
531,Sebastián Sosa,uy URU,PO,UNAM,35,1986,12,12,1080,12.0,0,0,0,0,0,0,4,0,0.0,0.0,0.0,0.0,0,0,0,0.00,0.00,0.00,0.00,0.00,0.00,0.00,0.00,0.00,0.00,Partidos
532,Yeferson Soteldo,ve VEN,"DL,CC",UANL,25,1997,3,0,35,0.4,0,0,0,0,0,0,0,0,0.1,0.1,0.3,0.4,6,4,10,0.00,0.00,0.00,0.00,0.00,0.17,0.75,0.92,0.17,0.92,Partidos
533,Leonardo Suárez,ar ARG,CC,Santos,26,1996,16,6,745,8.3,6,2,8,6,0,0,0,0,2.1,2.1,1.6,3.7,22,52,49,0.72,0.24,0.97,0.72,0.97,0.25,0.19,0.44,0.25,0.44,Partidos
534,Leonardo Suárez,ar ARG,"CC,DL",América,26,1996,15,7,686,7.6,3,1,4,3,0,0,2,0,2.0,2.0,2.1,4.1,22,31,61,0.39,0.13,0.52,0.39,0.52,0.26,0.28,0.54,0.26,0.54,Partidos
535,Christian Tabó,uy URU,"DL,CC",Cruz Azul,28,1993,22,6,731,8.1,2,0,2,2,0,0,5,0,1.9,1.9,0.5,2.4,19,17,71,0.25,0.00,0.25,0.25,0.25,0.23,0.06,0.29,0.23,0.29,Partidos
536,Alfredo Talavera,mx MEX,PO,FC Juárez,39,1982,34,34,3060,34.0,0,0,0,0,0,0,4,0,0.0,0.0,0.0,0.0,0,0,0,0.00,0.00,0.00,0.00,0.00,0.00,0.00,0.00,0.00,0.00,Partidos
537,Miguel Tapias,mx MEX,DF,Pachuca,25,1997,13,10,1006,11.2,0,0,0,0,0,0,3,0,0.7,0.7,0.1,0.8,9,30,0,0.00,0.00,0.00,0.00,0.00,0.07,0.00,0.07,0.07,0.07,Partidos
538,Eduardo Tercero,mx MEX,"DF,DL",UANL,26,1996,6,1,160,1.8,0,0,0,0,0,0,1,0,0.2,0.2,0.0,0.2,2,5,0,0.00,0.00,0.00,0.00,0.00,0.13,0.00,0.13,0.13,0.13,Partidos
539,William Tesillo,co COL,DF,León,32,1990,7,5,437,4.9,0,0,0,0,0,0,0,0,0.0,0.0,0.0,0.0,0,24,0,0.00,0.00,0.00,0.00,0.00,0.00,0.00,0.00,0.00,0.00,Partidos
540,Florian Thauvin,fr FRA,"CC,DL",UANL,29,1993,7,3,311,3.5,3,2,5,3,0,0,0,1,1.9,1.9,1.5,3.3,20,20,46,0.87,0.58,1.45,0.87,1.45,0.55,0.42,0.97,0.55,0.97,Partidos
541,Iván Tona,mx MEX,"CC,DF",Monterrey,22,2000,4,0,22,0.2,0,0,0,0,0,0,0,0,0.0,0.0,0.0,0.0,0,1,0,0.00,0.00,0.00,0.00,0.00,0.00,0.00,0.00,0.00,0.00,Partidos
542,Alan Torres,mx MEX,CC,Guadalajara,22,2000,16,5,539,6.0,0,0,0,0,0,0,0,0,0.5,0.5,0.1,0.6,7,43,10,0.00,0.00,0.00,0.00,0.00,0.08,0.02,0.10,0.08,0.10,Partidos
543,Félix Torres Caicedo,ec ECU,DF,Santos,25,1997,29,23,2141,23.8,2,0,2,2,0,0,6,0,1.7,1.7,1.4,3.1,9,75,2,0.08,0.00,0.08,0.08,0.08,0.07,0.06,0.13,0.07,0.13,Partidos
544,Jonathan Torres,ar ARG,DL,Querétaro,25,1996,14,6,586,6.5,1,1,2,1,0,0,1,0,0.9,0.9,0.4,1.4,7,4,27,0.15,0.15,0.31,0.15,0.31,0.15,0.07,0.21,0.15,0.21,Partidos
545,Jorge Torres Nilo,mx MEX,"DF,DL",Toluca,34,1988,6,2,186,2.1,0,0,0,0,0,0,1,0,0.0,0.0,0.0,0.0,0,3,0,0.00,0.00,0.00,0.00,0.00,0.00,0.00,0.00,0.00,0.00,Partidos
546,Raúl Torres Rodríguez,mx MEX,DF,Querétaro,25,1996,6,1,171,1.9,1,0,1,1,0,0,3,0,0.1,0.1,0.3,0.4,1,14,6,0.53,0.00,0.53,0.53,0.53,0.04,0.15,0.19,0.04,0.19,Partidos
547,Christopher Trejo,mx MEX,"DL,CC",Atlas,22,1999,29,3,735,8.2,2,0,2,2,0,0,2,0,1.9,1.9,1.7,3.6,13,28,54,0.24,0.00,0.24,0.24,0.24,0.23,0.21,0.44,0.23,0.44,Partidos
548,Lucas Trezza,uy URU,CC,Atlas,25,1997,3,0,54,0.6,0,0,0,0,0,0,0,0,0.4,0.4,0.2,0.6,1,5,3,0.00,0.00,0.00,0.00,0.00,0.71,0.25,0.97,0.71,0.97,Partidos
549,Santiago Trigos,mx MEX,CC,UNAM,20,2002,12,1,309,3.4,0,1,1,0,0,0,0,0,0.0,0.0,0.4,0.4,1,8,5,0.00,0.29,0.29,0.00,0.29,0.00,0.12,0.12,0.00,0.12,Partidos
550,Héctor Uribe,mx MEX,DF,León,18,2004,5,1,150,1.7,2,0,2,2,0,0,0,0,0.1,0.1,0.1,0.1,4,8,11,1.20,0.00,1.20,1.20,1.20,0.03,0.05,0.08,0.03,0.08,Partidos
RL,Jugador,País,Posc,Equipo,Edad,Nacimiento,PJ,Titular,Mín,90 s,Gls.,Ass,G+A,G-TP,TP,TPint,TA,TR,xG,npxG,xAG,npxG+xAG,PrgC,PrgP,PrgR,Gls.,Ast,G+A,G-TP,G+A-TP,xG,xAG,xG+xAG,npxG,npxG+xAG,Partidos
551,Agustín Urzi,ar ARG,"CC,DL",FC Juárez,22,2000,11,5,476,5.3,0,1,1,0,0,0,1,0,0.4,0.4,0.6,1.1,16,19,47,0.00,0.19,0.19,0.00,0.19,0.08,0.12,0.20,0.08,0.20,Partidos
552,Óscar Ustari,ar ARG,PO,Pachuca,36,1986,31,31,2745,30.5,0,0,0,0,0,0,0,0,0.0,0.0,0.1,0.1,0,0,0,0.00,0.00,0.00,0.00,0.00,0.00,0.00,0.00,0.00,0.00,Partidos
553,Diego Valdés,cl CHI,"CC,DL",América,28,1994,32,31,2495,27.7,10,9,19,10,0,0,5,0,9.1,9.1,7.6,16.7,67,254,157,0.36,0.32,0.69,0.36,0.69,0.33,0.27,0.60,0.33,0.60,Partidos
554,Bruno Valdez,py PAR,DF,América,29,1992,8,6,545,6.1,0,1,1,0,0,0,1,0,0.1,0.1,0.1,0.2,3,12,0,0.00,0.17,0.17,0.00,0.17,0.01,0.01,0.03,0.01,0.03,Partidos
555,Carlos Valenzuela,ar ARG,"CC,DL",Tijuana,25,1997,15,11,967,10.7,1,1,2,1,0,0,6,0,1.8,1.8,2.2,4.0,51,59,95,0.09,0.09,0.19,0.09,0.19,0.17,0.21,0.38,0.17,0.38,Partidos
556,José Van Rankin,mx MEX,DF,Necaxa,29,1993,17,14,1405,15.6,0,1,1,0,0,0,4,0,0.1,0.1,1.0,1.1,16,67,29,0.00,0.06,0.06,0.00,0.06,0.01,0.07,0.07,0.01,0.07,Partidos
557,Camilo Vargas,co COL,PO,Atlas,33,1989,30,30,2615,29.1,0,0,0,0,0,0,5,1,0.0,0.0,0.1,0.1,0,1,0,0.00,0.00,0.00,0.00,0.00,0.00,0.00,0.00,0.00,0.00,Partidos
558,Ivo Vázquez,mx MEX,"DF,CC",Puebla,21,2000,19,3,487,5.4,0,2,2,0,0,0,4,0,0.1,0.1,0.4,0.5,23,15,22,0.00,0.37,0.37,0.00,0.37,0.02,0.08,0.09,0.02,0.09,Partidos
559,Alexis Vega,mx MEX,"DL,CC",Guadalajara,24,1997,25,23,2033,22.6,6,7,13,5,1,2,6,0,5.8,4.3,7.4,11.6,79,91,196,0.27,0.31,0.58,0.22,0.53,0.26,0.33,0.59,0.19,0.52,Partidos
560,Sebastián Vegas,cl CHI,DF,Monterrey,25,1996,29,17,1676,18.6,1,1,2,1,0,0,7,0,0.8,0.8,0.5,1.3,16,37,14,0.05,0.05,0.11,0.05,0.11,0.04,0.03,0.07,0.04,0.07,Partidos
561,Efraín Velarde,mx MEX,DF,UNAM,36,1986,7,3,338,3.8,0,0,0,0,0,0,0,0,0.1,0.1,0.0,0.1,7,11,7,0.00,0.00,0.00,0.00,0.00,0.03,0.00,0.03,0.03,0.03,Partidos
562,Jesus Velasco,mx MEX,DF,Necaxa,16,2006,1,0,2,0.0,0,0,0,0,0,0,0,0,0.0,0.0,0.0,0.0,0,0,0,0.00,0.00,0.00,0.00,0.00,0.00,0.00,0.00,0.00,0.00,Partidos
563,Emiliano Velázquez,uy URU,DF,FC Juárez,28,1994,9,9,753,8.4,0,0,0,0,0,0,2,0,0.1,0.1,0.0,0.2,2,16,0,0.00,0.00,0.00,0.00,0.00,0.02,0.00,0.02,0.02,0.02,Partidos
564,Jesús Venegas,mx MEX,"CC,DL",Toluca,27,1995,13,4,465,5.2,0,0,0,0,0,0,1,0,0.1,0.1,0.1,0.1,1,11,3,0.00,0.00,0.00,0.00,0.00,0.01,0.01,0.02,0.01,0.02,Partidos
565,Érik Vera,mx MEX,DF,Querétaro,30,1992,3,2,166,1.8,0,0,0,0,0,0,0,0,0.0,0.0,0.1,0.1,2,8,5,0.00,0.00,0.00,0.00,0.00,0.00,0.04,0.04,0.00,0.04,Partidos
566,Álvaro Verda,mx MEX,"DL,DF",Querétaro,23,1999,4,0,74,0.8,0,0,0,0,0,0,0,0,0.6,0.6,0.1,0.7,1,0,8,0.00,0.00,0.00,0.00,0.00,0.76,0.10,0.86,0.76,0.86,Partidos
567,Duván Vergara,co COL,"CC,DL",Monterrey,25,1996,12,0,194,2.2,1,0,1,0,1,1,0,0,1.1,0.3,0.1,0.4,8,11,19,0.46,0.00,0.46,0.00,0.00,0.50,0.03,0.53,0.14,0.17,Partidos
568,Néstor Vidrio,mx MEX,DF,Mazatlán,33,1989,27,25,2282,25.4,0,0,0,0,0,0,6,0,0.5,0.5,0.2,0.7,14,65,3,0.00,0.00,0.00,0.00,0.00,0.02,0.01,0.03,0.02,0.03,Partidos
569,Nicolás Vikonis,uy URU,PO,Mazatlán,38,1984,22,22,1935,21.5,0,0,0,0,0,0,1,0,0.0,0.0,0.0,0.0,0,0,0,0.00,0.00,0.00,0.00,0.00,0.00,0.00,0.00,0.00,0.00,Partidos
570,Oscar Villa,mx MEX,DF,León,21,2001,13,5,415,4.6,0,0,0,0,0,0,3,1,0.1,0.1,0.1,0.2,6,15,16,0.00,0.00,0.00,0.00,0.00,0.02,0.03,0.05,0.02,0.05,Partidos
571,Patrick Villa,mx MEX,DF,Puebla,18,2003,2,1,84,0.9,0,0,0,0,0,0,0,0,0.0,0.0,0.0,0.0,0,0,1,0.00,0.00,0.00,0.00,0.00,0.02,0.00,0.02,0.02,0.02,Partidos
572,Dieter Villalpando,mx MEX,"CC,DL",Atlético,30,1991,15,13,996,11.1,1,0,1,1,0,0,1,1,1.1,1.1,1.6,2.7,34,64,49,0.09,0.00,0.09,0.09,0.09,0.10,0.14,0.25,0.10,0.25,Partidos
573,Dieter Villalpando,mx MEX,"CC,DL",Necaxa,30,1991,11,9,695,7.7,0,1,1,0,0,0,3,0,0.4,0.4,0.5,1.0,20,45,48,0.00,0.13,0.13,0.00,0.13,0.05,0.07,0.13,0.05,0.13,Partidos
574,Sergio Villarreal,mx MEX,DF,Monterrey,22,2000,1,0,25,0.3,0,0,0,0,0,0,0,0,0.0,0.0,0.0,0.0,0,0,0,0.00,0.00,0.00,0.00,0.00,0.00,0.00,0.00,0.00,0.00,Partidos
575,Federico Viñas,uy URU,"DL,CC",América,24,1998,25,3,527,5.9,3,1,4,3,0,0,2,0,3.1,3.1,0.7,3.8,6,15,40,0.51,0.17,0.68,0.51,0.68,0.53,0.11,0.65,0.53,0.65,Partidos
RL,Jugador,País,Posc,Equipo,Edad,Nacimiento,PJ,Titular,Mín,90 s,Gls.,Ass,G+A,G-TP,TP,TPint,TA,TR,xG,npxG,xAG,npxG+xAG,PrgC,PrgP,PrgR,Gls.,Ast,G+A,G-TP,G+A-TP,xG,xAG,xG+xAG,npxG,npxG+xAG,Partidos
576,Isaías Violante,mx MEX,"CC,DL",Toluca,18,2003,11,1,152,1.7,0,0,0,0,0,0,1,0,0.3,0.3,0.2,0.5,7,9,11,0.00,0.00,0.00,0.00,0.00,0.19,0.09,0.28,0.19,0.28,Partidos
577,Vitinho,br BRA,"DL,CC",Atlético,21,2001,32,14,1534,17.0,2,0,2,2,0,0,5,0,3.3,3.3,1.3,4.7,83,55,158,0.12,0.00,0.12,0.12,0.12,0.20,0.08,0.27,0.20,0.27,Partidos
578,Tiago Volpi,br BRA,PO,Toluca,31,1990,32,32,2880,32.0,3,0,3,0,3,3,3,0,2.5,0.1,0.0,0.1,0,1,0,0.09,0.00,0.09,0.00,0.00,0.08,0.00,0.08,0.00,0.00,Partidos
579,Facundo Waller,uy URU,"DL,CC",Atlético,25,1997,17,17,1348,15.0,1,2,3,1,0,0,3,0,2.0,2.0,1.6,3.6,50,44,81,0.07,0.13,0.20,0.07,0.20,0.13,0.11,0.24,0.13,0.24,Partidos
580,Facundo Waller,uy URU,"CC,DL",Puebla,25,1997,12,10,830,9.2,1,1,2,1,0,0,2,0,1.7,1.7,0.7,2.4,22,32,45,0.11,0.11,0.22,0.11,0.22,0.19,0.07,0.26,0.19,0.26,Partidos
581,Édgar Yoel Bárcenas,pa PAN,"DL,CC",Mazatlán,28,1993,28,22,2040,22.7,0,4,4,0,0,0,4,0,3.0,3.0,3.6,6.6,80,80,133,0.00,0.18,0.18,0.00,0.18,0.13,0.16,0.29,0.13,0.29,Partidos
582,Paolo Yrizar,mx MEX,DL,Guadalajara,24,1997,1,0,19,0.2,0,0,0,0,0,0,0,0,0.0,0.0,0.0,0.0,0,0,0,0.00,0.00,0.00,0.00,0.00,0.00,0.00,0.00,0.00,0.00,Partidos
583,Ángel Zaldívar,mx MEX,DL,Atlético,28,1994,15,7,704,7.8,1,1,2,0,1,1,2,0,3.3,2.5,0.9,3.4,3,18,34,0.13,0.13,0.26,0.00,0.13,0.42,0.12,0.54,0.32,0.44,Partidos
584,Ángel Zaldívar,mx MEX,DL,Guadalajara,28,1994,14,11,761,8.5,4,0,4,3,1,2,1,0,3.5,1.7,0.8,2.5,6,13,30,0.47,0.00,0.47,0.35,0.35,0.41,0.09,0.50,0.21,0.29,Partidos
585,Edgar Zaldívar,mx MEX,CC,Atlas,25,1996,28,19,1647,18.3,0,0,0,0,0,0,7,0,0.5,0.5,0.5,1.0,13,55,24,0.00,0.00,0.00,0.00,0.00,0.03,0.03,0.05,0.03,0.05,Partidos
586,Ángel Zapata,mx MEX,CC,Monterrey,21,2001,1,0,1,0.0,0,0,0,0,0,0,0,0,0.0,0.0,0.0,0.0,0,0,0,0.00,0.00,0.00,0.00,0.00,0.00,0.00,0.00,0.00,0.00,Partidos
587,Alejandro Zendejas,us USA,"DL,CC",América,24,1998,28,25,1861,20.7,8,4,12,8,0,0,6,0,4.5,4.5,4.1,8.6,61,103,202,0.39,0.19,0.58,0.39,0.58,0.22,0.20,0.42,0.22,0.42,Partidos
588,José Zúñiga,co COL,DL,Querétaro,28,1994,17,10,984,10.9,2,1,3,2,0,0,1,0,4.0,4.0,0.4,4.4,16,12,60,0.18,0.09,0.27,0.18,0.27,0.37,0.04,0.40,0.37,0.40,Partidos
