RL,Jugador,País,Posc,Equipo,Edad,Nacimiento,90 s,Int.,Balón vivo,Balón muerto,FK,PL,Camb.,Pcz,Lanz.,SE,Dentro,Fuera,Rect.,Cmp,PA,Bloqueos,Partidos
1,José Abella,mx MEX,"DF,CC",Atlas,28,1994,20.9,922,728,193,13,5,11,66,180,0,0,0,0,672,1,23,Partidos
2,Clifford Aboagye,gh GHA,CC,Querétaro,27,1995,6.5,308,300,6,2,0,2,10,1,2,0,2,0,241,2,12,Partidos
3,Luis Abram,pe PER,DF,Cruz Azul,26,1996,10.0,346,325,19,8,0,7,2,11,0,0,0,0,270,2,4,Partidos
4,Carlos Acevedo,mx MEX,PO,Santos,26,1996,33.0,950,527,421,75,0,0,0,0,0,0,0,0,642,2,0,Partidos
5,Sergio Adrián Flores,mx MEX,CC,Guadalajara,27,1995,11.2,525,509,14,11,1,4,2,2,0,0,0,0,417,2,8,Partidos
6,Washington Aguerre,uy URU,PO,Querétaro,29,1993,9.0,267,156,110,23,0,1,0,0,0,0,0,0,168,1,0,Partidos
7,Eduardo Águila,mx MEX,DF,Atlético,20,2002,2.4,123,98,25,3,0,1,2,22,0,0,0,0,90,0,2,Partidos
8,Daniel Aguilar,mx MEX,"DF,CC",Puebla,24,1998,7.9,367,312,54,4,0,3,13,47,1,1,0,0,285,1,10,Partidos
9,Manuel Aguilar,mx MEX,DF,UANL,19,2003,0.5,18,17,1,0,0,0,0,1,0,0,0,0,16,0,1,Partidos
10,Emanuel Aguilera,ar ARG,DF,Atlas,33,1989,11.5,548,509,38,14,0,13,0,24,0,0,0,0,455,1,3,Partidos
11,Eduardo Aguirre,mx MEX,DL,Santos,23,1998,12.7,224,217,6,0,0,1,4,0,0,0,0,0,156,1,9,Partidos
12,Érick Aguirre,mx MEX,DF,Monterrey,25,1997,15.6,684,545,138,4,0,3,49,134,0,0,0,0,519,1,13,Partidos
13,Gaddi Aguirre,mx MEX,DF,Atlas,26,1996,15.8,783,701,80,23,0,9,2,57,0,0,0,0,632,2,3,Partidos
14,Rodrigo Aguirre,uy URU,"DL,CC",Monterrey,27,1994,22.3,417,389,26,1,4,3,27,8,1,0,0,0,275,2,16,Partidos
15,Manuel Agustín Duarte,ar ARG,CC,Querétaro,20,2001,4.6,199,186,11,3,1,2,12,7,1,0,1,0,143,2,7,Partidos
16,Arnaud Ake,ci CIV,DL,Mazatlán,24,1998,8.6,150,134,15,0,0,0,2,1,0,0,0,0,106,1,1,Partidos
17,Edgar Alaffita,mx MEX,CC,UNAM,25,1996,1.4,55,54,1,0,0,0,3,0,1,0,0,0,40,0,1,Partidos
18,Oswaldo Alanís,mx MEX,DF,Mazatlán,33,1989,19.1,962,881,81,46,0,16,1,33,0,0,0,0,793,0,10,Partidos
19,Jesús Alberto Angulo,mx MEX,DF,UANL,24,1998,29.2,1753,1444,298,39,3,14,59,259,0,0,0,0,1364,11,31,Partidos
20,Gil Alcalá,mx MEX,PO,Querétaro,30,1992,17.0,533,328,204,28,0,0,0,0,0,0,0,0,364,1,0,Partidos
21,Gil Alcalá,mx MEX,PO,UNAM,30,1992,2.0,50,25,25,4,0,0,0,0,0,0,0,0,33,0,0,Partidos
22,Adrián Aldrete,mx MEX,DF,UNAM,34,1988,16.0,711,537,170,23,2,8,29,139,7,0,6,0,515,4,11,Partidos
23,Daniel Alexis Parra,mx MEX,"DF,CC",Necaxa,23,1999,1.6,77,51,26,4,0,1,7,19,3,0,2,0,57,0,1,Partidos
24,Luis Alfonso Rodríguez,mx MEX,"DF,CC",FC Juárez,31,1991,15.0,840,717,122,14,2,9,33,108,0,0,0,0,655,1,32,Partidos
25,Luis Alfonso Rodríguez,mx MEX,DF,UANL,31,1991,1.4,89,80,9,1,0,0,3,8,0,0,0,0,78,0,2,Partidos
26,David Alfredo Andrade,mx MEX,"CC,DF",Atlético,29,1993,3.1,180,151,28,2,0,1,35,21,5,2,3,0,129,1,10,Partidos
27,Facundo Almada,ar ARG,DF,Mazatlán,24,1998,12.4,625,544,79,16,1,6,7,63,0,0,0,0,497,2,6,Partidos
28,Carlos Alonso Vargas,mx MEX,DF,Cruz Azul,23,1999,0.2,5,5,0,0,0,0,0,0,0,0,0,0,5,0,0,Partidos
29,Carlos Alonso Vargas,mx MEX,DF,Mazatlán,23,1999,10.3,384,315,69,13,1,0,23,56,0,0,0,0,270,0,16,Partidos
30,Jozy Altidore,us USA,"DL,CC",Puebla,32,1989,1.0,16,14,2,0,0,0,0,0,0,0,0,0,12,0,0,Partidos
31,Alfonso Alvarado,mx MEX,"DL,CC",León,22,2000,7.9,191,183,5,0,1,1,2,4,0,0,0,0,131,3,6,Partidos
32,Roberto Alvarado,mx MEX,"CC,DL",Guadalajara,23,1998,26.8,1143,1044,90,25,7,8,75,18,41,18,13,0,892,9,22,Partidos
33,Ventura Alvarado,us USA,DF,FC Juárez,29,1992,5.2,233,220,13,9,0,0,0,4,0,0,0,0,193,0,3,Partidos
34,Alek Álvarez,mx MEX,"DF,CC",UNAM,19,2003,5.3,233,187,46,6,0,10,21,30,10,5,5,0,182,0,2,Partidos
35,Kevin Álvarez,mx MEX,DF,Pachuca,23,1999,31.4,1709,1368,331,16,2,7,90,315,0,0,0,0,1314,10,49,Partidos
36,Daniel Álvarez López,mx MEX,"DL,CC",Toluca,28,1994,3.1,107,101,6,2,1,0,4,0,1,0,1,0,86,0,2,Partidos
37,Daniel Álvarez López,mx MEX,"CC,DF",Puebla,28,1994,3.7,136,132,3,0,0,1,7,2,1,0,1,0,105,1,4,Partidos
38,Dani Alves,br BRA,"CC,DF",UNAM,39,1983,12.5,746,643,100,48,6,9,74,11,41,16,24,0,573,3,16,Partidos
39,Fidel Ambríz,mx MEX,"CC,DF",León,19,2003,23.6,1080,1053,24,21,1,9,4,3,0,0,0,0,911,3,8,Partidos
40,Esteban Andrada,ar ARG,PO,Monterrey,31,1991,25.0,941,738,202,50,2,0,0,1,0,0,0,0,684,1,0,Partidos
41,Alejandro Andrade,mx MEX,CC,Necaxa,20,2001,0.7,30,30,0,0,0,0,0,0,0,0,0,0,27,0,1,Partidos
42,Luis Ángel Malagón,mx MEX,PO,América,25,1997,7.0,224,142,81,13,0,2,0,0,0,0,0,0,138,1,0,Partidos
43,Luis Ángel Malagón,mx MEX,PO,Necaxa,25,1997,17.0,675,468,204,49,0,2,0,0,0,0,0,0,502,3,0,Partidos
44,Miguel Ángel Ponce,mx MEX,"DF,DL",Guadalajara,33,1989,1.4,62,51,11,3,0,2,2,8,0,0,0,0,54,0,0,Partidos
45,Brayan Angulo,co COL,DF,Toluca,32,1989,23.0,1670,1465,201,19,3,14,42,177,5,0,5,0,1465,4,19,Partidos
46,Jesús Angulo,mx MEX,"DF,CC",Guadalajara,25,1997,0.3,19,18,1,0,0,0,1,1,0,0,0,0,16,0,0,Partidos
47,Jesús Angulo,mx MEX,CC,León,25,1997,1.7,109,99,10,2,0,1,6,3,4,1,3,0,98,0,4,Partidos
48,Brayan Angulo Mosquera,co COL,CC,Toluca,29,1993,2.3,,,,,,,0,,,,,,,,,Partidos
49,Francisco Antonio Figueroa,mx MEX,"DL,CC",Pachuca,23,1999,5.6,214,206,8,0,1,0,52,8,0,0,0,0,161,0,8,Partidos
50,Francisco Antonio Figueroa,mx MEX,"CC,DL",Querétaro,23,1999,0.5,31,30,1,0,0,0,4,1,0,0,0,0,23,0,0,Partidos
RL,Jugador,País,Posc,Equipo,Edad,Nacimiento,90 s,Int.,Balón vivo,Balón muerto,FK,PL,Camb.,Pcz,Lanz.,SE,Dentro,Fuera,Rect.,Cmp,PA,Bloqueos,Partidos
51,Jorge Antonio Padilla,mx MEX,DF,Mazatlán,28,1993,12.9,669,531,138,4,0,0,35,134,0,0,0,0,463,0,34,Partidos
52,José Antonio Rodríguez,mx MEX,PO,Tijuana,30,1992,17.0,467,294,172,30,0,1,0,0,0,0,0,0,342,1,0,Partidos
53,José Antonio Rodríguez,mx MEX,PO,Querétaro,30,1992,8.0,230,145,85,18,0,0,0,0,0,0,0,0,170,0,0,Partidos
54,Uriel Antuna,mx MEX,"DL,CC",Cruz Azul,24,1997,28.9,830,797,27,2,2,4,86,20,0,0,0,0,627,6,32,Partidos
55,Javier Aquino,mx MEX,"DF,DL",UANL,32,1990,21.4,1247,1089,155,13,0,7,54,142,0,0,0,0,1024,3,22,Partidos
56,Pedro Aquino,pe PER,CC,América,27,1995,9.3,685,666,18,17,1,7,0,1,0,0,0,0,616,1,4,Partidos
57,Cristian Arango,co COL,"DL,CC",Pachuca,27,1995,5.3,110,101,8,2,3,0,5,1,0,0,0,0,73,1,7,Partidos
58,Ángelo Araos,cl CHI,CC,Necaxa,25,1997,10.4,310,306,4,0,1,3,20,2,2,0,0,0,224,0,12,Partidos
59,Maximiliano Araújo,uy URU,"CC,DF",Toluca,22,2000,16.2,700,631,67,1,1,5,39,63,3,0,2,0,549,2,19,Partidos
60,Maximiliano Araújo,uy URU,"CC,DF",Puebla,22,2000,14.6,414,382,30,0,1,3,63,14,16,9,2,0,285,2,19,Partidos
61,Néstor Araujo,mx MEX,DF,América,30,1991,20.1,909,889,18,14,0,7,2,4,0,0,0,0,760,2,8,Partidos
62,Fernando Arce Jr.,us USA,CC,FC Juárez,25,1996,4.9,107,107,0,0,0,2,0,0,0,0,0,0,90,0,5,Partidos
63,Fernando Arce Jr.,us USA,CC,Puebla,25,1996,1.3,50,45,5,4,0,1,2,1,0,0,0,0,36,0,3,Partidos
64,Fernando Aristeguieta,ve VEN,DL,Puebla,30,1992,2.8,81,78,3,0,0,0,0,0,0,0,0,0,50,0,0,Partidos
65,Rodrigo Armando González,mx MEX,DF,Atlético,27,1995,12.1,397,367,30,29,0,3,0,1,0,0,0,0,300,0,5,Partidos
66,Daniel Armando Ríos,mx MEX,DL,Guadalajara,27,1995,5.8,88,85,3,0,0,0,3,0,0,0,0,0,65,0,6,Partidos
67,Eduardo Armenta,mx MEX,CC,Tijuana,20,2001,5.3,201,199,1,1,1,0,4,0,0,0,0,0,151,1,6,Partidos
68,Alejandro Arribas,es ESP,DF,FC Juárez,33,1989,23.0,967,917,45,43,0,4,0,2,0,0,0,0,798,5,3,Partidos
69,José Ávila,mx MEX,"CC,DF",Santos,24,1998,0.8,45,42,3,0,0,0,5,0,3,1,1,0,33,0,3,Partidos
70,David Ayala,mx MEX,CC,UANL,22,2000,0.2,5,5,0,0,0,0,0,0,0,0,0,0,5,0,0,Partidos
71,Hugo Ayala,mx MEX,"DF,DL",UANL,35,1987,1.8,82,77,5,4,0,1,0,1,0,0,0,0,72,0,0,Partidos
72,Ettson Ayon,mx MEX,"DL,CC",Querétaro,21,2001,7.9,101,94,5,0,0,0,4,1,0,0,0,0,61,2,13,Partidos
73,Rafael Baca,mx MEX,CC,Cruz Azul,32,1989,11.3,435,427,8,6,1,0,0,2,0,0,0,0,360,0,5,Partidos
74,Claudio Baeza,cl CHI,CC,Toluca,28,1993,24.7,1659,1609,48,44,0,17,4,3,0,0,0,0,1513,2,19,Partidos
75,Kevin Balanta,co COL,DF,Querétaro,25,1997,22.3,920,887,30,24,0,15,3,5,0,0,0,0,698,3,11,Partidos
RL,Jugador,País,Posc,Equipo,Edad,Nacimiento,90 s,Int.,Balón vivo,Balón muerto,FK,PL,Camb.,Pcz,Lanz.,SE,Dentro,Fuera,Rect.,Cmp,PA,Bloqueos,Partidos
76,Carlos Baltazar,mx MEX,CC,Puebla,25,1997,0.1,9,9,0,0,0,0,0,0,0,0,0,0,9,0,0,Partidos
77,Miguel Barbieri,ar ARG,DF,Querétaro,28,1993,12.3,541,506,34,31,0,11,0,3,0,0,0,0,390,1,6,Partidos
78,David Barbona,ar ARG,"CC,DL",Querétaro,27,1995,6.3,207,205,2,2,2,1,5,0,0,0,0,0,169,0,9,Partidos
79,Diego Barbosa,mx MEX,DF,Atlas,25,1996,12.4,495,404,89,1,0,11,61,88,0,0,0,0,338,2,22,Partidos
80,Marcelo Barovero,ar ARG,PO,Atlético,38,1984,32.6,881,455,423,84,0,1,0,0,0,0,0,0,560,3,1,Partidos
81,Martín Barra,mx MEX,"CC,DL",FC Juárez,20,2002,0.6,34,34,0,0,0,0,3,0,0,0,0,0,28,0,3,Partidos
82,Martín Barragán,mx MEX,DL,Puebla,31,1991,25.9,554,520,33,0,1,3,2,4,0,0,0,0,402,1,13,Partidos
83,Jaine Barreiro,co COL,DF,León,28,1994,27.5,1329,1256,71,63,5,45,12,8,0,0,0,0,1037,2,20,Partidos
84,Pablo Barrera,mx MEX,"CC,DL",Querétaro,35,1987,31.9,1311,1096,210,51,1,16,275,54,104,19,71,2,873,5,48,Partidos
85,Abraham Bass,mx MEX,CC,Atlas,20,2001,0.8,29,28,0,0,0,0,0,0,0,0,0,0,20,1,1,Partidos
86,Damián Batallini,ar ARG,"CC,DL",Necaxa,26,1996,8.3,259,236,23,8,1,2,30,10,3,2,1,0,195,0,10,Partidos
87,Facundo Batista,uy URU,DL,Necaxa,23,1999,19.7,315,292,23,0,2,4,9,0,0,0,0,0,211,0,5,Partidos
88,Eduard Bello,ve VEN,"DL,CC",Mazatlán,26,1995,13.5,418,375,39,13,0,1,46,18,7,4,3,0,292,4,21,Partidos
89,Paul Bellón,mx MEX,DF,León,25,1997,20.2,894,850,43,28,0,4,6,15,0,0,0,0,741,1,7,Partidos
90,Fernando Beltrán,mx MEX,CC,Guadalajara,24,1998,27.1,1308,1277,24,14,9,11,25,4,1,1,0,0,1110,7,21,Partidos
91,Nicolás Benedetti,co COL,"CC,DL",Mazatlán,25,1997,23.4,847,709,134,36,3,3,149,27,66,19,29,0,600,4,28,Partidos
92,Pablo Bennevendo Peña,mx MEX,DF,UNAM,22,2000,23.0,963,762,201,5,1,8,32,196,0,0,0,0,712,0,23,Partidos
93,Germán Berterame,ar ARG,"DL,CC",Monterrey,23,1998,26.0,671,645,18,1,3,2,26,8,3,1,1,0,473,8,31,Partidos
94,Unai Bilbao,es ESP,DF,Atlético,28,1994,14.4,564,537,27,22,1,16,0,1,0,0,0,0,463,0,0,Partidos
95,Léo Bonatini,br BRA,DL,Atlético,28,1994,10.1,212,191,21,0,0,2,3,3,0,0,0,0,157,0,6,Partidos
96,Antonio Briseño,mx MEX,DF,Guadalajara,28,1994,4.1,209,204,5,3,0,3,0,2,0,0,0,0,177,0,1,Partidos
97,Isaác Brizuela,mx MEX,"DL,CC",Guadalajara,31,1990,9.0,367,356,10,2,1,0,15,8,0,0,0,0,277,1,10,Partidos
98,Juan Brunetta,ar ARG,"CC,DL",Santos,25,1997,28.1,1384,1168,208,57,10,54,163,15,120,53,55,4,1069,8,24,Partidos
99,Gustavo Cabral,ar ARG,DF,Pachuca,36,1985,29.8,1417,1335,78,69,1,16,1,9,0,0,0,0,1205,4,3,Partidos
100,David Cabrera Pujol,mx MEX,CC,Querétaro,32,1989,0.3,21,21,0,0,0,0,0,0,0,0,0,0,19,0,0,Partidos
RL,Jugador,País,Posc,Equipo,Edad,Nacimiento,90 s,Int.,Balón vivo,Balón muerto,FK,PL,Camb.,Pcz,Lanz.,SE,Dentro,Fuera,Rect.,Cmp,PA,Bloqueos,Partidos
101,Sebastián Cáceres,uy URU,DF,América,22,1999,23.1,1036,1002,31,30,0,2,4,0,0,0,0,0,874,3,8,Partidos
102,Jordy Caicedo,ec ECU,"DL,CC",UANL,24,1997,5.8,100,96,3,0,0,2,4,0,0,0,0,0,71,1,2,Partidos
103,José Caicedo,co COL,"CC,DF",UNAM,20,2002,11.3,520,507,12,5,2,9,3,6,1,0,1,0,422,1,10,Partidos
104,Cristian Calderón,mx MEX,"DF,DL",Guadalajara,25,1997,21.2,926,694,228,17,0,14,44,205,6,2,2,0,677,4,21,Partidos
105,Luis Calzadilla,mx MEX,CC,Pachuca,22,2000,0.3,8,7,0,0,0,0,0,0,0,0,0,0,6,1,0,Partidos
106,Raúl Camacho,mx MEX,"DL,CC",Mazatlán,20,2002,0.7,26,23,3,0,0,0,2,0,0,0,0,0,17,0,1,Partidos
107,Joel Campbell,cr CRC,"CC,DL",León,30,1992,17.3,770,719,49,24,7,14,41,14,11,6,3,0,615,2,16,Partidos
108,Omar Campos,mx MEX,DF,Santos,20,2002,32.6,1306,1031,271,14,2,12,74,256,1,0,0,0,975,4,34,Partidos
109,Alexis Canelo,ar ARG,DL,Tijuana,30,1992,32.0,1016,984,28,4,3,11,90,9,0,0,0,0,645,4,52,Partidos
110,Luis Cárdenas,mx MEX,PO,Monterrey,28,1993,8.5,289,208,80,17,0,2,0,0,0,0,0,0,212,1,0,Partidos
111,Ulises Cardona,mx MEX,"CC,DL",Necaxa,23,1998,0.7,30,28,2,0,0,0,6,1,1,0,1,0,23,0,0,Partidos
112,Rafael Carioca,br BRA,CC,UANL,33,1989,21.5,1488,1411,69,56,6,23,30,8,4,3,1,0,1291,8,22,Partidos
113,Gonzalo Carneiro,uy URU,DL,Cruz Azul,26,1995,11.1,216,200,12,0,0,1,8,0,0,0,0,0,134,4,9,Partidos
114,Ramiro Carrera,ar ARG,"CC,DL",Cruz Azul,28,1993,3.0,97,90,6,2,3,0,11,2,2,1,0,0,69,1,2,Partidos
115,Jordan Carrillo,mx MEX,"CC,DF",Santos,20,2001,1.2,47,43,4,0,0,0,2,4,0,0,0,0,39,0,0,Partidos
116,Kevin Castañeda,mx MEX,CC,Tijuana,22,1999,3.9,246,218,26,6,0,2,25,2,17,10,7,0,181,2,2,Partidos
117,Byron Castillo,ec ECU,DF,León,23,1998,15.7,700,566,130,6,0,4,64,123,1,0,1,0,536,4,20,Partidos
118,Fabián Castillo,co COL,DL,Tijuana,30,1992,2.4,69,69,0,0,0,0,5,0,0,0,0,0,51,0,5,Partidos
119,José Castillo Pérez,mx MEX,DF,Pachuca,20,2001,13.3,777,700,77,14,0,3,12,63,0,0,0,0,639,0,13,Partidos
120,Raúl Castillo,mx MEX,CC,Puebla,20,2001,0.7,17,15,2,1,0,0,3,0,1,1,0,0,12,0,0,Partidos
121,Lucas Cavallini,ca CAN,DL,Tijuana,29,1992,8.0,195,174,20,0,2,3,11,0,0,0,0,0,132,1,6,Partidos
122,Enrique Cedillo,mx MEX,DF,Mazatlán,26,1996,4.8,260,245,15,11,0,5,1,3,0,0,0,0,219,0,1,Partidos
123,Julien Celestine,fr FRA,DF,León,25,1997,3.3,90,88,2,2,0,1,0,0,0,0,0,0,69,0,0,Partidos
124,Alan Cervantes,mx MEX,CC,Santos,24,1998,24.2,1148,1112,34,27,2,23,8,6,1,0,0,0,1019,2,16,Partidos
125,Daniel Cervantes,mx MEX,DF,Querétaro,32,1990,3.5,120,115,5,4,0,1,0,1,0,0,0,0,95,0,2,Partidos
RL,Jugador,País,Posc,Equipo,Edad,Nacimiento,90 s,Int.,Balón vivo,Balón muerto,FK,PL,Camb.,Pcz,Lanz.,SE,Dentro,Fuera,Rect.,Cmp,PA,Bloqueos,Partidos
126,Luís Cervantes,mx MEX,DF,León,21,2001,2.1,68,53,15,0,0,0,0,15,0,0,0,0,58,0,2,Partidos
127,Aníbal Chalá,ec ECU,"DF,CC",Atlas,26,1996,11.3,418,381,36,2,1,1,51,29,4,1,3,0,286,1,14,Partidos
128,Diego Chávez Collins,mx MEX,"DL,CC",FC Juárez,27,1995,2.3,63,60,3,0,0,1,4,3,0,0,0,0,43,0,4,Partidos
129,Luis Chávez,mx MEX,CC,Pachuca,26,1996,31.1,1984,1764,215,117,3,33,103,17,80,34,22,0,1625,5,20,Partidos
130,Ricardo Chávez Soto,mx MEX,DF,Atlético,27,1994,31.2,1541,1209,328,22,1,9,130,288,18,0,17,0,1108,4,42,Partidos
131,Jesús Chiquete,mx MEX,DF,Guadalajara,20,2002,29.4,1170,1068,99,31,0,26,16,68,0,0,0,0,929,3,16,Partidos
132,Ronaldo Cisneros,mx MEX,"DL,CC",Guadalajara,25,1997,9.6,140,131,9,0,0,1,5,0,0,0,0,0,105,0,2,Partidos
133,Josué Colmán,py PAR,"CC,DL",Mazatlán,24,1998,11.6,400,374,24,5,2,5,30,7,10,4,4,0,302,2,14,Partidos
134,Bryan Colula,mx MEX,DF,Mazatlán,26,1996,21.5,887,744,142,6,2,5,52,136,0,0,0,0,623,1,24,Partidos
135,Francisco Contreras,mx MEX,"DF,CC",Tijuana,23,1999,7.8,429,355,73,11,0,0,45,42,20,4,14,0,309,1,13,Partidos
136,José Corona,mx MEX,PO,Cruz Azul,41,1981,23.0,680,411,266,56,0,1,0,0,0,0,0,0,515,3,0,Partidos
137,George Corral,mx MEX,"DF,CC",Puebla,32,1990,3.0,206,189,17,8,0,3,1,9,0,0,0,0,183,0,2,Partidos
138,Rogelio Cortéz Pineda,mx MEX,CC,Necaxa,18,2004,1.6,77,70,6,2,0,1,4,3,1,0,1,0,58,1,1,Partidos
139,Jordi Cortizo,mx MEX,"CC,DL",Puebla,26,1996,13.5,523,516,7,3,5,5,13,3,1,1,0,0,425,0,15,Partidos
140,Jordi Cortizo,mx MEX,"CC,DL",Monterrey,26,1996,4.2,191,185,6,1,1,1,5,1,4,1,1,0,169,0,2,Partidos
141,Rodolfo Cota,mx MEX,PO,León,35,1987,34.0,1117,688,427,126,0,1,0,0,0,0,0,0,842,2,1,Partidos
142,Aldo Cruz,mx MEX,DF,Atlético,24,1997,14.5,631,480,149,17,0,7,25,132,0,0,0,0,469,2,11,Partidos
143,Jürgen Damm,mx MEX,"DL,CC",América,29,1992,1.0,52,51,1,0,0,0,14,1,0,0,0,0,34,0,1,Partidos
144,Jorge Daniel Hernández,mx MEX,CC,Querétaro,33,1989,13.9,615,592,23,23,0,7,0,0,0,0,0,0,524,0,9,Partidos
145,Juan David Castro,mx MEX,"CC,DL",Atlético,30,1991,4.0,159,151,8,3,1,1,9,2,2,0,2,0,127,0,5,Partidos
146,José David Ramírez,mx MEX,DF,León,26,1995,0.2,14,14,0,0,0,0,1,0,0,0,0,0,11,0,1,Partidos
147,Víctor Dávila,cl CHI,"DL,CC",León,24,1997,23.4,850,744,100,30,4,9,92,18,46,17,17,0,591,6,23,Partidos
148,Diego De Buen,mx MEX,"DF,CC",Puebla,31,1991,33.5,1539,1393,143,86,1,27,16,40,0,0,0,0,1238,3,9,Partidos
149,Sergio De los Ríos,mx MEX,CC,América,19,2003,0.2,5,5,0,0,0,0,0,0,0,0,0,0,4,0,1,Partidos
150,Arturo del Campo,mx MEX,CC,Toluca,19,2003,0.0,2,2,0,0,0,0,0,0,0,0,0,0,1,0,0,Partidos
RL,Jugador,País,Posc,Equipo,Edad,Nacimiento,90 s,Int.,Balón vivo,Balón muerto,FK,PL,Camb.,Pcz,Lanz.,SE,Dentro,Fuera,Rect.,Cmp,PA,Bloqueos,Partidos
151,Gustavo Del Prete,ar ARG,"CC,DL",UNAM,26,1996,22.0,669,604,65,14,6,10,44,8,24,8,13,0,507,0,14,Partidos
152,Everardo Del Villar,mx MEX,DF,Toluca,17,2005,0.2,18,15,3,0,0,0,0,3,0,0,0,0,17,0,0,Partidos
153,Arturo Delgado,mx MEX,PO,UANL,20,2002,0.5,14,10,4,1,0,0,0,0,0,0,0,0,10,0,0,Partidos
154,Franco Di Santo,ar ARG,DL,Tijuana,33,1989,8.2,198,177,19,0,0,1,7,1,0,0,0,0,125,2,8,Partidos
155,Lucas Di Yorio,ar ARG,DL,León,25,1996,28.3,424,373,46,0,0,4,24,0,0,0,0,0,265,5,25,Partidos
156,Nicolás Díaz Huincales,cl CHI,DF,Tijuana,23,1999,29.4,1542,1385,154,55,0,15,52,73,13,0,13,0,1193,3,21,Partidos
157,Jair Díaz,mx MEX,DF,Tijuana,23,1998,15.7,645,493,150,13,0,7,30,136,1,0,0,0,429,2,20,Partidos
158,Diogo,br BRA,"DL,CC",UNAM,25,1996,18.9,419,396,21,1,1,0,28,9,0,0,0,0,276,2,12,Partidos
159,Cecilio Domínguez,py PAR,"CC,DL",Santos,27,1994,3.0,140,130,10,2,1,1,6,4,4,1,3,0,107,0,4,Partidos
160,Idekel Domínguez,mx MEX,CC,Atlas,22,2000,0.7,14,13,1,0,0,0,1,1,0,0,0,0,10,0,0,Partidos
161,Juan Domínguez,mx MEX,"DL,CC",Necaxa,23,1998,4.3,126,117,8,3,0,0,5,3,2,0,1,0,94,1,7,Partidos
162,Julio Domínguez,mx MEX,DF,Cruz Azul,34,1987,27.4,1306,1185,117,45,1,5,7,72,0,0,0,0,1127,4,11,Partidos
163,Misael Domínguez,mx MEX,"CC,DL",Tijuana,22,1999,2.2,92,86,5,3,1,0,5,2,0,0,0,0,68,1,0,Partidos
164,Dória,br BRA,DF,Santos,27,1994,14.1,539,497,39,21,0,3,1,16,0,0,0,0,404,3,5,Partidos
165,Jonathan dos Santos,mx MEX,CC,América,32,1990,7.0,500,487,12,9,2,6,3,1,2,1,1,0,448,1,1,Partidos
166,Rodrigo Dourado,br BRA,CC,Atlético,28,1994,24.2,1062,990,69,58,1,16,1,7,0,0,0,0,867,3,16,Partidos
167,Jesús Dueñas,mx MEX,"CC,DL",FC Juárez,33,1989,25.7,1281,1114,164,52,3,23,127,46,65,27,33,0,1016,3,30,Partidos
168,Javier Eduardo López,mx MEX,"CC,DL",Pachuca,27,1994,12.5,469,424,42,8,8,2,29,7,24,15,4,0,361,3,14,Partidos
169,Jorge Eduardo Sánchez,mx MEX,DF,América,24,1997,3.0,162,130,31,3,0,1,11,28,0,0,0,0,131,1,5,Partidos
170,Francisco Eduardo Venegas,mx MEX,"DF,DL",UANL,24,1998,1.2,52,44,8,0,0,1,7,7,1,1,0,0,38,0,2,Partidos
171,Francisco Eduardo Venegas,mx MEX,"DF,CC",Mazatlán,24,1998,10.5,505,440,64,7,2,3,12,57,0,0,0,0,390,1,7,Partidos
172,Alfonso Emilio Sánchez,mx MEX,"CC,DL",Mazatlán,28,1994,7.2,271,262,8,5,0,2,2,1,1,0,0,0,205,1,4,Partidos
173,José Enrique Angulo,ec ECU,DL,Querétaro,27,1995,4.0,77,68,7,0,0,1,5,0,0,0,0,0,43,2,8,Partidos
174,Luis Enrique Quiñones,co COL,"DL,CC",UANL,31,1991,23.3,1078,1001,74,12,3,2,133,33,29,1,8,0,778,3,43,Partidos
175,Carlos Ernesto Cisneros,mx MEX,"DL,DF",Guadalajara,28,1993,19.2,718,660,58,9,1,3,66,46,3,2,0,0,524,0,36,Partidos
RL,Jugador,País,Posc,Equipo,Edad,Nacimiento,90 s,Int.,Balón vivo,Balón muerto,FK,PL,Camb.,Pcz,Lanz.,SE,Dentro,Fuera,Rect.,Cmp,PA,Bloqueos,Partidos
176,Kevin Escamilla,mx MEX,CC,Querétaro,28,1994,23.1,850,820,27,14,0,9,11,5,0,0,0,0,710,3,14,Partidos
177,Juan Escobar,py PAR,DF,Cruz Azul,27,1995,26.2,1312,1193,118,57,1,11,12,61,0,0,0,0,1092,1,15,Partidos
178,Alonso Escoboza,mx MEX,"DF,CC",Cruz Azul,29,1993,4.6,194,160,34,11,0,2,18,21,2,0,2,0,128,0,3,Partidos
179,Amaury Escoto,mx MEX,"DL,CC",Puebla,29,1992,1.6,34,34,0,0,1,0,0,0,0,0,0,0,24,0,1,Partidos
180,Michael Estrada,ec ECU,DL,Cruz Azul,26,1996,9.3,147,129,16,0,0,0,4,0,0,0,0,0,84,2,5,Partidos
181,Marco Fabián,mx MEX,"CC,DL",Mazatlán,33,1989,8.4,391,349,41,10,3,0,29,2,19,4,12,0,289,1,8,Partidos
182,Luis Félix,mx MEX,DF,Tijuana,21,2000,2.3,123,103,20,3,0,2,8,17,0,0,0,0,90,0,2,Partidos
183,Omar Fernández Frasica,co COL,"CC,DL",Puebla,29,1993,17.7,847,805,38,5,2,17,45,13,19,15,0,0,714,4,10,Partidos
184,Gabriel Fernández,uy URU,DL,FC Juárez,28,1994,28.1,574,509,61,2,3,13,26,2,0,0,0,0,386,4,23,Partidos
185,Leonardo Fernández,uy URU,"CC,DL",Toluca,23,1998,20.6,1296,1056,232,96,20,44,188,9,117,34,66,3,938,8,23,Partidos
186,Rafael Fernández,mx MEX,DF,Querétaro,21,2000,15.6,674,614,58,19,1,16,12,39,0,0,0,0,517,2,11,Partidos
187,Luis Fernando Fuentes,mx MEX,DF,América,35,1986,19.6,1155,957,195,10,1,10,91,185,0,0,0,0,937,3,18,Partidos
188,Luis Fernando León,ec ECU,DF,Atlético,29,1993,13.8,480,444,35,30,0,7,2,2,0,0,0,0,372,1,3,Partidos
189,Luis Fernando Quintana,mx MEX,DF,Necaxa,30,1992,0.8,51,51,0,0,0,0,1,0,0,0,0,0,47,0,0,Partidos
190,Gustavo Ferrareis,br BRA,"DF,CC",Puebla,26,1996,26.5,1182,990,189,4,4,27,96,185,0,0,0,0,876,3,40,Partidos
191,Álvaro Fidalgo,es ESP,CC,América,25,1997,29.5,2265,2198,64,51,10,38,22,9,4,1,2,0,2046,3,16,Partidos
192,Carlos Fierro,mx MEX,"DL,CC",FC Juárez,28,1994,3.6,55,53,2,0,0,1,9,2,0,0,0,0,29,0,9,Partidos
193,Sebastián Fierro,mx MEX,CC,UANL,20,2001,1.0,40,38,2,2,0,0,1,0,0,0,0,0,36,0,2,Partidos
194,Abraham Flores,mx MEX,DF,Tijuana,20,2002,1.5,58,36,22,2,0,0,0,20,0,0,0,0,32,0,2,Partidos
195,Edison Flores,pe PER,CC,Atlas,28,1994,9.1,319,303,12,2,2,2,24,1,9,3,3,0,249,4,9,Partidos
196,Fabricio Formiliano,uy URU,DF,Necaxa,29,1993,11.9,525,505,18,17,0,7,0,1,0,0,0,0,434,2,2,Partidos
197,Alexis Francisco Peña,mx MEX,DF,Necaxa,26,1996,33.5,1672,1577,92,64,2,35,4,28,0,0,0,0,1299,3,13,Partidos
198,Nicolás Freire,ar ARG,DF,UNAM,28,1994,31.8,1438,1375,60,51,2,31,0,7,0,0,0,0,1151,3,12,Partidos
199,Adonis Frías,ar ARG,DF,León,24,1998,11.6,530,498,29,27,1,2,0,1,0,0,0,0,449,3,5,Partidos
200,Raymundo Fulgencio,mx MEX,"DL,CC",UANL,22,2000,12.7,529,494,35,2,0,5,75,18,15,6,4,0,409,0,20,Partidos
RL,Jugador,País,Posc,Equipo,Edad,Nacimiento,90 s,Int.,Balón vivo,Balón muerto,FK,PL,Camb.,Pcz,Lanz.,SE,Dentro,Fuera,Rect.,Cmp,PA,Bloqueos,Partidos
201,Ramiro Funes Mori,ar ARG,DF,Cruz Azul,31,1991,22.4,1168,1126,40,29,1,17,4,11,0,0,0,0,964,2,7,Partidos
202,Rogelio Funes Mori,mx MEX,DL,Monterrey,31,1991,19.8,430,388,38,0,5,1,9,2,0,0,0,0,296,4,13,Partidos
203,Julio Furch,ar ARG,DL,Atlas,33,1989,20.8,538,487,45,0,4,2,6,1,0,0,0,0,378,6,13,Partidos
204,Alam Galindo,mx MEX,DL,Tijuana,21,2001,0.1,1,1,0,0,0,0,0,0,0,0,0,0,1,0,0,Partidos
205,José Galindo,mx MEX,DF,UNAM,24,1998,10.8,427,389,38,16,0,4,2,22,0,0,0,0,333,0,7,Partidos
206,Jesús Gallardo,mx MEX,DF,Monterrey,27,1994,24.8,1161,932,226,14,2,9,50,209,3,0,3,0,842,3,22,Partidos
207,Isaias Galván,mx MEX,CC,UANL,17,2005,0.2,9,9,0,0,0,0,0,0,0,0,0,0,7,0,0,Partidos
208,Juan Gamboa,mx MEX,"CC,DF",Toluca,21,2001,0.2,13,12,1,0,0,0,1,1,0,0,0,0,11,0,0,Partidos
209,Brian García,mx MEX,DF,Toluca,24,1997,14.8,956,821,134,10,2,10,25,124,0,0,0,0,809,1,14,Partidos
210,Brian García,mx MEX,DF,Necaxa,24,1997,17.0,821,637,182,7,0,10,51,175,0,0,0,0,581,2,11,Partidos
211,Denzell García,mx MEX,CC,FC Juárez,18,2003,10.5,538,526,12,7,1,5,7,0,5,1,4,0,459,0,5,Partidos
212,Emiliano García,mx MEX,CC,Puebla,18,2003,0.2,16,16,0,0,0,0,3,0,0,0,0,0,12,0,2,Partidos
213,Francisco García,mx MEX,DL,América,18,2003,0.1,2,2,0,0,0,0,0,0,0,0,0,0,2,0,0,Partidos
214,Gilberto García,mx MEX,CC,Guadalajara,21,2000,0.2,18,16,2,2,0,0,0,0,0,0,0,0,18,0,0,Partidos
215,Jorge García,mx MEX,CC,Cruz Azul,20,2002,0.2,7,7,0,0,0,0,0,0,0,0,0,0,5,0,1,Partidos
216,José García,mx MEX,DF,Atlético,26,1996,11.0,353,342,11,10,0,13,0,0,0,0,0,0,276,0,5,Partidos
217,Alberto García Jr.,mx MEX,"DL,CC",Querétaro,28,1993,0.3,13,12,0,0,0,0,0,0,0,0,0,0,7,1,2,Partidos
218,Luis García,mx MEX,DL,Puebla,30,1992,8.3,,,,,,,49,,,,,,,,,Partidos
219,Marco García,mx MEX,CC,UNAM,22,2000,4.6,215,201,14,4,1,1,22,3,7,4,3,0,172,0,6,Partidos
220,Matías García,ar ARG,"CC,DF",FC Juárez,30,1991,9.1,394,328,64,26,0,3,44,17,20,12,7,0,289,2,10,Partidos
221,Uziel García,mx MEX,DF,Atlético,21,2001,12.0,476,375,101,3,0,5,26,97,1,0,1,0,316,0,12,Partidos
222,Bryan Garnica,mx MEX,"CC,DL",Necaxa,26,1996,23.4,747,602,139,46,1,3,181,26,67,27,33,0,494,6,29,Partidos
223,Jesús Garza,mx MEX,DF,UANL,22,2000,13.6,813,663,148,8,1,3,45,140,0,0,0,0,642,2,28,Partidos
224,André-Pierre Gignac,fr FRA,DL,UANL,36,1985,29.0,705,656,46,6,0,29,30,5,1,0,0,0,536,3,11,Partidos
225,Milton Giménez,ar ARG,DL,Necaxa,25,1996,16.6,353,320,29,2,1,7,8,1,0,0,0,0,224,4,5,Partidos
RL,Jugador,País,Posc,Equipo,Edad,Nacimiento,90 s,Int.,Balón vivo,Balón muerto,FK,PL,Camb.,Pcz,Lanz.,SE,Dentro,Fuera,Rect.,Cmp,PA,Bloqueos,Partidos
226,Santiago Giménez,mx MEX,DL,Cruz Azul,21,2001,4.5,95,81,14,0,0,1,0,1,0,0,0,0,56,0,6,Partidos
227,Rodrigo Godínez,mx MEX,DF,Tijuana,29,1992,12.6,572,486,84,19,0,4,15,65,0,0,0,0,418,2,7,Partidos
228,Alejandro Gómez,mx MEX,DF,Atlas,20,2002,4.0,242,217,25,8,0,3,4,17,0,0,0,0,202,0,0,Partidos
229,Diego Gómez,mx MEX,"CC,DF",Necaxa,18,2003,4.0,139,129,9,3,0,2,5,6,0,0,0,0,108,1,5,Partidos
230,Enrique Gomez,mx MEX,CC,Toluca,18,2004,0.0,0,0,0,0,0,0,0,0,0,0,0,0,0,0,0,Partidos
231,Jaime Gómez Valencia,mx MEX,"CC,DF",FC Juárez,29,1993,8.8,302,285,17,3,0,0,16,14,0,0,0,0,242,0,9,Partidos
232,Alfonso González,mx MEX,"CC,DL",Monterrey,27,1994,25.3,1005,880,118,33,4,7,119,8,77,33,38,0,723,7,24,Partidos
233,Bryan González,mx MEX,"DF,CC",Pachuca,19,2003,2.0,115,102,13,2,0,1,6,11,0,0,0,0,93,0,2,Partidos
234,Pablo González Díaz,mx MEX,CC,Puebla,30,1992,7.2,373,365,8,7,0,16,1,1,0,0,0,0,327,0,1,Partidos
235,Hugo González Durán,mx MEX,PO,Necaxa,31,1990,16.0,580,373,204,30,0,4,0,0,0,0,0,0,380,3,0,Partidos
236,Carlos González Espínola,py PAR,DL,Toluca,29,1993,24.0,482,456,18,0,2,4,3,2,0,0,0,0,333,8,14,Partidos
237,Fernando González,mx MEX,CC,UANL,21,2001,0.1,6,6,0,0,0,0,1,0,0,0,0,0,4,0,0,Partidos
238,Jair González,mx MEX,"CC,DF",Santos,20,2002,15.1,498,453,43,2,2,3,29,40,0,0,0,0,363,2,25,Partidos
239,José González,mx MEX,"DL,CC",Guadalajara,23,1998,5.5,91,85,6,0,0,0,7,2,0,0,0,0,55,0,5,Partidos
240,José González,mx MEX,DL,UNAM,17,2004,1.0,17,16,1,0,0,0,0,1,0,0,0,0,15,0,1,Partidos
241,Lucas González,ar ARG,CC,Santos,22,2000,4.7,228,217,11,4,3,3,6,2,5,3,2,0,195,0,6,Partidos
242,Fernando Gorriarán,uy URU,CC,Santos,27,1994,15.3,948,856,87,56,3,16,36,7,20,6,12,0,739,5,24,Partidos
243,Fernando Gorriarán,uy URU,"CC,DL",UANL,27,1994,12.2,728,649,72,17,5,5,53,14,31,7,16,0,557,7,11,Partidos
244,Ismael Govea,mx MEX,DF,Tijuana,25,1997,25.5,1077,847,227,21,0,6,52,206,0,0,0,0,827,3,24,Partidos
245,Omar Govea,mx MEX,CC,Monterrey,26,1996,3.6,237,226,10,6,6,1,7,1,3,1,1,0,203,1,2,Partidos
246,Axel Grijalva,mx MEX,DF,Monterrey,22,2000,0.6,21,13,8,1,0,1,1,7,0,0,0,0,13,0,2,Partidos
247,Javier Güemez,mx MEX,CC,Atlético,30,1991,27.0,1303,1242,57,48,6,23,7,6,0,0,0,0,1049,4,16,Partidos
248,Rafael Guerrero,mx MEX,DF,Cruz Azul,19,2003,9.3,411,390,20,13,0,9,0,7,0,0,0,0,354,1,3,Partidos
249,Emanuel Gularte,uy URU,DF,Puebla,24,1997,17.4,701,656,44,12,0,9,9,32,0,0,0,0,554,1,16,Partidos
250,Alexis Gutiérrez,mx MEX,CC,Cruz Azul,22,2000,3.5,179,175,4,2,0,1,3,1,1,0,1,0,149,0,9,Partidos
RL,Jugador,País,Posc,Equipo,Edad,Nacimiento,90 s,Int.,Balón vivo,Balón muerto,FK,PL,Camb.,Pcz,Lanz.,SE,Dentro,Fuera,Rect.,Cmp,PA,Bloqueos,Partidos
251,Carlos Gutiérrez,mx MEX,"DF,DL",UNAM,23,1999,3.4,144,118,26,1,0,0,17,25,0,0,0,0,105,0,4,Partidos
252,Edson Gutiérrez,mx MEX,DF,Monterrey,26,1996,6.5,235,177,58,0,0,0,13,58,0,0,0,0,178,0,4,Partidos
253,Gustavo Gutiérrez,mx MEX,PO,Toluca,25,1996,2.0,67,43,24,5,0,0,0,0,0,0,0,0,53,0,0,Partidos
254,Ricardo Gutiérrez,mx MEX,PO,Mazatlán,25,1997,12.5,468,310,158,39,0,0,0,0,0,0,0,0,342,0,0,Partidos
255,Carlos Guzmán,mx MEX,DF,Toluca,28,1994,4.8,276,250,25,3,0,4,7,21,0,0,0,0,229,1,2,Partidos
256,Carlos Guzmán,mx MEX,DF,Querétaro,28,1994,4.3,230,168,59,7,0,3,8,52,0,0,0,0,168,3,6,Partidos
257,Nahuel Guzmán,ar ARG,PO,UANL,36,1986,32.5,1164,831,331,78,1,4,0,0,0,0,0,0,878,2,2,Partidos
258,Víctor Guzmán,mx MEX,"CC,DL",Pachuca,27,1995,9.5,360,331,25,11,2,12,32,8,6,2,0,0,254,4,14,Partidos
259,Víctor Guzmán,mx MEX,DF,Tijuana,20,2002,15.5,520,492,25,12,0,1,0,2,0,0,0,0,405,3,1,Partidos
260,Víctor Guzmán,mx MEX,"CC,DL",Guadalajara,27,1995,13.2,632,535,93,31,0,18,93,5,49,18,26,0,445,4,22,Partidos
261,Víctor Guzmán,mx MEX,DF,Monterrey,20,2002,13.7,500,478,21,19,1,0,0,1,0,0,0,0,411,1,3,Partidos
262,Abel Hernández,uy URU,DL,Atlético,31,1990,14.1,217,188,27,0,3,0,1,1,0,0,0,0,151,2,7,Partidos
263,Daniel Hernández,mx MEX,CC,Puebla,20,2002,0.1,3,3,0,0,0,0,0,0,0,0,0,0,2,0,0,Partidos
264,Elías Hernández,mx MEX,CC,León,34,1988,7.7,368,306,59,15,1,2,63,18,26,16,9,0,262,3,4,Partidos
265,Fernando Hernández,mx MEX,PO,Monterrey,24,1998,0.5,10,6,4,1,0,0,0,0,0,0,0,0,9,0,0,Partidos
266,Illian Hernandez,mx MEX,"DL,CC",Pachuca,22,2000,7.1,127,115,12,0,1,0,0,0,0,0,0,0,92,0,1,Partidos
267,Jesús Hernández,mx MEX,"DL,CC",Pachuca,20,2001,12.4,428,383,43,5,0,1,46,14,24,13,1,0,308,2,21,Partidos
268,Alberto Herrera,mx MEX,"DF,CC",Puebla,21,2001,1.5,81,68,13,2,0,1,8,11,0,0,0,0,62,0,2,Partidos
269,Ozziel Herrera,mx MEX,"CC,DL",Atlas,21,2001,23.8,639,625,13,3,10,5,39,9,0,0,0,0,460,1,31,Partidos
270,Higor,br BRA,CC,UNAM,28,1994,18.7,870,857,11,8,3,1,7,3,0,0,0,0,724,2,13,Partidos
271,Marino Hinestroza,co COL,"DL,CC",Pachuca,20,2002,7.9,212,200,10,1,1,4,16,5,4,2,1,0,160,2,7,Partidos
272,César Huerta,mx MEX,"CC,DL",UNAM,21,2000,17.2,511,482,28,7,5,7,49,20,1,0,0,0,358,1,23,Partidos
273,Valber Huerta,cl CHI,DF,Toluca,28,1993,34.0,2133,2018,110,47,2,19,9,5,0,0,0,0,1874,5,9,Partidos
274,Rodrigo Huescas,mx MEX,"DF,CC",Cruz Azul,18,2003,15.4,768,630,135,11,1,1,38,120,2,0,2,0,587,3,28,Partidos
275,Avilés Hurtado,co COL,"DL,CC",Pachuca,35,1987,23.9,1014,915,94,4,6,17,102,37,52,11,13,0,730,5,45,Partidos
RL,Jugador,País,Posc,Equipo,Edad,Nacimiento,90 s,Int.,Balón vivo,Balón muerto,FK,PL,Camb.,Pcz,Lanz.,SE,Dentro,Fuera,Rect.,Cmp,PA,Bloqueos,Partidos
276,Nicolás Ibáñez,ar ARG,DL,Pachuca,27,1994,16.3,321,283,33,0,1,2,13,7,0,0,0,0,237,5,9,Partidos
277,Nicolás Ibáñez,ar ARG,DL,UANL,27,1994,8.8,167,156,10,0,0,0,4,4,0,0,0,0,126,1,2,Partidos
278,Javier Ibarra,mx MEX,CC,León,24,1998,0.8,36,34,2,1,0,0,1,0,0,0,0,0,27,0,0,Partidos
279,Renato Ibarra,ec ECU,"DL,CC",Tijuana,31,1991,6.5,227,202,24,9,1,1,32,0,15,3,11,0,145,1,11,Partidos
280,Romario Ibarra,ec ECU,"DL,CC",Pachuca,27,1994,5.6,153,152,0,0,2,0,9,0,0,0,0,0,115,1,7,Partidos
281,Juan Ignacio Dinenno,ar ARG,DL,UNAM,27,1994,30.9,617,553,61,0,7,7,11,0,0,0,0,0,424,3,34,Partidos
282,Fernando Illescas,mx MEX,"DL,DF",Mazatlán,23,1999,2.0,64,60,4,1,0,1,8,2,0,0,0,0,44,0,6,Partidos
283,Andrés Iniestra,mx MEX,CC,Atlético,26,1996,9.8,363,346,17,9,1,4,9,8,0,0,0,0,296,0,9,Partidos
284,Jefferson Intriago,ec ECU,CC,Mazatlán,26,1996,25.6,1265,1191,69,61,1,14,13,3,1,0,1,0,1105,5,19,Partidos
285,Hugo Isaác Rodríguez,mx MEX,DF,Santos,32,1990,27.8,960,943,17,16,1,7,3,1,0,0,0,0,759,0,8,Partidos
286,Mauricio Isais,mx MEX,DF,Pachuca,21,2001,29.2,1536,1211,318,9,2,13,87,309,0,0,0,0,1101,7,53,Partidos
287,Omar Israel Mendoza,mx MEX,DF,Querétaro,33,1988,22.5,1045,759,283,23,1,12,42,260,0,0,0,0,775,3,23,Partidos
288,Edgar Iván López,mx MEX,DL,Toluca,23,1999,10.0,,,,,,,6,,,,,,,,,Partidos
289,Edgar Iván López,mx MEX,DL,Tijuana,23,1999,6.6,,,,,,,11,,,,,,,,,Partidos
290,José Iván Rodríguez,mx MEX,CC,León,26,1996,21.1,950,894,54,42,0,4,3,4,0,0,0,0,839,2,12,Partidos
291,Kenneth Jaime,mx MEX,DF,UANL,18,2004,0.5,29,21,7,0,0,0,2,7,0,0,0,0,21,1,2,Partidos
292,José de Jesús Godínez,mx MEX,DL,Necaxa,25,1997,2.4,70,69,1,0,0,0,1,0,0,0,0,0,45,0,0,Partidos
293,Cristian Jiménez,mx MEX,CC,Cruz Azul,20,2002,0.5,10,10,0,0,0,1,0,0,0,0,0,0,9,0,0,Partidos
294,Jaiber Jiménez,mx MEX,DF,Cruz Azul,27,1995,3.0,121,96,23,0,0,1,5,22,1,1,0,0,87,2,1,Partidos
295,Oscar Jiménez,mx MEX,PO,América,33,1988,11.0,308,216,91,16,0,0,0,0,0,0,0,0,238,1,1,Partidos
296,Miguel Jiménez Ponce,mx MEX,PO,Guadalajara,32,1990,34.0,927,543,376,54,0,1,0,2,0,0,0,0,608,8,0,Partidos
297,José Joaquín Esquivel,mx MEX,CC,Necaxa,24,1998,28.9,1066,1031,31,28,0,6,5,2,0,0,0,0,859,4,22,Partidos
298,José Joaquín Martínez,mx MEX,"DF,CC",Cruz Azul,35,1987,5.2,221,164,56,2,0,1,3,54,0,0,0,0,175,1,6,Partidos
299,Julio José González,mx MEX,PO,UNAM,31,1991,20.0,560,330,229,59,0,1,0,0,0,0,0,0,424,1,0,Partidos
300,Alberto Joshimar Acosta,mx MEX,DF,FC Juárez,34,1988,10.1,603,488,113,19,0,7,24,92,2,1,1,0,484,2,7,Partidos
RL,Jugador,País,Posc,Equipo,Edad,Nacimiento,90 s,Int.,Balón vivo,Balón muerto,FK,PL,Camb.,Pcz,Lanz.,SE,Dentro,Fuera,Rect.,Cmp,PA,Bloqueos,Partidos
301,Joao Joshimar Rojas,ec ECU,"CC,DL",Monterrey,24,1997,1.1,66,58,7,2,0,0,17,0,5,4,0,0,45,1,5,Partidos
302,José Juan Vázquez,mx MEX,CC,Tijuana,34,1988,18.2,785,758,24,17,1,4,5,5,0,0,0,0,677,3,5,Partidos
303,Ramón Juárez,mx MEX,DF,Atlético,21,2001,8.0,209,198,10,7,0,10,0,2,0,0,0,0,157,1,3,Partidos
304,Heriberto Jurado,mx MEX,"CC,DL",Necaxa,17,2005,8.4,244,203,41,10,1,2,78,10,20,7,12,0,158,0,11,Partidos
305,Sebastián Jurado,mx MEX,PO,Cruz Azul,24,1997,11.0,323,181,142,23,0,1,0,0,0,0,0,0,192,0,0,Partidos
306,Mateo Klimowicz,de GER,"CC,DL",Atlético,22,2000,7.2,208,198,9,1,5,3,5,4,1,0,0,0,158,1,9,Partidos
307,Matías Kranevitter,ar ARG,CC,Monterrey,29,1993,8.2,356,346,9,8,1,1,0,1,0,0,0,0,304,1,5,Partidos
308,Roberto de la Rosa,mx MEX,DL,Pachuca,22,2000,17.1,401,375,24,1,0,15,18,1,0,0,0,0,304,2,17,Partidos
309,Diego Lainez,mx MEX,"DL,CC",UANL,22,2000,4.8,201,189,11,7,0,2,14,3,1,0,0,0,146,1,14,Partidos
310,Mauro Laínez,mx MEX,"DL,CC",FC Juárez,26,1996,7.5,258,238,18,3,0,2,44,13,1,1,0,0,183,2,14,Partidos
311,Gibran Lajud,mx MEX,PO,Santos,28,1993,1.0,29,17,12,3,0,0,0,0,0,0,0,0,22,0,0,Partidos
312,Emilio Lara,mx MEX,DF,América,20,2002,20.8,982,824,155,12,0,7,66,143,0,0,0,0,734,3,17,Partidos
313,Israel Larios,mx MEX,CC,Atlas,19,2003,0.1,5,5,0,0,0,0,0,0,0,0,0,0,4,0,0,Partidos
314,Miguel Layún,mx MEX,DF,América,34,1988,16.5,958,799,158,20,1,16,143,117,21,8,9,0,722,1,14,Partidos
315,Federico Lértora,ar ARG,CC,Tijuana,32,1990,29.5,1353,1218,126,56,2,12,11,69,0,0,0,0,998,9,28,Partidos
316,Dario Lezcano,py PAR,"DL,CC",FC Juárez,32,1990,4.8,86,80,6,1,0,0,2,0,0,0,0,0,66,0,3,Partidos
317,Igor Lichnovsky,cl CHI,DF,UANL,28,1994,24.7,1200,1149,50,45,0,12,0,5,0,0,0,0,1011,1,3,Partidos
318,Erik Lira,mx MEX,CC,Cruz Azul,22,2000,28.3,1385,1324,58,39,3,26,8,8,4,1,1,0,1180,3,21,Partidos
319,Aldo Llanas,,CC,Toluca,,,0.0,5,5,0,0,0,0,0,0,0,0,0,0,5,0,0,Partidos
320,Aldo López,mx MEX,CC,Santos,22,2000,14.0,609,589,19,10,2,4,2,7,1,1,0,0,560,1,7,Partidos
321,Gabriel López,mx MEX,"DL,CC",Mazatlán,19,2003,0.3,24,24,0,0,0,0,1,0,0,0,0,0,17,0,0,Partidos
322,Raúl López Gómez,mx MEX,DF,Santos,29,1993,10.7,491,403,86,8,2,8,45,75,3,0,3,0,379,2,9,Partidos
323,Raúl López Gómez,mx MEX,DF,Toluca,29,1993,6.3,300,242,57,5,0,3,17,51,1,1,0,0,237,1,12,Partidos
324,Leonel López,mx MEX,CC,Tijuana,28,1994,5.9,342,298,41,18,1,1,22,1,21,3,11,0,285,3,3,Partidos
325,Leonel López,mx MEX,CC,UNAM,28,1994,9.4,551,492,58,29,1,18,38,0,27,13,10,2,462,1,5,Partidos
RL,Jugador,País,Posc,Equipo,Edad,Nacimiento,90 s,Int.,Balón vivo,Balón muerto,FK,PL,Camb.,Pcz,Lanz.,SE,Dentro,Fuera,Rect.,Cmp,PA,Bloqueos,Partidos
326,Lisandro López,ar ARG,DF,Tijuana,32,1989,24.7,1041,993,43,41,3,11,2,2,0,0,0,0,824,5,7,Partidos
327,Nicolás López,uy URU,"DL,CC",UANL,28,1993,7.2,307,285,20,5,1,7,38,0,12,5,6,0,232,2,4,Partidos
328,Rodrigo López,mx MEX,CC,Querétaro,34,1987,15.6,581,569,11,3,0,16,26,5,2,0,1,0,456,1,20,Partidos
329,Vladimir Loroña,mx MEX,"DF,CC",UANL,23,1998,6.8,266,210,56,3,0,2,14,53,0,0,0,0,209,0,8,Partidos
330,Augusto Lotti,it ITA,"DL,CC",Cruz Azul,26,1996,6.3,122,114,8,0,1,0,6,1,0,0,0,0,76,0,7,Partidos
331,Brian Lozano,uy URU,"CC,DF",Santos,28,1994,1.2,43,35,8,3,1,5,8,0,5,3,1,0,32,0,0,Partidos
332,Brian Lozano,uy URU,CC,Atlas,28,1994,11.8,566,501,59,18,3,24,70,6,35,13,20,0,418,6,14,Partidos
333,Esteban Lozano,mx MEX,CC,América,19,2003,0.2,3,3,0,0,0,0,0,0,0,0,0,0,2,0,1,Partidos
334,José Lozano,mx MEX,"CC,DF",Santos,23,1998,2.8,115,99,16,2,0,1,12,12,2,1,1,0,78,0,6,Partidos
335,Lucao,br BRA,DF,Puebla,29,1993,16.4,677,607,70,15,0,8,8,52,0,0,0,0,521,0,9,Partidos
336,Israel Luna,mx MEX,"CC,DL",Pachuca,20,2002,9.1,355,339,15,6,0,4,13,7,2,0,0,0,305,1,11,Partidos
337,Darwin Machís,ve VEN,"DL,CC",FC Juárez,29,1993,5.7,153,136,17,5,1,8,23,1,10,2,7,0,98,0,6,Partidos
338,Fernando Madrigal,mx MEX,CC,Necaxa,30,1991,24.0,872,806,59,27,3,12,45,6,24,9,12,0,670,7,17,Partidos
339,José Madueña,mx MEX,"DF,CC",Querétaro,32,1990,4.9,192,154,38,2,1,1,8,36,0,0,0,0,147,0,2,Partidos
340,Joshua Mancha,mx MEX,"DL,DF",Santos,17,2004,0.1,8,8,0,0,0,0,0,0,0,0,0,0,6,0,1,Partidos
341,Federico Mancuello,ar ARG,CC,Puebla,33,1989,32.0,1835,1559,264,103,1,16,181,31,89,47,39,0,1439,12,34,Partidos
342,Mauro Manotas,co COL,"DL,CC",Atlas,27,1995,1.1,23,21,2,0,0,0,2,1,0,0,0,0,15,0,2,Partidos
343,Óscar Manzanarez,mx MEX,DF,Santos,27,1995,4.7,188,143,44,2,0,0,2,42,0,0,0,0,151,1,1,Partidos
344,Javier Marcelo Correa,ar ARG,"DL,CC",Santos,29,1992,20.9,467,417,43,0,2,17,9,7,0,0,0,0,308,7,20,Partidos
345,Jahaziel Marchand,mx MEX,CC,Pachuca,20,2001,0.5,31,29,1,1,0,0,0,0,0,0,0,0,23,1,1,Partidos
346,Salvador Mariscal,mx MEX,CC,Santos,19,2003,6.1,270,265,5,5,1,6,0,0,0,0,0,0,236,0,2,Partidos
347,Ángel Márquez,mx MEX,CC,Atlas,22,2000,18.2,953,903,47,23,3,17,36,9,15,3,11,0,789,3,18,Partidos
348,Henry Martín,mx MEX,DL,América,29,1992,28.3,567,536,30,1,5,1,5,0,0,0,0,0,401,1,24,Partidos
349,Alejandro Martínez,ar ARG,"DF,DL",Tijuana,25,1997,8.7,365,312,52,8,0,5,65,34,9,2,6,0,224,1,20,Partidos
350,Guillermo Martínez Ayala,mx MEX,"DL,CC",Puebla,27,1995,6.4,114,108,6,0,0,0,0,2,0,0,0,0,78,0,4,Partidos
RL,Jugador,País,Posc,Equipo,Edad,Nacimiento,90 s,Int.,Balón vivo,Balón muerto,FK,PL,Camb.,Pcz,Lanz.,SE,Dentro,Fuera,Rect.,Cmp,PA,Bloqueos,Partidos
351,Enzo Martínez,uy URU,DF,Pachuca,24,1998,4.8,288,269,18,14,0,3,0,4,0,0,0,0,231,1,1,Partidos
352,Enzo Martínez,uy URU,DF,Querétaro,24,1998,6.2,271,253,18,9,0,11,0,9,0,0,0,0,191,0,2,Partidos
353,Federico Martínez,uy URU,"DL,CC",León,26,1996,5.5,109,92,17,3,0,2,8,3,8,4,0,0,88,0,1,Partidos
354,Emilio Martínez González,mx MEX,DF,Puebla,19,2003,11.7,336,281,55,3,0,1,7,52,0,0,0,0,262,0,3,Partidos
355,Jaziel Martínez,mx MEX,CC,Atlas,21,2000,6.0,382,369,11,5,2,5,12,1,5,0,3,1,307,2,7,Partidos
356,Jaziel Martínez,mx MEX,"CC,DL",Monterrey,21,2000,0.1,3,3,0,0,0,0,0,0,0,0,0,0,3,0,0,Partidos
357,Juan Martínez,mx MEX,DF,Atlético,23,1999,1.3,34,27,7,0,0,0,3,7,0,0,0,0,26,0,1,Partidos
358,Roger Martínez,co COL,"DL,CC",América,28,1994,4.4,196,191,3,0,0,1,6,2,0,0,0,0,156,2,6,Partidos
359,Román Martínez,mx MEX,"DL,CC",América,19,2002,1.1,15,13,2,0,0,0,0,1,0,0,0,0,13,0,0,Partidos
360,Sebastián Martínez,mx MEX,CC,América,19,2003,0.1,3,3,0,0,0,0,0,0,0,0,0,0,3,0,0,Partidos
361,Alejandro Mayorga,mx MEX,DF,Cruz Azul,25,1997,4.8,167,119,47,1,0,0,6,45,1,0,1,0,129,1,0,Partidos
362,Alejandro Mayorga,mx MEX,DF,Guadalajara,25,1997,3.9,215,172,42,3,0,1,10,38,1,0,1,0,161,1,6,Partidos
363,Alan Medina,mx MEX,"CC,DL",FC Juárez,24,1997,20.6,730,708,21,2,0,6,45,17,1,0,1,0,539,1,35,Partidos
364,Diego Medina,mx MEX,"CC,DL",Santos,21,2001,10.7,349,335,12,0,1,1,41,11,0,0,0,0,237,2,25,Partidos
365,Stefan Medina,co COL,DF,Monterrey,30,1992,27.9,1306,1104,198,47,0,13,50,150,1,0,1,0,1024,4,26,Partidos
366,Ángel Mena,ec ECU,"CC,DL",León,34,1988,18.8,855,779,72,9,2,6,61,26,37,10,13,0,724,4,6,Partidos
367,Édgar Méndez,es ESP,"DL,CC",Necaxa,32,1990,18.0,421,394,24,0,0,5,57,5,0,0,0,0,229,3,31,Partidos
368,Jean Meneses,cl CHI,"CC,DL",Toluca,29,1993,29.7,1331,1250,72,15,14,14,60,36,20,5,3,0,1076,9,25,Partidos
369,Roberto Meraz,mx MEX,CC,Mazatlán,22,1999,25.7,813,784,26,16,2,7,17,9,1,1,0,0,659,3,11,Partidos
370,Jorge Meré,es ESP,DF,Mazatlán,25,1997,4.5,179,171,8,6,0,0,0,0,0,0,0,0,154,0,1,Partidos
371,Sabin Merino,es ESP,DL,Atlético,30,1992,3.5,104,96,8,0,1,0,8,1,0,0,0,0,70,0,7,Partidos
372,Maximiliano Meza,ar ARG,"CC,DL",Monterrey,29,1992,23.5,984,863,114,27,6,8,131,32,55,20,28,0,682,7,27,Partidos
373,Hiram Mier,mx MEX,DF,Guadalajara,32,1989,3.8,160,152,8,7,0,0,0,1,0,0,0,0,130,0,0,Partidos
374,Jesús Molina,mx MEX,CC,UNAM,34,1988,9.8,324,314,9,8,1,4,0,1,0,0,0,0,267,1,2,Partidos
375,Tomás Molina,ar ARG,DL,FC Juárez,27,1995,9.4,184,175,8,0,2,0,9,2,0,0,0,0,114,1,7,Partidos
RL,Jugador,País,Posc,Equipo,Edad,Nacimiento,90 s,Int.,Balón vivo,Balón muerto,FK,PL,Camb.,Pcz,Lanz.,SE,Dentro,Fuera,Rect.,Cmp,PA,Bloqueos,Partidos
376,Ricardo Monreal,mx MEX,"DL,CC",Necaxa,21,2001,9.2,253,242,11,0,0,1,9,3,0,0,0,0,178,0,24,Partidos
377,Pablo Monroy,mx MEX,DF,UNAM,20,2002,9.7,423,335,88,6,1,5,24,77,4,0,4,0,340,0,8,Partidos
378,Andres Montaño,mx MEX,CC,Mazatlán,20,2002,12.9,532,498,31,11,3,3,22,4,16,3,8,0,421,3,12,Partidos
379,Joaquín Montecinos,cl CHI,DL,Tijuana,26,1995,15.5,445,395,46,5,2,5,109,15,20,5,12,0,252,4,27,Partidos
380,César Montes,mx MEX,DF,Monterrey,25,1997,8.6,354,336,18,17,1,7,1,0,0,0,0,0,276,0,3,Partidos
381,Luis Montes,mx MEX,CC,León,36,1986,9.7,543,469,70,40,2,7,40,3,27,14,7,0,446,4,9,Partidos
382,Adrián Mora,mx MEX,DF,FC Juárez,24,1997,3.0,156,146,9,2,0,4,0,7,0,0,0,0,118,1,0,Partidos
383,Iván Morales Bravo,cl CHI,"DL,CC",Cruz Azul,23,1999,5.1,86,77,8,1,1,0,2,1,0,0,0,0,69,1,3,Partidos
384,Carlos Moreno,mx MEX,PO,Pachuca,24,1998,3.5,89,57,30,3,0,0,0,0,0,0,0,0,66,2,0,Partidos
385,Héctor Moreno,mx MEX,DF,Monterrey,34,1988,20.8,943,862,81,34,1,4,0,1,0,0,0,0,809,0,4,Partidos
386,Iker Moreno,mx MEX,DL,América,18,2003,0.6,13,13,0,0,0,0,0,0,0,0,0,0,12,0,0,Partidos
387,Iván Moreno,mx MEX,"CC,DL",Puebla,24,1998,8.6,282,264,18,3,1,0,17,9,6,5,0,0,218,0,12,Partidos
388,Iván Moreno,mx MEX,DF,León,24,1998,14.4,646,495,149,11,0,4,45,129,9,0,0,0,470,2,22,Partidos
389,Omar Moreno,mx MEX,"CC,DL",Mazatlán,17,2005,2.4,62,60,2,0,0,0,11,2,0,0,0,0,36,0,6,Partidos
390,Yairo Moreno,co COL,"CC,DF",León,27,1995,19.0,847,787,58,18,1,23,65,33,6,0,5,0,664,2,25,Partidos
391,Andrés Mosquera Guardia,co COL,DF,Toluca,32,1990,31.0,1743,1634,108,45,0,7,5,42,0,0,0,0,1594,1,8,Partidos
392,Alan Mozo,mx MEX,DF,Guadalajara,25,1997,22.1,1117,879,237,13,2,8,118,219,5,0,1,0,810,1,25,Partidos
393,Santiago Muñóz,mx MEX,"DL,CC",Santos,19,2002,1.3,44,42,2,1,1,0,0,1,0,0,0,0,38,0,1,Partidos
394,Zahid Muñoz,mx MEX,"CC,DL",Atlético,21,2001,0.5,19,19,0,0,0,0,0,0,0,0,0,0,14,0,0,Partidos
395,Zahid Muñoz,mx MEX,DL,Guadalajara,21,2001,0.1,5,5,0,0,0,0,1,0,0,0,0,0,4,0,0,Partidos
396,Jhon Murillo,ve VEN,"DL,CC",Atlético,27,1995,25.6,,,,,,,35,,,,,,,,,Partidos
397,Óscar Murillo,co COL,DF,Pachuca,34,1988,13.3,628,611,17,15,0,5,0,2,0,0,0,0,475,0,2,Partidos
398,Ariel Nahuelpán,ar ARG,DL,Querétaro,34,1987,10.3,202,178,21,0,0,1,2,3,0,0,0,0,118,3,5,Partidos
399,Ariel Nahuelpán,ar ARG,DL,Mazatlán,34,1987,4.8,100,84,15,0,0,1,1,0,0,0,0,0,68,1,2,Partidos
400,José Navarro,mx MEX,CC,UNAM,19,2003,0.0,3,3,0,0,0,0,0,0,0,0,0,0,1,0,0,Partidos
RL,Jugador,País,Posc,Equipo,Edad,Nacimiento,90 s,Int.,Balón vivo,Balón muerto,FK,PL,Camb.,Pcz,Lanz.,SE,Dentro,Fuera,Rect.,Cmp,PA,Bloqueos,Partidos
401,Fernando Navarro Morán,mx MEX,"CC,DL",Toluca,33,1989,20.3,1068,986,76,28,4,4,50,9,30,16,11,0,918,6,19,Partidos
402,Hugo Nervo,ar ARG,DF,Atlas,31,1991,30.4,1273,1231,41,33,0,2,1,4,0,0,0,0,1085,1,2,Partidos
403,Francisco Nevarez,mx MEX,DF,FC Juárez,21,2000,10.5,538,429,109,5,0,5,34,104,0,0,0,0,398,0,19,Partidos
404,Alberto Ocejo,mx MEX,DL,Atlas,24,1998,6.6,136,119,16,0,2,0,7,3,0,0,0,0,90,1,3,Partidos
405,David Ochoa,us USA,PO,Atlético,21,2001,0.4,12,5,7,4,0,0,0,0,0,0,0,0,8,0,0,Partidos
406,Guillermo Ochoa,mx MEX,PO,América,37,1985,16.0,480,314,163,36,0,2,0,0,0,0,0,0,355,3,0,Partidos
407,Luis Olivas,mx MEX,DF,Guadalajara,22,2000,14.2,544,516,27,25,0,21,0,2,0,0,0,0,468,1,0,Partidos
408,Maximiliano Olivera,uy URU,DF,FC Juárez,30,1992,31.5,1749,1309,433,76,0,42,148,314,42,20,18,0,1229,7,32,Partidos
409,Agustín Oliveros,uy URU,DF,Necaxa,23,1998,32.3,1358,1025,328,34,0,12,36,294,0,0,0,0,990,5,26,Partidos
410,Fernando Ordóñez,mx MEX,"CC,DL",UANL,21,2001,0.3,18,16,2,0,0,0,1,2,0,0,0,0,17,0,0,Partidos
411,Alejandro Organista,mx MEX,"DL,CC",Atlético,22,2000,0.3,11,11,0,0,0,0,0,0,0,0,0,0,7,0,0,Partidos
412,Santiago Ormeño,pe PER,"DL,CC",FC Juárez,28,1994,0.6,14,14,0,0,0,0,1,0,0,0,0,0,7,0,0,Partidos
413,Santiago Ormeño,pe PER,"DL,DF",Guadalajara,28,1994,4.3,76,69,6,0,0,0,0,0,0,0,0,0,62,1,0,Partidos
414,Efraín Orona,mx MEX,DF,Mazatlán,23,1999,12.2,499,460,39,12,0,8,5,27,0,0,0,0,390,0,4,Partidos
415,Jonathan Orozco,mx MEX,PO,Tijuana,36,1986,17.0,601,393,205,58,0,0,0,0,0,0,0,0,434,3,0,Partidos
416,Carlos Orrantía,mx MEX,DF,Santos,31,1991,13.6,572,436,134,4,3,4,36,130,0,0,0,0,431,2,5,Partidos
417,Carlos Orrantía,mx MEX,"DF,DL",Toluca,31,1991,3.7,173,147,26,0,0,2,11,26,0,0,0,0,141,0,3,Partidos
418,Edyairth Ortega,mx MEX,CC,Atlas,25,1997,4.8,235,227,8,4,0,7,3,1,3,0,2,0,205,0,2,Partidos
419,Haret Ortega,mx MEX,DF,Toluca,22,2000,6.4,307,297,10,6,0,2,0,1,0,0,0,0,269,0,1,Partidos
420,Miguel Ortega,mx MEX,PO,UANL,27,1995,1.0,28,23,5,1,0,0,0,0,0,0,0,0,20,0,0,Partidos
421,Arturo Ortiz,mx MEX,DF,UNAM,29,1992,21.4,1209,1160,49,38,3,21,7,8,0,0,0,0,1017,0,11,Partidos
422,Celso Ortiz,py PAR,CC,Monterrey,33,1989,24.7,1087,1041,40,37,1,3,3,3,0,0,0,0,913,6,18,Partidos
423,Mario Osuna,mx MEX,"CC,DL",FC Juárez,33,1988,2.1,83,79,4,3,1,0,1,0,1,1,0,0,62,0,3,Partidos
424,Mario Osuna,mx MEX,"CC,DF",Querétaro,33,1988,5.4,264,244,17,8,0,6,7,9,0,0,0,0,223,3,3,Partidos
425,Juan Pablo Segovia,ar ARG,DF,Necaxa,33,1989,24.2,1080,988,89,59,1,37,5,17,0,0,0,0,834,3,9,Partidos
RL,Jugador,País,Posc,Equipo,Edad,Nacimiento,90 s,Int.,Balón vivo,Balón muerto,FK,PL,Camb.,Pcz,Lanz.,SE,Dentro,Fuera,Rect.,Cmp,PA,Bloqueos,Partidos
426,Juan Pablo Vigón,mx MEX,CC,UANL,31,1991,11.6,447,422,24,14,1,2,8,9,0,0,0,0,383,1,11,Partidos
427,Pablo Parra,cl CHI,CC,Puebla,28,1994,6.3,226,219,7,1,0,5,15,2,4,1,1,0,181,0,6,Partidos
428,Rodrigo Parra,mx MEX,DF,Tijuana,18,2003,2.5,85,74,11,2,0,1,1,9,0,0,0,0,61,0,0,Partidos
429,Paulino,es ESP,"DL,CC",Pachuca,25,1997,6.5,305,284,20,5,1,3,20,7,7,5,0,0,244,1,11,Partidos
430,Pedro Pedraza,mx MEX,CC,Pachuca,22,2000,0.9,43,43,0,0,0,0,0,0,0,0,0,0,36,0,0,Partidos
431,Miguel Pedroza,mx MEX,DL,Necaxa,19,2003,0.2,5,5,0,0,0,0,0,0,0,0,0,0,5,0,0,Partidos
432,Kevin Pereira,py PAR,DL,FC Juárez,18,2004,0.2,8,8,0,0,0,0,0,0,0,0,0,0,7,0,0,Partidos
433,Sebastián Pérez Bouquet,mx MEX,"CC,DL",Guadalajara,19,2003,2.5,84,81,3,2,1,0,4,1,0,0,0,0,68,0,1,Partidos
434,Julio Pérez,mx MEX,DF,Pachuca,20,2002,0.2,9,8,1,1,0,0,0,0,0,0,0,0,7,0,1,Partidos
435,Pavel Pérez,mx MEX,"CC,DL",Guadalajara,24,1998,8.8,326,300,24,2,3,0,25,10,11,7,2,1,249,2,13,Partidos
436,Eduardo Pérez Reyes,mx MEX,DL,Santos,29,1993,0.2,8,8,0,0,0,0,0,0,0,0,0,0,6,0,0,Partidos
437,Baldomero Perlaza,co COL,CC,Querétaro,30,1992,3.0,,,,,,,1,,,,,,,,,Partidos
438,Jonathan Perlaza,ec ECU,"DF,CC",Querétaro,24,1997,10.1,489,372,114,9,0,4,41,91,14,1,11,0,345,3,17,Partidos
439,Jesús Piñuelas,mx MEX,DF,Atlético,24,1998,8.5,305,290,15,14,1,3,1,1,0,0,0,0,250,0,0,Partidos
440,Guido Pizarro,ar ARG,"CC,DF",UANL,32,1990,30.9,1637,1549,84,80,2,5,3,3,0,0,0,0,1413,4,18,Partidos
441,Rodolfo Pizarro,mx MEX,"CC,DL",Monterrey,28,1994,8.8,331,316,12,1,0,4,20,6,2,0,2,0,251,3,10,Partidos
442,Franco Pizzichillo,uy URU,"DF,CC",Santos,26,1996,1.3,60,47,13,0,0,0,4,13,0,0,0,0,43,0,2,Partidos
443,Vicente Poggi,uy URU,CC,Necaxa,20,2002,8.5,314,306,4,4,2,6,2,0,0,0,0,0,240,4,8,Partidos
444,Osvaldo Rodríguez del Portal,mx MEX,DF,León,25,1996,27.5,1142,903,237,22,1,3,36,213,2,0,0,0,899,2,24,Partidos
445,Harold Preciado,co COL,DL,Santos,28,1994,28.6,587,542,40,2,3,1,9,13,0,0,0,0,382,5,39,Partidos
446,Leonel Prieto,mx MEX,DL,UANL,20,2001,0.2,6,6,0,0,0,0,0,0,0,0,0,0,3,0,0,Partidos
447,Ronaldo Prieto,mx MEX,"DF,CC",Santos,25,1997,8.0,265,230,35,18,0,5,4,16,0,0,0,0,193,0,3,Partidos
448,Julián Quiñones,co COL,DL,Atlas,25,1997,31.6,1005,952,45,8,9,37,24,19,3,2,0,0,725,8,29,Partidos
449,Cándido Ramírez,mx MEX,CC,FC Juárez,29,1993,1.7,48,48,0,0,0,0,7,0,0,0,0,0,34,0,2,Partidos
450,Héctor Ramírez,mx MEX,DF,UNAM,18,2004,0.7,31,25,6,0,0,0,0,6,0,0,0,0,25,0,1,Partidos
RL,Jugador,País,Posc,Equipo,Edad,Nacimiento,90 s,Int.,Balón vivo,Balón muerto,FK,PL,Camb.,Pcz,Lanz.,SE,Dentro,Fuera,Rect.,Cmp,PA,Bloqueos,Partidos
451,Kevin Ramírez,uy URU,"DL,CC",Puebla,28,1994,0.9,26,25,1,0,0,0,3,1,0,0,0,0,14,0,2,Partidos
452,Rafael Ramírez,mx MEX,PO,Necaxa,29,1992,1.0,24,14,10,3,0,0,0,0,0,0,0,0,16,0,0,Partidos
453,Salvador Reyes Chávez,mx MEX,DF,América,24,1998,15.6,637,487,147,5,0,5,59,141,1,0,1,0,494,3,15,Partidos
454,Diego Reyes,mx MEX,DF,UANL,29,1992,21.8,1030,977,53,50,1,6,6,3,0,0,0,0,895,0,5,Partidos
455,Israel Reyes,mx MEX,DF,América,22,2000,14.0,734,710,21,21,0,23,2,0,0,0,0,0,647,3,2,Partidos
456,Israel Reyes,mx MEX,"CC,DF",Puebla,22,2000,16.3,603,551,52,34,0,8,1,9,0,0,0,0,511,0,6,Partidos
457,Jacobo Reyes,us USA,"DL,DF",Monterrey,21,2000,0.6,11,9,2,1,0,0,2,0,1,1,0,0,8,0,0,Partidos
458,Jose Reyes,mx MEX,CC,FC Juárez,21,2001,0.4,5,3,2,0,0,0,1,0,0,0,0,0,4,0,0,Partidos
459,Luis Ricardo Reyes,mx MEX,"DF,CC",Atlas,31,1991,26.7,1471,1116,349,57,2,11,167,227,64,20,37,0,1053,6,36,Partidos
460,Jesús Rivas,mx MEX,DF,UNAM,19,2002,0.3,20,16,4,0,0,0,1,4,0,0,0,0,13,0,1,Partidos
461,Ulises Rivas,mx MEX,CC,UNAM,26,1996,6.2,159,156,3,2,0,1,2,1,0,0,0,0,122,0,2,Partidos
462,Christian Rivera,co COL,"CC,DL",Tijuana,26,1996,4.8,198,191,6,5,0,5,1,0,0,0,0,0,169,1,4,Partidos
463,Christian Rivera,co COL,CC,Querétaro,26,1996,13.0,808,780,27,25,2,26,0,2,0,0,0,0,690,1,13,Partidos
464,Ignacio Rivero,uy URU,"DF,CC",Cruz Azul,30,1992,29.6,1461,1150,300,25,5,19,126,220,52,20,27,0,1077,11,42,Partidos
465,Jorge Roberto Díaz,mx MEX,"CC,DL",León,24,1998,0.5,39,34,5,3,0,1,4,1,1,0,1,0,29,0,0,Partidos
466,Ángel Robles,mx MEX,"CC,DF",Puebla,20,2001,6.3,138,135,3,0,0,0,4,3,0,0,0,0,119,0,2,Partidos
467,Carlos Robles,mx MEX,CC,Atlas,22,2000,0.2,4,4,0,0,0,0,0,0,0,0,0,0,3,0,0,Partidos
468,Aldo Rocha,mx MEX,CC,Atlas,29,1992,19.8,1216,1171,42,38,5,10,14,4,0,0,0,0,1037,3,16,Partidos
469,Alan Rodríguez,mx MEX,CC,Toluca,26,1996,1.9,71,69,2,0,0,0,1,2,0,0,0,0,59,0,3,Partidos
470,Brian Rodríguez,uy URU,"DL,CC",América,22,2000,7.9,259,256,2,0,0,0,21,2,0,0,0,0,189,1,17,Partidos
471,Charly Rodríguez,mx MEX,"CC,DL",Cruz Azul,25,1997,28.2,1581,1401,177,74,21,39,111,18,73,23,38,0,1246,3,27,Partidos
472,Emerson Rodríguez,co COL,CC,Santos,21,2000,2.2,64,60,4,0,0,2,2,3,1,0,0,0,48,0,1,Partidos
473,Gael Rodríguez,mx MEX,DF,UNAM,20,2002,0.1,1,1,0,0,0,0,0,0,0,0,0,0,0,0,0,Partidos
474,Jerónimo Rodríguez,mx MEX,DF,UNAM,23,1999,6.1,244,183,61,3,0,2,18,58,0,0,0,0,170,0,4,Partidos
475,Jesús Rodríguez,mx MEX,PO,Puebla,29,1993,3.0,101,66,35,9,0,0,0,0,0,0,0,0,76,0,0,Partidos
RL,Jugador,País,Posc,Equipo,Edad,Nacimiento,90 s,Int.,Balón vivo,Balón muerto,FK,PL,Camb.,Pcz,Lanz.,SE,Dentro,Fuera,Rect.,Cmp,PA,Bloqueos,Partidos
476,Jonathan Rodríguez,uy URU,"DL,CC",América,29,1993,25.6,723,710,12,2,2,8,19,5,1,0,0,0,546,1,24,Partidos
477,Jorge Rodríguez,mx MEX,DF,Toluca,20,2001,3.2,147,125,22,2,0,1,5,20,0,0,0,0,114,0,5,Partidos
478,Jorge Rodríguez,mx MEX,"DL,CC",Atlas,18,2003,0.5,31,29,2,1,0,0,4,1,0,0,0,0,23,0,0,Partidos
479,Lucas Rodríguez,ar ARG,CC,Tijuana,25,1997,21.2,798,744,51,22,2,7,47,4,22,7,9,0,644,3,18,Partidos
480,Michell Rodríguez,mx MEX,DL,Monterrey,21,2000,0.0,1,1,0,0,0,0,0,0,0,0,0,0,0,0,0,Partidos
481,Gabriel Rojas,ar ARG,DF,Querétaro,25,1997,18.2,733,537,193,14,0,11,104,151,28,4,17,1,505,3,17,Partidos
482,Diego Rolán,uy URU,"CC,DL",FC Juárez,29,1993,0.9,36,33,3,1,0,0,3,0,2,2,0,0,28,0,0,Partidos
483,Juan Romagnoli,ar ARG,"CC,DL",Querétaro,26,1996,3.5,98,93,5,1,0,1,21,1,3,0,3,0,65,0,1,Partidos
484,Ángel Romero,py PAR,"CC,DL",Cruz Azul,30,1992,8.5,400,363,30,12,4,7,31,7,9,6,3,0,280,7,19,Partidos
485,Braian Romero,ar ARG,"DL,CC",Tijuana,31,1991,8.0,191,179,11,2,1,3,3,1,0,0,0,0,132,1,9,Partidos
486,Lucas Romero,ar ARG,CC,León,28,1994,12.0,641,608,28,17,2,6,13,7,0,0,0,0,514,5,6,Partidos
487,Luis Romo,mx MEX,CC,Monterrey,27,1995,29.6,1424,1371,44,31,12,22,23,12,0,0,0,0,1145,9,29,Partidos
488,Carlos Rotondi,ar ARG,"CC,DL",Cruz Azul,25,1997,21.8,638,594,38,6,4,6,83,22,10,1,3,0,414,6,24,Partidos
489,Fernando Rubén González,mx MEX,CC,Guadalajara,28,1994,18.1,759,729,29,26,2,3,0,3,0,0,0,0,630,1,10,Partidos
490,Brian Rubio,mx MEX,DL,Mazatlán,25,1996,7.6,188,172,16,1,0,0,5,3,0,0,0,0,125,0,14,Partidos
491,Brian Rubio,mx MEX,DL,León,25,1996,4.3,125,118,4,0,0,0,8,2,0,0,0,0,83,3,7,Partidos
492,Jesús Rubio,mx MEX,DF,Tijuana,,,1.9,45,43,2,1,0,0,0,0,0,0,0,0,40,0,1,Partidos
493,Alan Ruiz,mx MEX,DF,Tijuana,21,2001,0.8,36,24,12,2,0,1,0,10,0,0,0,0,24,0,1,Partidos
494,Marcel Ruiz,mx MEX,CC,Toluca,21,2000,27.2,1651,1618,27,18,7,13,8,7,0,0,0,0,1446,6,26,Partidos
495,Jorge Ruvalcaba,mx MEX,"CC,DL",UNAM,21,2001,8.3,205,195,10,2,1,1,23,8,0,0,0,0,151,0,5,Partidos
496,Javier Salas,mx MEX,CC,FC Juárez,28,1993,22.5,975,956,18,16,1,14,9,1,1,0,1,0,840,1,8,Partidos
497,Carlos Salcedo,mx MEX,DF,FC Juárez,28,1993,29.9,1495,1416,78,58,0,30,9,12,0,0,0,0,1270,1,7,Partidos
498,Eduardo Salvio,ar ARG,"CC,DL",UNAM,32,1990,24.2,958,818,137,32,10,3,125,57,44,13,26,0,678,3,31,Partidos
499,Rubens Sambueza,ar ARG,"CC,DL",Atlético,38,1984,2.6,147,127,20,11,1,0,33,2,7,5,1,0,89,0,4,Partidos
500,Juan Sanabria,uy URU,"CC,DF",Atlético,22,2000,25.6,1173,994,176,54,4,21,130,64,58,8,42,0,836,3,27,Partidos
RL,Jugador,País,Posc,Equipo,Edad,Nacimiento,90 s,Int.,Balón vivo,Balón muerto,FK,PL,Camb.,Pcz,Lanz.,SE,Dentro,Fuera,Rect.,Cmp,PA,Bloqueos,Partidos
501,Andrés Sánchez,mx MEX,PO,Atlético,24,1997,1.0,27,24,3,0,0,0,0,0,0,0,0,0,22,0,0,Partidos
502,Erick Sánchez,mx MEX,CC,Pachuca,22,1999,31.8,1748,1665,77,66,7,32,18,5,4,0,0,0,1458,6,45,Partidos
503,Jesús Sánchez García,mx MEX,DF,Guadalajara,32,1989,7.2,350,293,57,7,0,2,10,50,0,0,0,0,272,0,3,Partidos
504,Jonathan Sánchez,mx MEX,DF,UNAM,28,1994,5.5,167,153,14,12,1,5,0,0,0,0,0,0,121,0,0,Partidos
505,Luis Sánchez,mx MEX,DF,Monterrey,22,2000,1.7,60,54,6,2,0,0,0,3,0,0,0,0,54,0,0,Partidos
506,Richard Sánchez,py PAR,CC,América,26,1996,24.1,1752,1587,158,81,5,29,92,4,72,31,30,2,1529,7,13,Partidos
507,Kevin Sandoval,mx MEX,DL,Atlético,19,2003,0.0,4,4,0,0,0,0,1,0,0,0,0,0,2,0,0,Partidos
508,Raúl Sandoval,mx MEX,DF,Mazatlán,22,2000,9.5,391,320,68,3,0,0,50,65,0,0,0,0,282,3,19,Partidos
509,Miguel Sansores,mx MEX,"DL,CC",Mazatlán,31,1991,8.8,192,175,16,1,2,1,6,1,0,0,0,0,135,1,8,Partidos
510,Anderson Santamaría,pe PER,DF,Atlas,30,1992,20.4,900,861,36,21,11,11,10,8,0,0,0,0,717,3,5,Partidos
511,José Santiago Hernández,mx MEX,PO,Atlas,25,1997,4.9,195,126,68,18,0,0,0,0,0,0,0,0,118,1,1,Partidos
512,Samir Santos,br BRA,DF,UANL,27,1994,18.4,995,960,32,26,1,8,3,6,0,0,0,0,878,3,3,Partidos
513,Sebastian Santos,mx MEX,CC,León,19,2003,0.0,0,0,0,0,0,0,0,0,0,0,0,0,0,0,0,Partidos
514,Camilo Sanvezzo,br BRA,"DL,CC",Toluca,34,1988,10.1,224,200,20,0,5,1,4,2,0,0,0,0,166,4,5,Partidos
515,Sebastián Saucedo,us USA,"CC,DL",Toluca,25,1997,3.3,182,170,11,3,0,1,15,2,6,1,3,0,147,1,4,Partidos
516,Francisco Sebastián Córdova,mx MEX,"CC,DL",UANL,25,1997,20.2,826,669,150,39,2,8,146,4,101,42,39,0,560,7,25,Partidos
517,Ángel Sepúlveda,mx MEX,DL,Querétaro,31,1991,22.8,570,530,35,0,2,4,23,4,0,0,0,0,348,5,22,Partidos
518,Gilberto Sepúlveda,mx MEX,DF,Guadalajara,23,1999,32.4,1316,1238,77,48,1,10,4,28,0,0,0,0,1059,1,11,Partidos
519,Leonardo Sequeira,ar ARG,"CC,DL",Querétaro,27,1995,11.1,230,223,5,0,0,0,26,2,0,0,0,0,160,2,13,Partidos
520,Jordan Sierra,ec ECU,CC,FC Juárez,25,1997,13.7,545,525,19,7,0,5,12,10,2,2,0,0,454,1,9,Partidos
521,Jordan Sierra,ec ECU,"CC,DL",Toluca,25,1997,8.3,413,394,19,2,0,3,9,17,0,0,0,0,343,0,6,Partidos
522,Antony Silva,py PAR,PO,Puebla,38,1984,31.0,827,469,356,48,0,1,0,0,0,0,0,0,583,2,1,Partidos
523,Gastón Silva,uy URU,DF,Puebla,28,1994,30.7,1481,1323,153,40,0,29,11,113,0,0,0,0,1194,5,17,Partidos
524,Jordan Silva,mx MEX,"DF,CC",Cruz Azul,28,1994,1.1,82,78,4,1,0,1,1,3,0,0,0,0,69,0,1,Partidos
525,Jordan Silva,mx MEX,DF,Querétaro,28,1994,12.8,605,571,33,23,0,22,0,10,0,0,0,0,495,1,5,Partidos
RL,Jugador,País,Posc,Equipo,Edad,Nacimiento,90 s,Int.,Balón vivo,Balón muerto,FK,PL,Camb.,Pcz,Lanz.,SE,Dentro,Fuera,Rect.,Cmp,PA,Bloqueos,Partidos
526,Maximiliano Silvera,uy URU,DL,FC Juárez,24,1997,5.4,125,121,3,2,0,2,6,0,0,0,0,0,96,1,6,Partidos
527,Maximiliano Silvera,uy URU,"DL,CC",Necaxa,24,1997,5.3,127,122,2,1,0,0,2,0,0,0,0,0,86,3,10,Partidos
528,Alan Soñora,us USA,"CC,DL",FC Juárez,23,1998,3.7,187,161,26,8,1,2,27,4,14,7,7,0,148,0,7,Partidos
529,Joel Soñora,us USA,"CC,DL",FC Juárez,25,1996,1.2,60,50,10,4,1,0,10,2,4,0,4,0,44,0,1,Partidos
530,Gonzalo Sosa,ar ARG,DL,Mazatlán,33,1989,9.0,158,141,17,1,0,0,2,1,0,0,0,0,104,0,6,Partidos
531,Sebastián Sosa,uy URU,PO,UNAM,35,1986,12.0,391,259,132,30,0,1,0,0,0,0,0,0,275,0,0,Partidos
532,Yeferson Soteldo,ve VEN,"DL,CC",UANL,25,1997,0.4,40,38,2,0,1,0,5,1,1,0,0,0,32,0,2,Partidos
533,Leonardo Suárez,ar ARG,CC,Santos,26,1996,8.3,343,315,27,6,1,4,42,5,15,6,9,0,246,1,8,Partidos
534,Leonardo Suárez,ar ARG,"CC,DL",América,26,1996,7.6,391,350,40,11,4,6,50,7,22,9,13,0,291,1,7,Partidos
535,Christian Tabó,uy URU,"DL,CC",Cruz Azul,28,1993,8.1,197,186,9,1,0,0,17,2,2,1,1,0,136,2,6,Partidos
536,Alfredo Talavera,mx MEX,PO,FC Juárez,39,1982,34.0,1061,685,371,90,0,6,0,0,0,0,0,0,800,5,0,Partidos
537,Miguel Tapias,mx MEX,DF,Pachuca,25,1997,11.2,569,546,22,14,0,3,0,8,0,0,0,0,475,1,2,Partidos
538,Eduardo Tercero,mx MEX,"DF,DL",UANL,26,1996,1.8,60,50,10,5,0,0,0,5,0,0,0,0,43,0,0,Partidos
539,William Tesillo,co COL,DF,León,32,1990,4.9,294,279,14,11,0,4,1,3,0,0,0,0,239,1,3,Partidos
540,Florian Thauvin,fr FRA,"CC,DL",UANL,29,1993,3.5,154,147,3,3,1,2,9,0,0,0,0,0,117,4,4,Partidos
541,Iván Tona,mx MEX,"CC,DF",Monterrey,22,2000,0.2,19,19,0,0,0,0,0,0,0,0,0,0,19,0,0,Partidos
542,Alan Torres,mx MEX,CC,Guadalajara,22,2000,6.0,369,347,21,13,1,7,2,4,0,0,0,0,313,1,5,Partidos
543,Félix Torres Caicedo,ec ECU,DF,Santos,25,1997,23.8,910,865,43,12,4,17,3,31,0,0,0,0,645,2,15,Partidos
544,Jonathan Torres,ar ARG,DL,Querétaro,25,1996,6.5,133,123,9,0,0,1,7,0,0,0,0,0,71,1,9,Partidos
545,Jorge Torres Nilo,mx MEX,"DF,DL",Toluca,34,1988,2.1,125,122,2,1,0,1,0,1,0,0,0,0,110,1,0,Partidos
546,Raúl Torres Rodríguez,mx MEX,DF,Querétaro,25,1996,1.9,94,73,20,2,0,0,7,18,0,0,0,0,83,1,2,Partidos
547,Christopher Trejo,mx MEX,"DL,CC",Atlas,22,1999,8.2,283,252,31,6,0,0,25,5,14,5,8,0,226,0,8,Partidos
548,Lucas Trezza,uy URU,CC,Atlas,25,1997,0.6,23,23,0,0,0,1,2,0,0,0,0,0,18,0,1,Partidos
549,Santiago Trigos,mx MEX,CC,UNAM,20,2002,3.4,152,148,2,1,0,1,2,0,1,1,0,0,117,2,5,Partidos
550,Héctor Uribe,mx MEX,DF,León,18,2004,1.7,86,71,15,4,0,0,8,11,0,0,0,0,75,0,1,Partidos
RL,Jugador,País,Posc,Equipo,Edad,Nacimiento,90 s,Int.,Balón vivo,Balón muerto,FK,PL,Camb.,Pcz,Lanz.,SE,Dentro,Fuera,Rect.,Cmp,PA,Bloqueos,Partidos
551,Agustín Urzi,ar ARG,"CC,DL",FC Juárez,22,2000,5.3,167,153,14,4,1,1,25,5,5,2,3,0,124,0,16,Partidos
552,Óscar Ustari,ar ARG,PO,Pachuca,36,1986,30.5,906,597,307,52,0,2,0,2,0,0,0,0,612,2,2,Partidos
553,Diego Valdés,cl CHI,"CC,DL",América,28,1994,27.7,1262,1157,95,31,21,12,52,5,27,17,6,0,1027,10,23,Partidos
554,Bruno Valdez,py PAR,DF,América,29,1992,6.1,259,251,8,8,0,3,0,0,0,0,0,0,215,0,1,Partidos
555,Carlos Valenzuela,ar ARG,"CC,DL",Tijuana,25,1997,10.7,450,375,72,27,2,6,97,7,37,9,20,0,288,3,16,Partidos
556,José Van Rankin,mx MEX,DF,Necaxa,29,1993,15.6,740,576,163,8,1,12,24,155,0,0,0,0,551,1,11,Partidos
557,Camilo Vargas,co COL,PO,Atlas,33,1989,29.1,1124,765,354,88,0,2,0,0,0,0,0,0,765,5,0,Partidos
558,Ivo Vázquez,mx MEX,"DF,CC",Puebla,21,2000,5.4,211,183,27,2,1,3,27,25,0,0,0,0,143,1,10,Partidos
559,Alexis Vega,mx MEX,"DL,CC",Guadalajara,24,1997,22.6,854,718,127,37,8,26,126,18,65,27,33,0,602,9,17,Partidos
560,Sebastián Vegas,cl CHI,DF,Monterrey,25,1996,18.6,771,680,90,20,1,7,9,55,0,0,0,0,587,1,11,Partidos
561,Efraín Velarde,mx MEX,DF,UNAM,36,1986,3.8,150,122,28,3,0,0,7,23,2,0,1,0,117,0,1,Partidos
562,Jesus Velasco,mx MEX,DF,Necaxa,16,2006,0.0,2,2,0,0,0,0,1,0,0,0,0,0,1,0,0,Partidos
563,Emiliano Velázquez,uy URU,DF,FC Juárez,28,1994,8.4,269,254,12,10,0,7,1,2,0,0,0,0,210,3,3,Partidos
564,Jesús Venegas,mx MEX,"CC,DL",Toluca,27,1995,5.2,304,301,3,2,0,1,0,1,0,0,0,0,260,0,3,Partidos
565,Érik Vera,mx MEX,DF,Querétaro,30,1992,1.8,71,58,13,3,0,1,6,9,1,0,1,0,59,0,2,Partidos
566,Álvaro Verda,mx MEX,"DL,DF",Querétaro,23,1999,0.8,18,18,0,0,0,0,1,0,0,0,0,0,11,0,1,Partidos
567,Duván Vergara,co COL,"CC,DL",Monterrey,25,1996,2.2,102,88,13,1,1,1,10,2,10,5,2,0,70,1,8,Partidos
568,Néstor Vidrio,mx MEX,DF,Mazatlán,33,1989,25.4,1147,1044,100,89,0,13,1,6,0,0,0,0,947,3,6,Partidos
569,Nicolás Vikonis,uy URU,PO,Mazatlán,38,1984,21.5,703,453,248,50,0,0,0,0,0,0,0,0,505,2,0,Partidos
570,Oscar Villa,mx MEX,DF,León,21,2001,4.6,203,163,40,2,1,3,10,38,0,0,0,0,156,0,4,Partidos
571,Patrick Villa,mx MEX,DF,Puebla,18,2003,0.9,50,36,14,0,0,0,0,14,0,0,0,0,40,0,2,Partidos
572,Dieter Villalpando,mx MEX,"CC,DL",Atlético,30,1991,11.1,505,460,44,15,1,1,40,4,23,3,15,0,386,1,13,Partidos
573,Dieter Villalpando,mx MEX,"CC,DL",Necaxa,30,1991,7.7,334,311,21,8,1,6,27,3,10,2,6,0,248,2,10,Partidos
574,Sergio Villarreal,mx MEX,DF,Monterrey,22,2000,0.3,10,6,4,0,0,0,0,4,0,0,0,0,6,0,0,Partidos
575,Federico Viñas,uy URU,"DL,CC",América,24,1998,5.9,153,144,5,0,2,1,2,2,0,0,0,0,102,4,3,Partidos
RL,Jugador,País,Posc,Equipo,Edad,Nacimiento,90 s,Int.,Balón vivo,Balón muerto,FK,PL,Camb.,Pcz,Lanz.,SE,Dentro,Fuera,Rect.,Cmp,PA,Bloqueos,Partidos
576,Isaías Violante,mx MEX,"CC,DL",Toluca,18,2003,1.7,75,68,7,1,0,2,3,6,0,0,0,0,56,0,3,Partidos
577,Vitinho,br BRA,"DL,CC",Atlético,21,2001,17.0,461,445,14,0,1,8,29,8,6,3,0,0,343,2,11,Partidos
578,Tiago Volpi,br BRA,PO,Toluca,31,1990,32.0,1184,868,310,63,0,11,0,1,0,0,0,0,881,6,2,Partidos
579,Facundo Waller,uy URU,"DL,CC",Atlético,25,1997,15.0,448,383,62,18,3,12,54,14,26,9,10,0,290,3,14,Partidos
580,Facundo Waller,uy URU,"CC,DL",Puebla,25,1997,9.2,292,274,18,5,1,9,14,7,2,1,0,0,232,0,7,Partidos
581,Édgar Yoel Bárcenas,pa PAN,"DL,CC",Mazatlán,28,1993,22.7,774,735,37,3,0,5,80,20,14,5,8,0,583,2,13,Partidos
582,Paolo Yrizar,mx MEX,DL,Guadalajara,24,1997,0.2,1,1,0,0,0,0,0,0,0,0,0,0,0,0,0,Partidos
583,Ángel Zaldívar,mx MEX,DL,Atlético,28,1994,7.8,161,148,13,0,3,0,2,1,0,0,0,0,112,0,9,Partidos
584,Ángel Zaldívar,mx MEX,DL,Guadalajara,28,1994,8.5,144,127,16,0,0,0,1,1,0,0,0,0,108,1,3,Partidos
585,Edgar Zaldívar,mx MEX,CC,Atlas,25,1996,18.3,770,746,23,14,3,10,10,6,3,0,2,0,631,1,12,Partidos
586,Ángel Zapata,mx MEX,CC,Monterrey,21,2001,0.0,1,1,0,0,0,0,0,0,0,0,0,0,0,0,0,Partidos
587,Alejandro Zendejas,us USA,"DL,CC",América,24,1998,20.7,944,854,86,17,5,7,90,17,52,23,17,0,739,4,23,Partidos
588,José Zúñiga,co COL,DL,Querétaro,28,1994,10.9,194,187,7,0,0,1,9,0,1,0,1,0,120,0,13,Partidos
