RL,Jugador,País,Posc,Equipo,Edad,Nacimiento,90 s,Cmp,Int.,% Cmp,Dist. tot.,Dist. prg.,Cmp,Int.,% Cmp,Cmp,Int.,% Cmp,Cmp,Int.,% Cmp,Ass,xAG,xA,A-xAG,PC,1/3,PPA,CrAP,PrgP,Partidos
1,José Abella,mx MEX,"DF,CC",Atlas,28,1994,20.9,672,922,72.9,13640,5527,253,289,87.5,297,369,80.5,116,228,50.9,1,0.7,1.5,+0.3,12,62,15,9,81,Partidos
2,Clifford Aboagye,gh GHA,CC,Querétaro,27,1995,6.5,241,308,78.2,4393,1169,113,128,88.3,98,117,83.8,29,45,64.4,2,0.6,0.8,+1.4,12,27,11,3,32,Partidos
3,Luis Abram,pe PER,DF,Cruz Azul,26,1996,10.0,270,346,78.0,5820,2558,73,77,94.8,159,178,89.3,38,82,46.3,0,0.0,0.1,0.0,0,11,1,0,15,Partidos
4,Carlos Acevedo,mx MEX,PO,Santos,26,1996,33.0,642,950,67.6,20557,15968,110,111,99.1,248,253,98.0,277,577,48.0,0,0.0,0.1,0.0,1,18,0,0,0,Partidos
5,Sergio Adrián Flores,mx MEX,CC,Guadalajara,27,1995,11.2,417,525,79.4,8106,3574,146,177,82.5,213,242,88.0,52,81,64.2,1,0.7,0.5,+0.3,8,58,3,0,46,Partidos
6,Washington Aguerre,uy URU,PO,Querétaro,29,1993,9.0,168,267,62.9,5751,4432,21,21,100.0,75,76,98.7,70,167,41.9,0,0.0,0.0,0.0,1,7,2,0,0,Partidos
7,Eduardo Águila,mx MEX,DF,Atlético,20,2002,2.4,90,123,73.2,1695,629,28,32,87.5,51,66,77.3,8,20,40.0,0,0.0,0.0,0.0,1,10,0,0,7,Partidos
8,Daniel Aguilar,mx MEX,"DF,CC",Puebla,24,1998,7.9,285,367,77.7,4925,1829,143,166,86.1,112,141,79.4,26,41,63.4,0,0.1,0.3,-0.1,6,18,2,1,20,Partidos
9,Manuel Aguilar,mx MEX,DF,UANL,19,2003,0.5,16,18,88.9,243,78,10,10,100.0,4,5,80.0,1,1,100.0,0,0.0,0.0,0.0,0,0,0,0,0,Partidos
10,Emanuel Aguilera,ar ARG,DF,Atlas,33,1989,11.5,455,548,83.0,9860,3232,141,149,94.6,232,265,87.5,80,123,65.0,0,0.1,0.3,-0.1,2,41,0,0,40,Partidos
11,Eduardo Aguirre,mx MEX,DL,Santos,23,1998,12.7,156,224,69.6,2111,412,107,134,79.9,36,52,69.2,8,13,61.5,1,0.5,0.5,+0.5,10,15,5,0,18,Partidos
12,Érick Aguirre,mx MEX,DF,Monterrey,25,1997,15.6,519,684,75.9,9579,4123,248,282,87.9,201,265,75.8,67,121,55.4,2,2.2,1.9,-0.2,17,41,21,14,47,Partidos
13,Gaddi Aguirre,mx MEX,DF,Atlas,26,1996,15.8,632,783,80.7,13069,5290,201,223,90.1,332,380,87.4,96,168,57.1,1,0.8,0.1,+0.2,3,47,0,0,45,Partidos
14,Rodrigo Aguirre,uy URU,"DL,CC",Monterrey,27,1994,22.3,275,417,65.9,4152,1235,150,192,78.1,92,139,66.2,20,41,48.8,4,3.8,2.3,+0.2,27,30,15,4,37,Partidos
15,Manuel Agustín Duarte,ar ARG,CC,Querétaro,20,2001,4.6,143,199,71.9,2275,706,83,97,85.6,44,63,69.8,13,24,54.2,1,0.9,0.5,+0.1,8,10,6,1,20,Partidos
16,Arnaud Ake,ci CIV,DL,Mazatlán,24,1998,8.6,106,150,70.7,1510,206,64,88,72.7,35,44,79.5,4,8,50.0,2,0.6,0.3,+1.4,7,10,4,0,13,Partidos
17,Edgar Alaffita,mx MEX,CC,UNAM,25,1996,1.4,40,55,72.7,642,211,24,28,85.7,13,19,68.4,3,6,50.0,0,0.2,0.3,-0.2,3,1,4,1,6,Partidos
18,Oswaldo Alanís,mx MEX,DF,Mazatlán,33,1989,19.1,793,962,82.4,16721,6826,235,264,89.0,425,480,88.5,127,195,65.1,0,0.0,0.1,0.0,1,41,0,0,49,Partidos
19,Jesús Alberto Angulo,mx MEX,DF,UANL,24,1998,29.2,1364,1753,77.8,24961,10961,565,615,91.9,640,777,82.4,137,284,48.2,3,1.8,2.3,+1.2,27,173,33,22,208,Partidos
20,Gil Alcalá,mx MEX,PO,Querétaro,30,1992,17.0,364,533,68.3,12835,10245,38,38,100.0,153,156,98.1,170,335,50.7,0,0.0,0.0,0.0,0,15,0,0,0,Partidos
21,Gil Alcalá,mx MEX,PO,UNAM,30,1992,2.0,33,50,66.0,1303,1157,4,4,100.0,13,13,100.0,16,33,48.5,0,0.0,0.0,0.0,0,1,0,0,0,Partidos
22,Adrián Aldrete,mx MEX,DF,UNAM,34,1988,16.0,515,711,72.4,10539,4527,178,209,85.2,246,317,77.6,86,162,53.1,2,0.8,0.7,+1.2,11,55,6,3,47,Partidos
23,Daniel Alexis Parra,mx MEX,"DF,CC",Necaxa,23,1999,1.6,57,77,74.0,1102,403,22,23,95.7,23,34,67.6,10,17,58.8,0,0.2,0.1,-0.2,4,4,2,1,4,Partidos
24,Luis Alfonso Rodríguez,mx MEX,"DF,CC",FC Juárez,31,1991,15.0,655,840,78.0,12396,5001,282,315,89.5,272,328,82.9,88,148,59.5,0,0.2,0.4,-0.2,5,76,11,7,76,Partidos
25,Luis Alfonso Rodríguez,mx MEX,DF,UANL,31,1991,1.4,78,89,87.6,1225,428,37,40,92.5,36,42,85.7,4,5,80.0,0,0.0,0.0,0.0,0,8,0,0,13,Partidos
26,David Alfredo Andrade,mx MEX,"CC,DF",Atlético,29,1993,3.1,129,180,71.7,2289,746,68,79,86.1,43,59,72.9,15,28,53.6,0,0.2,0.3,-0.2,4,9,6,4,11,Partidos
27,Facundo Almada,ar ARG,DF,Mazatlán,24,1998,12.4,497,625,79.5,10061,4255,170,190,89.5,261,301,86.7,65,121,53.7,1,1.1,0.2,-0.1,7,45,1,0,45,Partidos
28,Carlos Alonso Vargas,mx MEX,DF,Cruz Azul,23,1999,0.2,5,5,100.0,61,19,4,4,100.0,1,1,100.0,0,0,,0,0.0,0.0,0.0,0,1,0,0,0,Partidos
29,Carlos Alonso Vargas,mx MEX,DF,Mazatlán,23,1999,10.3,270,384,70.3,4895,2387,117,139,84.2,119,156,76.3,31,62,50.0,0,0.7,0.9,-0.7,4,34,3,2,32,Partidos
30,Jozy Altidore,us USA,"DL,CC",Puebla,32,1989,1.0,12,16,75.0,141,23,6,8,75.0,4,6,66.7,0,0,,0,0.0,0.0,0.0,0,0,0,0,1,Partidos
31,Alfonso Alvarado,mx MEX,"DL,CC",León,22,2000,7.9,131,191,68.6,1879,433,81,108,75.0,38,51,74.5,5,9,55.6,1,1.3,0.9,-0.3,9,7,6,0,18,Partidos
32,Roberto Alvarado,mx MEX,"CC,DL",Guadalajara,23,1998,26.8,892,1143,78.0,14808,4486,468,543,86.2,320,384,83.3,83,152,54.6,3,3.2,4.2,-0.2,47,119,30,5,143,Partidos
33,Ventura Alvarado,us USA,DF,FC Juárez,29,1992,5.2,193,233,82.8,3669,1616,70,78,89.7,104,114,91.2,17,35,48.6,0,0.0,0.0,0.0,1,6,0,0,7,Partidos
34,Alek Álvarez,mx MEX,"DF,CC",UNAM,19,2003,5.3,182,233,78.1,3767,1051,73,85,85.9,81,103,78.6,28,42,66.7,1,1.2,0.5,-0.2,9,16,1,1,23,Partidos
35,Kevin Álvarez,mx MEX,DF,Pachuca,23,1999,31.4,1314,1709,76.9,22422,9155,626,714,87.7,558,682,81.8,107,222,48.2,6,4.3,3.9,+1.7,46,126,34,16,146,Partidos
36,Daniel Álvarez López,mx MEX,"DL,CC",Toluca,28,1994,3.1,86,107,80.4,1156,234,55,63,87.3,25,32,78.1,4,7,57.1,0,0.1,0.5,-0.1,4,7,4,0,10,Partidos
37,Daniel Álvarez López,mx MEX,"CC,DF",Puebla,28,1994,3.7,105,136,77.2,1631,502,63,74,85.1,24,29,82.8,13,20,65.0,2,0.6,0.5,+1.4,9,11,3,2,14,Partidos
38,Dani Alves,br BRA,"CC,DF",UNAM,39,1983,12.5,573,746,76.8,10813,4434,247,275,89.8,232,272,85.3,85,166,51.2,5,2.8,3.4,+2.2,43,76,26,7,99,Partidos
39,Fidel Ambríz,mx MEX,"CC,DF",León,19,2003,23.6,911,1080,84.4,17891,5447,323,367,88.0,451,497,90.7,131,185,70.8,0,0.4,0.3,-0.4,6,68,2,0,56,Partidos
40,Esteban Andrada,ar ARG,PO,Monterrey,31,1991,25.0,684,941,72.7,20083,15110,116,116,100.0,337,348,96.8,231,476,48.5,0,0.3,0.3,-0.3,3,20,2,0,1,Partidos
41,Alejandro Andrade,mx MEX,CC,Necaxa,20,2001,0.7,27,30,90.0,515,149,9,9,100.0,15,16,93.8,3,4,75.0,0,0.0,0.0,0.0,0,1,1,0,5,Partidos
42,Luis Ángel Malagón,mx MEX,PO,América,25,1997,7.0,138,224,61.6,4439,3532,15,15,100.0,65,65,100.0,58,143,40.6,0,0.0,0.0,0.0,0,5,0,0,0,Partidos
43,Luis Ángel Malagón,mx MEX,PO,Necaxa,25,1997,17.0,502,675,74.4,16468,12167,36,36,100.0,256,259,98.8,210,377,55.7,0,0.0,0.1,0.0,0,14,1,0,0,Partidos
44,Miguel Ángel Ponce,mx MEX,"DF,DL",Guadalajara,33,1989,1.4,54,62,87.1,1130,404,22,23,95.7,22,28,78.6,10,11,90.9,0,0.0,0.0,0.0,0,7,0,0,4,Partidos
45,Brayan Angulo,co COL,DF,Toluca,32,1989,23.0,1465,1670,87.7,25195,8077,678,735,92.2,646,717,90.1,117,162,72.2,2,2.0,2.7,0.0,23,114,20,6,136,Partidos
46,Jesús Angulo,mx MEX,"DF,CC",Guadalajara,25,1997,0.3,16,19,84.2,259,103,10,12,83.3,5,6,83.3,1,1,100.0,1,0.1,0.0,+0.9,1,2,0,0,1,Partidos
47,Jesús Angulo,mx MEX,CC,León,25,1997,1.7,98,109,89.9,1506,455,57,60,95.0,32,33,97.0,7,10,70.0,0,0.1,0.2,-0.1,3,9,0,0,15,Partidos
48,Brayan Angulo Mosquera,co COL,CC,Toluca,29,1993,2.3,,,,,,,,,,,,,,,0,,,,,,,,,Partidos
49,Francisco Antonio Figueroa,mx MEX,"DL,CC",Pachuca,23,1999,5.6,161,214,75.2,2697,727,77,85,90.6,68,87,78.2,14,30,46.7,2,1.3,1.9,+0.7,15,7,17,13,19,Partidos
50,Francisco Antonio Figueroa,mx MEX,"CC,DL",Querétaro,23,1999,0.5,23,31,74.2,351,128,14,14,100.0,8,10,80.0,1,7,14.3,0,0.0,0.0,0.0,1,2,1,0,5,Partidos
RL,Jugador,País,Posc,Equipo,Edad,Nacimiento,90 s,Cmp,Int.,% Cmp,Dist. tot.,Dist. prg.,Cmp,Int.,% Cmp,Cmp,Int.,% Cmp,Cmp,Int.,% Cmp,Ass,xAG,xA,A-xAG,PC,1/3,PPA,CrAP,PrgP,Partidos
51,Jorge Antonio Padilla,mx MEX,DF,Mazatlán,28,1993,12.9,463,669,69.2,7570,3415,225,267,84.3,200,273,73.3,29,78,37.2,1,1.3,0.6,-0.3,7,37,8,5,47,Partidos
52,José Antonio Rodríguez,mx MEX,PO,Tijuana,30,1992,17.0,342,467,73.2,10113,7614,66,66,100.0,143,144,99.3,131,254,51.6,0,0.1,0.0,-0.1,2,7,0,0,0,Partidos
53,José Antonio Rodríguez,mx MEX,PO,Querétaro,30,1992,8.0,170,230,73.9,6136,5047,22,22,100.0,68,69,98.6,79,138,57.2,0,0.0,0.0,0.0,1,8,0,0,0,Partidos
54,Uriel Antuna,mx MEX,"DL,CC",Cruz Azul,24,1997,28.9,627,830,75.5,9387,2518,371,431,86.1,207,274,75.5,33,65,50.8,4,3.3,4.4,+0.7,38,44,47,21,90,Partidos
55,Javier Aquino,mx MEX,"DF,DL",UANL,32,1990,21.4,1024,1247,82.1,16526,5903,557,612,91.0,355,432,82.2,77,133,57.9,2,1.4,1.4,+0.6,20,94,19,9,123,Partidos
56,Pedro Aquino,pe PER,CC,América,27,1995,9.3,616,685,89.9,10509,3336,281,305,92.1,278,301,92.4,48,59,81.4,1,1.2,1.3,-0.2,10,59,2,0,63,Partidos
57,Cristian Arango,co COL,"DL,CC",Pachuca,27,1995,5.3,73,110,66.4,961,261,42,51,82.4,25,39,64.1,1,5,20.0,2,1.1,0.7,+0.9,7,6,4,0,10,Partidos
58,Ángelo Araos,cl CHI,CC,Necaxa,25,1997,10.4,224,310,72.3,3942,1158,94,113,83.2,90,114,78.9,27,49,55.1,1,0.9,0.9,+0.1,12,23,6,4,32,Partidos
59,Maximiliano Araújo,uy URU,"CC,DF",Toluca,22,2000,16.2,549,700,78.4,8491,2032,312,369,84.6,190,238,79.8,31,51,60.8,4,2.6,2.4,+1.4,26,36,18,6,48,Partidos
60,Maximiliano Araújo,uy URU,"CC,DF",Puebla,22,2000,14.6,285,414,68.8,4631,1468,151,181,83.4,98,134,73.1,26,56,46.4,3,2.7,2.3,+0.3,15,15,14,6,43,Partidos
61,Néstor Araujo,mx MEX,DF,América,30,1991,20.1,760,909,83.6,16441,5807,226,252,89.7,383,424,90.3,145,210,69.0,1,0.9,0.6,+0.1,2,50,8,0,66,Partidos
62,Fernando Arce Jr.,us USA,CC,FC Juárez,25,1996,4.9,90,107,84.1,1408,294,55,58,94.8,23,25,92.0,10,15,66.7,0,0.0,0.1,0.0,0,8,0,0,6,Partidos
63,Fernando Arce Jr.,us USA,CC,Puebla,25,1996,1.3,36,50,72.0,571,208,17,22,77.3,12,15,80.0,5,8,62.5,1,0.4,0.0,+0.6,3,4,1,0,6,Partidos
64,Fernando Aristeguieta,ve VEN,DL,Puebla,30,1992,2.8,50,81,61.7,771,180,23,39,59.0,22,32,68.8,2,2,100.0,0,0.3,0.4,-0.3,3,4,2,0,7,Partidos
65,Rodrigo Armando González,mx MEX,DF,Atlético,27,1995,12.1,300,397,75.6,6344,2439,76,99,76.8,180,204,88.2,41,80,51.3,0,0.0,0.1,0.0,2,19,0,0,13,Partidos
66,Daniel Armando Ríos,mx MEX,DL,Guadalajara,27,1995,5.8,65,88,73.9,778,62,39,48,81.3,19,23,82.6,0,0,,1,0.6,0.4,+0.4,5,2,3,0,4,Partidos
67,Eduardo Armenta,mx MEX,CC,Tijuana,20,2001,5.3,151,201,75.1,2593,851,75,91,82.4,53,72,73.6,18,23,78.3,0,0.2,0.2,-0.2,1,24,3,1,15,Partidos
68,Alejandro Arribas,es ESP,DF,FC Juárez,33,1989,23.0,798,967,82.5,17516,6426,193,224,86.2,466,529,88.1,136,203,67.0,0,0.5,0.9,-0.5,6,43,1,0,45,Partidos
69,José Ávila,mx MEX,"CC,DF",Santos,24,1998,0.8,33,45,73.3,440,132,18,24,75.0,13,14,92.9,1,3,33.3,1,0.2,0.1,+0.8,2,5,1,0,6,Partidos
70,David Ayala,mx MEX,CC,UANL,22,2000,0.2,5,5,100.0,67,0,2,2,100.0,3,3,100.0,0,0,,0,0.0,0.0,0.0,0,0,0,0,0,Partidos
71,Hugo Ayala,mx MEX,"DF,DL",UANL,35,1987,1.8,72,82,87.8,1347,660,29,29,100.0,38,42,90.5,5,10,50.0,0,0.0,0.0,0.0,0,8,0,0,8,Partidos
72,Ettson Ayon,mx MEX,"DL,CC",Querétaro,21,2001,7.9,61,101,60.4,881,162,36,44,81.8,21,33,63.6,2,5,40.0,0,0.4,0.1,-0.4,4,3,1,0,6,Partidos
73,Rafael Baca,mx MEX,CC,Cruz Azul,32,1989,11.3,360,435,82.8,6753,2187,130,153,85.0,177,203,87.2,42,57,73.7,1,0.3,0.4,+0.7,9,54,5,0,52,Partidos
74,Claudio Baeza,cl CHI,CC,Toluca,28,1993,24.7,1513,1659,91.2,27060,8348,679,721,94.2,656,699,93.8,152,183,83.1,2,0.3,0.7,+1.7,6,127,3,0,115,Partidos
75,Kevin Balanta,co COL,DF,Querétaro,25,1997,22.3,698,920,75.9,16186,7748,160,192,83.3,388,449,86.4,148,262,56.5,0,0.4,0.3,-0.4,7,69,3,0,68,Partidos
RL,Jugador,País,Posc,Equipo,Edad,Nacimiento,90 s,Cmp,Int.,% Cmp,Dist. tot.,Dist. prg.,Cmp,Int.,% Cmp,Cmp,Int.,% Cmp,Cmp,Int.,% Cmp,Ass,xAG,xA,A-xAG,PC,1/3,PPA,CrAP,PrgP,Partidos
76,Carlos Baltazar,mx MEX,CC,Puebla,25,1997,0.1,9,9,100.0,130,16,6,6,100.0,3,3,100.0,0,0,,0,0.0,0.0,0.0,0,0,0,0,1,Partidos
77,Miguel Barbieri,ar ARG,DF,Querétaro,28,1993,12.3,390,541,72.1,9304,4282,102,118,86.4,182,219,83.1,98,187,52.4,0,0.0,0.1,0.0,0,48,1,0,28,Partidos
78,David Barbona,ar ARG,"CC,DL",Querétaro,27,1995,6.3,169,207,81.6,3136,752,61,72,84.7,83,93,89.2,23,30,76.7,0,1.1,0.8,-1.1,12,21,10,3,37,Partidos
79,Diego Barbosa,mx MEX,DF,Atlas,25,1996,12.4,338,495,68.3,6870,2075,121,140,86.4,169,233,72.5,44,92,47.8,0,0.8,1.0,-0.8,9,22,10,5,32,Partidos
80,Marcelo Barovero,ar ARG,PO,Atlético,38,1984,32.6,560,881,63.6,18297,15530,94,94,100.0,174,178,97.8,277,590,46.9,0,0.0,0.0,0.0,0,11,0,0,0,Partidos
81,Martín Barra,mx MEX,"CC,DL",FC Juárez,20,2002,0.6,28,34,82.4,321,70,20,21,95.2,7,7,100.0,0,1,0.0,1,0.1,0.1,+0.9,1,1,0,0,1,Partidos
82,Martín Barragán,mx MEX,DL,Puebla,31,1991,25.9,402,554,72.6,5584,1177,239,300,79.7,118,161,73.3,21,39,53.8,1,1.9,1.8,-0.9,19,39,13,0,55,Partidos
83,Jaine Barreiro,co COL,DF,León,28,1994,27.5,1037,1329,78.0,21815,9628,327,375,87.2,558,628,88.9,144,289,49.8,2,0.7,1.0,+1.3,10,125,10,1,101,Partidos
84,Pablo Barrera,mx MEX,"CC,DL",Querétaro,35,1987,31.9,873,1311,66.6,15782,5272,411,497,82.7,318,429,74.1,126,292,43.2,6,7.3,7.0,-1.3,76,78,39,28,120,Partidos
85,Abraham Bass,mx MEX,CC,Atlas,20,2001,0.8,20,29,69.0,355,49,7,9,77.8,11,14,78.6,1,3,33.3,0,0.0,0.0,0.0,0,0,0,0,0,Partidos
86,Damián Batallini,ar ARG,"CC,DL",Necaxa,26,1996,8.3,195,259,75.3,3190,834,103,118,87.3,70,90,77.8,17,30,56.7,0,0.8,0.8,-0.8,17,18,14,7,25,Partidos
87,Facundo Batista,uy URU,DL,Necaxa,23,1999,19.7,211,315,67.0,3028,553,115,158,72.8,67,108,62.0,11,16,68.8,0,1.4,1.3,-1.4,19,15,8,2,29,Partidos
88,Eduard Bello,ve VEN,"DL,CC",Mazatlán,26,1995,13.5,292,418,69.9,4655,1451,160,191,83.8,109,145,75.2,19,50,38.0,1,0.9,1.3,+0.1,15,27,12,6,37,Partidos
89,Paul Bellón,mx MEX,DF,León,25,1997,20.2,741,894,82.9,15061,5832,226,266,85.0,405,457,88.6,103,154,66.9,0,1.1,0.9,-1.1,7,45,4,1,51,Partidos
90,Fernando Beltrán,mx MEX,CC,Guadalajara,24,1998,27.1,1110,1308,84.9,18183,4922,558,625,89.3,427,485,88.0,98,132,74.2,4,1.7,3.0,+2.3,33,133,33,6,173,Partidos
91,Nicolás Benedetti,co COL,"CC,DL",Mazatlán,25,1997,23.4,600,847,70.8,10086,3052,313,362,86.5,212,283,74.9,60,140,42.9,5,4.4,4.0,+0.6,47,67,26,13,101,Partidos
92,Pablo Bennevendo Peña,mx MEX,DF,UNAM,22,2000,23.0,712,963,73.9,12125,5448,330,379,87.1,311,400,77.8,58,137,42.3,1,1.3,1.4,-0.3,15,52,11,7,72,Partidos
93,Germán Berterame,ar ARG,"DL,CC",Monterrey,23,1998,26.0,473,671,70.5,6656,1559,294,367,80.1,143,194,73.7,20,38,52.6,5,5.4,2.3,-0.4,36,43,22,4,68,Partidos
94,Unai Bilbao,es ESP,DF,Atlético,28,1994,14.4,463,564,82.1,10192,3944,148,167,88.6,223,244,91.4,90,147,61.2,0,0.2,0.4,-0.2,2,26,2,0,33,Partidos
95,Léo Bonatini,br BRA,DL,Atlético,28,1994,10.1,157,212,74.1,2371,442,83,104,79.8,52,66,78.8,12,20,60.0,2,0.5,0.3,+1.5,7,17,5,0,18,Partidos
96,Antonio Briseño,mx MEX,DF,Guadalajara,28,1994,4.1,177,209,84.7,3859,1388,38,44,86.4,114,128,89.1,25,34,73.5,0,0.0,0.1,0.0,1,11,1,0,16,Partidos
97,Isaác Brizuela,mx MEX,"DL,CC",Guadalajara,31,1990,9.0,277,367,75.5,4128,1182,156,187,83.4,98,125,78.4,14,28,50.0,1,1.6,1.5,-0.6,18,22,13,4,37,Partidos
98,Juan Brunetta,ar ARG,"CC,DL",Santos,25,1997,28.1,1069,1384,77.2,22758,7224,427,473,90.3,390,451,86.5,236,396,59.6,7,5.8,5.8,+1.2,69,170,36,4,209,Partidos
99,Gustavo Cabral,ar ARG,DF,Pachuca,36,1985,29.8,1205,1417,85.0,24692,10278,351,393,89.3,675,755,89.4,164,234,70.1,1,0.3,0.5,+0.7,7,67,3,1,92,Partidos
100,David Cabrera Pujol,mx MEX,CC,Querétaro,32,1989,0.3,19,21,90.5,469,127,3,4,75.0,10,10,100.0,6,7,85.7,0,0.0,0.0,0.0,0,8,0,0,7,Partidos
RL,Jugador,País,Posc,Equipo,Edad,Nacimiento,90 s,Cmp,Int.,% Cmp,Dist. tot.,Dist. prg.,Cmp,Int.,% Cmp,Cmp,Int.,% Cmp,Cmp,Int.,% Cmp,Ass,xAG,xA,A-xAG,PC,1/3,PPA,CrAP,PrgP,Partidos
101,Sebastián Cáceres,uy URU,DF,América,22,1999,23.1,874,1036,84.4,16654,6561,318,348,91.4,456,517,88.2,91,142,64.1,1,0.3,1.1,+0.7,2,37,1,1,48,Partidos
102,Jordy Caicedo,ec ECU,"DL,CC",UANL,24,1997,5.8,71,100,71.0,1049,143,38,46,82.6,22,31,71.0,6,10,60.0,0,0.4,0.3,-0.4,7,6,3,1,8,Partidos
103,José Caicedo,co COL,"CC,DF",UNAM,20,2002,11.3,422,520,81.2,7697,2655,168,191,88.0,202,227,89.0,44,81,54.3,0,0.4,0.3,-0.4,7,42,2,0,60,Partidos
104,Cristian Calderón,mx MEX,"DF,DL",Guadalajara,25,1997,21.2,677,926,73.1,11753,4684,330,369,89.4,262,348,75.3,70,158,44.3,1,1.9,1.7,-0.9,25,65,14,6,60,Partidos
105,Luis Calzadilla,mx MEX,CC,Pachuca,22,2000,0.3,6,8,75.0,73,11,2,2,100.0,2,3,66.7,0,0,,0,0.0,0.0,0.0,0,1,0,0,1,Partidos
106,Raúl Camacho,mx MEX,"DL,CC",Mazatlán,20,2002,0.7,17,26,65.4,263,52,11,14,78.6,3,6,50.0,2,2,100.0,0,0.1,0.1,-0.1,1,1,1,1,1,Partidos
107,Joel Campbell,cr CRC,"CC,DL",León,30,1992,17.3,615,770,79.9,10992,3300,286,335,85.4,246,286,86.0,69,114,60.5,4,2.8,3.3,+1.2,28,75,40,10,111,Partidos
108,Omar Campos,mx MEX,DF,Santos,20,2002,32.6,975,1306,74.7,16584,7712,495,562,88.1,379,492,77.0,83,175,47.4,2,3.7,2.2,-1.7,35,64,26,13,94,Partidos
109,Alexis Canelo,ar ARG,DL,Tijuana,30,1992,32.0,645,1016,63.5,9717,2951,374,508,73.6,191,306,62.4,46,87,52.9,2,4.1,3.9,-2.1,41,57,36,11,99,Partidos
110,Luis Cárdenas,mx MEX,PO,Monterrey,28,1993,8.5,212,289,73.4,6966,5460,25,26,96.2,94,95,98.9,91,165,55.2,0,0.0,0.0,0.0,0,5,0,0,0,Partidos
111,Ulises Cardona,mx MEX,"CC,DL",Necaxa,23,1998,0.7,23,30,76.7,526,105,6,8,75.0,10,11,90.9,6,8,75.0,0,0.3,0.4,-0.3,2,3,1,1,2,Partidos
112,Rafael Carioca,br BRA,CC,UANL,33,1989,21.5,1291,1488,86.8,25309,7629,456,503,90.7,632,685,92.3,181,244,74.2,2,1.8,2.9,+0.2,27,183,29,9,201,Partidos
113,Gonzalo Carneiro,uy URU,DL,Cruz Azul,26,1995,11.1,134,216,62.0,2037,405,63,97,64.9,51,75,68.0,10,17,58.8,1,0.5,0.8,+0.5,9,14,2,0,22,Partidos
114,Ramiro Carrera,ar ARG,"CC,DL",Cruz Azul,28,1993,3.0,69,97,71.1,1169,336,34,42,81.0,25,30,83.3,8,17,47.1,0,0.4,0.7,-0.4,5,6,4,2,12,Partidos
115,Jordan Carrillo,mx MEX,"CC,DF",Santos,20,2001,1.2,39,47,83.0,715,210,18,21,85.7,16,19,84.2,4,6,66.7,0,0.0,0.0,0.0,1,3,0,0,2,Partidos
116,Kevin Castañeda,mx MEX,CC,Tijuana,22,1999,3.9,181,246,73.6,3368,1263,72,81,88.9,78,96,81.3,24,54,44.4,0,0.3,0.9,-0.3,9,36,8,1,45,Partidos
117,Byron Castillo,ec ECU,DF,León,23,1998,15.7,536,700,76.6,8775,3446,276,312,88.5,206,269,76.6,43,77,55.8,1,2.6,2.1,-1.6,26,50,26,17,59,Partidos
118,Fabián Castillo,co COL,DL,Tijuana,30,1992,2.4,51,69,73.9,717,216,29,34,85.3,16,20,80.0,3,4,75.0,2,0.7,0.6,+1.3,8,3,2,0,6,Partidos
119,José Castillo Pérez,mx MEX,DF,Pachuca,20,2001,13.3,639,777,82.2,11381,4854,274,297,92.3,309,357,86.6,50,101,49.5,0,0.4,0.3,-0.4,6,38,5,3,43,Partidos
120,Raúl Castillo,mx MEX,CC,Puebla,20,2001,0.7,12,17,70.6,217,38,5,8,62.5,4,6,66.7,2,2,100.0,0,0.2,0.1,-0.2,2,1,0,0,0,Partidos
121,Lucas Cavallini,ca CAN,DL,Tijuana,29,1992,8.0,132,195,67.7,2092,250,67,93,72.0,41,58,70.7,12,21,57.1,2,0.8,1.4,+1.2,8,7,3,2,14,Partidos
122,Enrique Cedillo,mx MEX,DF,Mazatlán,26,1996,4.8,219,260,84.2,4656,1824,61,63,96.8,123,139,88.5,34,55,61.8,0,0.2,0.2,-0.2,4,20,1,1,23,Partidos
123,Julien Celestine,fr FRA,DF,León,25,1997,3.3,69,90,76.7,1412,496,17,23,73.9,45,51,88.2,7,15,46.7,0,0.0,0.1,0.0,1,1,0,0,6,Partidos
124,Alan Cervantes,mx MEX,CC,Santos,24,1998,24.2,1019,1148,88.8,17458,5331,510,564,90.4,382,411,92.9,101,122,82.8,1,1.4,0.8,-0.4,15,88,4,0,105,Partidos
125,Daniel Cervantes,mx MEX,DF,Querétaro,32,1990,3.5,95,120,79.2,2321,1005,13,18,72.2,61,66,92.4,20,33,60.6,0,0.0,0.0,0.0,0,7,0,0,4,Partidos
RL,Jugador,País,Posc,Equipo,Edad,Nacimiento,90 s,Cmp,Int.,% Cmp,Dist. tot.,Dist. prg.,Cmp,Int.,% Cmp,Cmp,Int.,% Cmp,Cmp,Int.,% Cmp,Ass,xAG,xA,A-xAG,PC,1/3,PPA,CrAP,PrgP,Partidos
126,Luís Cervantes,mx MEX,DF,León,21,2001,2.1,58,68,85.3,840,285,34,36,94.4,19,21,90.5,2,5,40.0,0,0.0,0.0,0.0,0,2,0,0,2,Partidos
127,Aníbal Chalá,ec ECU,"DF,CC",Atlas,26,1996,11.3,286,418,68.4,4628,1953,147,167,88.0,109,158,69.0,21,59,35.6,0,0.5,0.6,-0.5,3,18,6,5,28,Partidos
128,Diego Chávez Collins,mx MEX,"DL,CC",FC Juárez,27,1995,2.3,43,63,68.3,632,105,25,30,83.3,13,22,59.1,3,6,50.0,0,0.7,0.7,-0.7,4,0,2,2,0,Partidos
129,Luis Chávez,mx MEX,CC,Pachuca,26,1996,31.1,1625,1984,81.9,31575,10365,608,684,88.9,777,886,87.7,215,351,61.3,4,3.9,3.8,+0.1,60,240,13,2,264,Partidos
130,Ricardo Chávez Soto,mx MEX,DF,Atlético,27,1994,31.2,1108,1541,71.9,19673,7907,507,588,86.2,478,633,75.5,112,247,45.3,4,3.4,2.8,+0.6,32,93,22,17,100,Partidos
131,Jesús Chiquete,mx MEX,DF,Guadalajara,20,2002,29.4,929,1170,79.4,18472,7673,319,359,88.9,476,546,87.2,123,225,54.7,2,0.5,0.4,+1.5,9,79,8,4,87,Partidos
132,Ronaldo Cisneros,mx MEX,"DL,CC",Guadalajara,25,1997,9.6,105,140,75.0,1395,238,70,82,85.4,30,38,78.9,1,7,14.3,1,0.6,0.4,+0.4,6,6,2,0,11,Partidos
133,Josué Colmán,py PAR,"CC,DL",Mazatlán,24,1998,11.6,302,400,75.5,5099,1370,139,156,89.1,119,148,80.4,29,56,51.8,1,1.0,1.2,0.0,13,45,12,3,45,Partidos
134,Bryan Colula,mx MEX,DF,Mazatlán,26,1996,21.5,623,887,70.2,10503,4567,300,354,84.7,247,354,69.8,59,125,47.2,1,0.6,1.2,+0.4,14,66,18,9,77,Partidos
135,Francisco Contreras,mx MEX,"DF,CC",Tijuana,23,1999,7.8,309,429,72.0,5355,2651,164,188,87.2,103,129,79.8,38,84,45.2,0,1.1,0.9,-1.1,15,34,8,4,39,Partidos
136,José Corona,mx MEX,PO,Cruz Azul,41,1981,23.0,515,680,75.7,14158,10342,95,95,100.0,267,272,98.2,151,308,49.0,0,0.0,0.0,0.0,0,8,0,0,0,Partidos
137,George Corral,mx MEX,"DF,CC",Puebla,32,1990,3.0,183,206,88.8,3271,1041,73,76,96.1,97,106,91.5,13,21,61.9,0,0.1,0.1,-0.1,2,14,1,0,13,Partidos
138,Rogelio Cortéz Pineda,mx MEX,CC,Necaxa,18,2004,1.6,58,77,75.3,1114,279,24,30,80.0,24,33,72.7,9,11,81.8,0,0.1,0.0,-0.1,3,7,1,0,8,Partidos
139,Jordi Cortizo,mx MEX,"CC,DL",Puebla,26,1996,13.5,425,523,81.3,6579,1863,232,265,87.5,154,178,86.5,27,46,58.7,3,1.8,2.1,+1.2,17,38,17,3,63,Partidos
140,Jordi Cortizo,mx MEX,"CC,DL",Monterrey,26,1996,4.2,169,191,88.5,2483,620,98,109,89.9,56,62,90.3,8,10,80.0,0,0.7,0.5,-0.7,8,16,6,1,21,Partidos
141,Rodolfo Cota,mx MEX,PO,León,35,1987,34.0,842,1117,75.4,24395,17975,149,149,100.0,397,401,99.0,289,557,51.9,0,0.0,0.1,0.0,0,13,0,0,0,Partidos
142,Aldo Cruz,mx MEX,DF,Atlético,24,1997,14.5,469,631,74.3,8494,3896,213,233,91.4,199,256,77.7,55,120,45.8,1,0.5,0.5,+0.5,5,46,8,7,51,Partidos
143,Jürgen Damm,mx MEX,"DL,CC",América,29,1992,1.0,34,52,65.4,503,85,22,25,88.0,10,18,55.6,2,7,28.6,0,0.0,0.2,0.0,0,1,1,1,0,Partidos
144,Jorge Daniel Hernández,mx MEX,CC,Querétaro,33,1989,13.9,524,615,85.2,10082,2596,190,218,87.2,267,296,90.2,60,82,73.2,0,0.1,0.2,-0.1,6,46,0,0,59,Partidos
145,Juan David Castro,mx MEX,"CC,DL",Atlético,30,1991,4.0,127,159,79.9,1996,530,73,81,90.1,37,42,88.1,10,17,58.8,0,0.0,0.3,0.0,2,20,0,0,20,Partidos
146,José David Ramírez,mx MEX,DF,León,26,1995,0.2,11,14,78.6,135,51,8,9,88.9,3,3,100.0,0,1,0.0,0,0.0,0.0,0.0,0,0,0,0,0,Partidos
147,Víctor Dávila,cl CHI,"DL,CC",León,24,1997,23.4,591,850,69.5,10208,2957,287,341,84.2,205,282,72.7,78,158,49.4,4,5.3,4.1,-1.3,61,61,35,10,107,Partidos
148,Diego De Buen,mx MEX,"DF,CC",Puebla,31,1991,33.5,1238,1539,80.4,26491,12308,389,442,88.0,639,709,90.1,203,357,56.9,2,3.0,2.3,-1.0,23,92,12,5,95,Partidos
149,Sergio De los Ríos,mx MEX,CC,América,19,2003,0.2,4,5,80.0,82,9,2,2,100.0,1,1,100.0,1,1,100.0,0,0.0,0.0,0.0,0,0,0,0,0,Partidos
150,Arturo del Campo,mx MEX,CC,Toluca,19,2003,0.0,1,2,50.0,5,0,1,1,100.0,0,1,0.0,0,0,,0,0.0,0.0,0.0,0,0,0,0,0,Partidos
RL,Jugador,País,Posc,Equipo,Edad,Nacimiento,90 s,Cmp,Int.,% Cmp,Dist. tot.,Dist. prg.,Cmp,Int.,% Cmp,Cmp,Int.,% Cmp,Cmp,Int.,% Cmp,Ass,xAG,xA,A-xAG,PC,1/3,PPA,CrAP,PrgP,Partidos
151,Gustavo Del Prete,ar ARG,"CC,DL",UNAM,26,1996,22.0,507,669,75.8,8470,1947,256,300,85.3,207,257,80.5,36,81,44.4,3,3.9,2.8,-0.9,38,42,18,1,72,Partidos
152,Everardo Del Villar,mx MEX,DF,Toluca,17,2005,0.2,17,18,94.4,232,63,10,11,90.9,7,7,100.0,0,0,,0,0.0,0.0,0.0,0,0,0,0,1,Partidos
153,Arturo Delgado,mx MEX,PO,UANL,20,2002,0.5,10,14,71.4,281,164,0,0,,7,7,100.0,3,7,42.9,0,0.0,0.0,0.0,0,0,0,0,0,Partidos
154,Franco Di Santo,ar ARG,DL,Tijuana,33,1989,8.2,125,198,63.1,1874,444,69,104,66.3,40,55,72.7,7,13,53.8,0,0.8,0.3,-0.8,12,12,8,2,19,Partidos
155,Lucas Di Yorio,ar ARG,DL,León,25,1996,28.3,265,424,62.5,4020,492,155,201,77.1,85,142,59.9,16,26,61.5,2,1.3,0.7,+0.7,12,14,3,0,18,Partidos
156,Nicolás Díaz Huincales,cl CHI,DF,Tijuana,23,1999,29.4,1193,1542,77.4,23896,10504,423,487,86.9,560,675,83.0,190,322,59.0,1,0.9,0.9,+0.1,16,86,16,6,99,Partidos
157,Jair Díaz,mx MEX,DF,Tijuana,23,1998,15.7,429,645,66.5,7803,4163,193,221,87.3,185,254,72.8,46,138,33.3,0,0.2,0.3,-0.2,6,53,9,3,65,Partidos
158,Diogo,br BRA,"DL,CC",UNAM,25,1996,18.9,276,419,65.9,4240,978,157,213,73.7,84,128,65.6,23,38,60.5,1,1.4,1.5,-0.4,16,19,12,4,28,Partidos
159,Cecilio Domínguez,py PAR,"CC,DL",Santos,27,1994,3.0,107,140,76.4,1855,498,50,63,79.4,41,49,83.7,13,20,65.0,1,0.4,0.5,+0.6,7,8,1,0,16,Partidos
160,Idekel Domínguez,mx MEX,CC,Atlas,22,2000,0.7,10,14,71.4,139,70,5,5,100.0,4,7,57.1,0,1,0.0,0,0.0,0.0,0.0,1,2,0,0,2,Partidos
161,Juan Domínguez,mx MEX,"DL,CC",Necaxa,23,1998,4.3,94,126,74.6,1245,357,63,73,86.3,26,35,74.3,2,3,66.7,0,0.0,0.3,0.0,1,4,3,0,12,Partidos
162,Julio Domínguez,mx MEX,DF,Cruz Azul,34,1987,27.4,1127,1306,86.3,21347,8001,389,420,92.6,614,678,90.6,108,168,64.3,0,0.4,0.5,-0.4,8,68,7,3,91,Partidos
163,Misael Domínguez,mx MEX,"CC,DL",Tijuana,22,1999,2.2,68,92,73.9,1091,426,34,45,75.6,32,38,84.2,2,7,28.6,0,0.3,0.2,-0.3,6,11,4,1,21,Partidos
164,Dória,br BRA,DF,Santos,27,1994,14.1,404,539,75.0,8588,3878,122,135,90.4,217,252,86.1,63,137,46.0,0,0.2,0.1,-0.2,4,36,3,1,32,Partidos
165,Jonathan dos Santos,mx MEX,CC,América,32,1990,7.0,448,500,89.6,7936,2181,192,208,92.3,197,216,91.2,47,61,77.0,0,0.3,0.4,-0.3,6,63,6,0,55,Partidos
166,Rodrigo Dourado,br BRA,CC,Atlético,28,1994,24.2,867,1062,81.6,15066,5271,377,444,84.9,366,432,84.7,93,129,72.1,1,1.0,0.7,0.0,12,100,4,0,97,Partidos
167,Jesús Dueñas,mx MEX,"CC,DL",FC Juárez,33,1989,25.7,1016,1281,79.3,18712,4693,434,488,88.9,418,491,85.1,136,228,59.6,6,4.4,4.5,+1.6,59,109,21,8,156,Partidos
168,Javier Eduardo López,mx MEX,"CC,DL",Pachuca,27,1994,12.5,361,469,77.0,5353,1670,210,251,83.7,109,129,84.5,25,46,54.3,5,4.0,2.5,+1.0,29,32,15,1,64,Partidos
169,Jorge Eduardo Sánchez,mx MEX,DF,América,24,1997,3.0,131,162,80.9,2305,692,65,73,89.0,53,60,88.3,13,22,59.1,0,0.3,0.4,-0.3,2,8,4,1,17,Partidos
170,Francisco Eduardo Venegas,mx MEX,"DF,DL",UANL,24,1998,1.2,38,52,73.1,655,324,22,23,95.7,9,13,69.2,7,13,53.8,0,0.0,0.1,0.0,2,6,2,0,11,Partidos
171,Francisco Eduardo Venegas,mx MEX,"DF,CC",Mazatlán,24,1998,10.5,390,505,77.2,7140,2839,172,199,86.4,160,188,85.1,57,103,55.3,0,0.6,0.9,-0.6,7,47,7,1,43,Partidos
172,Alfonso Emilio Sánchez,mx MEX,"CC,DL",Mazatlán,28,1994,7.2,205,271,75.6,3522,1248,92,116,79.3,91,110,82.7,17,33,51.5,0,0.1,0.4,-0.1,3,17,5,0,27,Partidos
173,José Enrique Angulo,ec ECU,DL,Querétaro,27,1995,4.0,43,77,55.8,693,128,19,28,67.9,19,28,67.9,3,5,60.0,0,0.1,0.1,-0.1,2,3,1,0,7,Partidos
174,Luis Enrique Quiñones,co COL,"DL,CC",UANL,31,1991,23.3,778,1078,72.2,11327,3397,468,564,83.0,224,327,68.5,55,91,60.4,2,6.3,6.4,-4.3,59,48,56,25,106,Partidos
175,Carlos Ernesto Cisneros,mx MEX,"DL,DF",Guadalajara,28,1993,19.2,524,718,73.0,8250,2252,288,337,85.5,192,252,76.2,32,68,47.1,5,2.5,1.9,+2.5,29,30,15,6,55,Partidos
RL,Jugador,País,Posc,Equipo,Edad,Nacimiento,90 s,Cmp,Int.,% Cmp,Dist. tot.,Dist. prg.,Cmp,Int.,% Cmp,Cmp,Int.,% Cmp,Cmp,Int.,% Cmp,Ass,xAG,xA,A-xAG,PC,1/3,PPA,CrAP,PrgP,Partidos
176,Kevin Escamilla,mx MEX,CC,Querétaro,28,1994,23.1,710,850,83.5,13652,3457,270,309,87.4,353,391,90.3,79,116,68.1,1,1.7,1.2,-0.7,21,72,10,2,93,Partidos
177,Juan Escobar,py PAR,DF,Cruz Azul,27,1995,26.2,1092,1312,83.2,22433,8363,348,389,89.5,597,676,88.3,140,217,64.5,3,1.2,1.7,+1.8,21,68,16,4,68,Partidos
178,Alonso Escoboza,mx MEX,"DF,CC",Cruz Azul,29,1993,4.6,128,194,66.0,2207,674,65,75,86.7,49,73,67.1,13,40,32.5,0,0.3,0.3,-0.3,3,6,3,2,11,Partidos
179,Amaury Escoto,mx MEX,"DL,CC",Puebla,29,1992,1.6,24,34,70.6,315,66,16,22,72.7,7,7,100.0,0,2,0.0,0,0.2,0.5,-0.2,1,1,1,0,1,Partidos
180,Michael Estrada,ec ECU,DL,Cruz Azul,26,1996,9.3,84,147,57.1,1307,352,49,63,77.8,26,51,51.0,7,18,38.9,1,0.9,0.4,+0.1,7,11,3,0,12,Partidos
181,Marco Fabián,mx MEX,"CC,DL",Mazatlán,33,1989,8.4,289,391,73.9,4571,1131,149,177,84.2,111,134,82.8,19,52,36.5,1,1.0,1.4,0.0,13,37,12,4,38,Partidos
182,Luis Félix,mx MEX,DF,Tijuana,21,2000,2.3,90,123,73.2,1453,633,50,58,86.2,34,48,70.8,5,11,45.5,0,0.1,0.1,-0.1,2,7,2,2,4,Partidos
183,Omar Fernández Frasica,co COL,"CC,DL",Puebla,29,1993,17.7,714,847,84.3,11261,2661,389,434,89.6,243,273,89.0,58,96,60.4,2,2.2,2.3,-0.2,33,46,31,9,84,Partidos
184,Gabriel Fernández,uy URU,DL,FC Juárez,28,1994,28.1,386,574,67.2,6141,1104,198,266,74.4,131,189,69.3,34,52,65.4,3,3.6,2.5,-0.6,26,33,10,4,57,Partidos
185,Leonardo Fernández,uy URU,"CC,DL",Toluca,23,1998,20.6,938,1296,72.4,19201,6158,377,454,83.0,345,434,79.5,185,339,54.6,9,8.1,8.0,+0.9,78,130,48,12,142,Partidos
186,Rafael Fernández,mx MEX,DF,Querétaro,21,2000,15.6,517,674,76.7,11685,4679,141,161,87.6,256,296,86.5,116,195,59.5,0,0.3,0.6,-0.3,1,39,8,3,43,Partidos
187,Luis Fernando Fuentes,mx MEX,DF,América,35,1986,19.6,937,1155,81.1,15210,6607,518,559,92.7,329,417,78.9,72,128,56.3,1,1.5,2.4,-0.5,23,63,34,22,86,Partidos
188,Luis Fernando León,ec ECU,DF,Atlético,29,1993,13.8,372,480,77.5,7877,3556,113,130,86.9,204,231,88.3,52,104,50.0,0,0.3,0.5,-0.3,1,30,0,0,29,Partidos
189,Luis Fernando Quintana,mx MEX,DF,Necaxa,30,1992,0.8,47,51,92.2,1132,375,4,5,80.0,34,35,97.1,9,11,81.8,0,0.0,0.0,0.0,1,0,1,1,2,Partidos
190,Gustavo Ferrareis,br BRA,"DF,CC",Puebla,26,1996,26.5,876,1182,74.1,15217,5804,452,512,88.3,314,417,75.3,92,185,49.7,4,2.2,1.8,+1.8,29,74,28,15,82,Partidos
191,Álvaro Fidalgo,es ESP,CC,América,25,1997,29.5,2046,2265,90.3,38510,11318,874,935,93.5,873,947,92.2,271,333,81.4,6,2.5,4.1,+3.5,34,349,36,2,346,Partidos
192,Carlos Fierro,mx MEX,"DL,CC",FC Juárez,28,1994,3.6,29,55,52.7,394,120,16,21,76.2,7,13,53.8,1,6,16.7,0,0.0,0.0,0.0,1,4,0,0,5,Partidos
193,Sebastián Fierro,mx MEX,CC,UANL,20,2001,1.0,36,40,90.0,671,300,12,12,100.0,16,16,100.0,5,6,83.3,0,0.1,0.0,-0.1,2,2,0,0,2,Partidos
194,Abraham Flores,mx MEX,DF,Tijuana,20,2002,1.5,32,58,55.2,589,318,9,17,52.9,19,28,67.9,3,10,30.0,0,0.0,0.0,0.0,0,1,0,0,2,Partidos
195,Edison Flores,pe PER,CC,Atlas,28,1994,9.1,249,319,78.1,4080,995,132,156,84.6,82,98,83.7,25,40,62.5,2,1.7,1.6,+0.3,21,21,11,1,35,Partidos
196,Fabricio Formiliano,uy URU,DF,Necaxa,29,1993,11.9,434,525,82.7,9853,3732,94,107,87.9,258,296,87.2,82,116,70.7,1,0.2,0.4,+0.8,3,20,1,0,38,Partidos
197,Alexis Francisco Peña,mx MEX,DF,Necaxa,26,1996,33.5,1299,1672,77.7,29745,11287,283,332,85.2,763,870,87.7,245,435,56.3,1,0.5,1.0,+0.5,8,113,9,0,117,Partidos
198,Nicolás Freire,ar ARG,DF,UNAM,28,1994,31.8,1151,1438,80.0,26173,12039,260,306,85.0,660,754,87.5,224,347,64.6,1,1.1,1.0,-0.1,18,89,4,0,118,Partidos
199,Adonis Frías,ar ARG,DF,León,24,1998,11.6,449,530,84.7,9370,4158,116,130,89.2,269,296,90.9,61,89,68.5,1,0.6,0.3,+0.4,5,25,3,0,41,Partidos
200,Raymundo Fulgencio,mx MEX,"DL,CC",UANL,22,2000,12.7,409,529,77.3,6490,1699,217,228,95.2,139,174,79.9,33,80,41.3,2,1.5,2.2,+0.5,22,38,14,9,39,Partidos
RL,Jugador,País,Posc,Equipo,Edad,Nacimiento,90 s,Cmp,Int.,% Cmp,Dist. tot.,Dist. prg.,Cmp,Int.,% Cmp,Cmp,Int.,% Cmp,Cmp,Int.,% Cmp,Ass,xAG,xA,A-xAG,PC,1/3,PPA,CrAP,PrgP,Partidos
201,Ramiro Funes Mori,ar ARG,DF,Cruz Azul,31,1991,22.4,964,1168,82.5,21225,8726,228,249,91.6,567,624,90.9,165,274,60.2,0,0.0,0.3,0.0,1,63,5,1,75,Partidos
202,Rogelio Funes Mori,mx MEX,DL,Monterrey,31,1991,19.8,296,430,68.8,4607,907,149,202,73.8,125,159,78.6,14,30,46.7,3,2.7,3.1,+0.3,26,25,12,2,35,Partidos
203,Julio Furch,ar ARG,DL,Atlas,33,1989,20.8,378,538,70.3,5213,810,217,283,76.7,108,151,71.5,17,23,73.9,2,1.4,1.8,+0.6,21,31,7,0,34,Partidos
204,Alam Galindo,mx MEX,DL,Tijuana,21,2001,0.1,1,1,100.0,12,0,1,1,100.0,0,0,,0,0,,0,0.0,0.0,0.0,0,0,0,0,0,Partidos
205,José Galindo,mx MEX,DF,UNAM,24,1998,10.8,333,427,78.0,6624,2630,112,128,87.5,174,205,84.9,46,83,55.4,0,0.2,0.2,-0.2,2,15,1,1,19,Partidos
206,Jesús Gallardo,mx MEX,DF,Monterrey,27,1994,24.8,842,1161,72.5,15287,5473,377,454,83.0,349,461,75.7,101,188,53.7,4,5.7,3.5,-1.7,42,49,23,9,73,Partidos
207,Isaias Galván,mx MEX,CC,UANL,17,2005,0.2,7,9,77.8,116,5,2,3,66.7,3,4,75.0,1,1,100.0,0,0.0,0.0,0.0,0,0,0,0,0,Partidos
208,Juan Gamboa,mx MEX,"CC,DF",Toluca,21,2001,0.2,11,13,84.6,139,36,8,9,88.9,2,2,100.0,1,2,50.0,0,0.2,0.1,-0.2,1,0,0,0,1,Partidos
209,Brian García,mx MEX,DF,Toluca,24,1997,14.8,809,956,84.6,14580,4503,368,401,91.8,351,402,87.3,82,124,66.1,1,1.9,1.7,-0.9,16,57,23,5,81,Partidos
210,Brian García,mx MEX,DF,Necaxa,24,1997,17.0,581,821,70.8,12276,4843,190,223,85.2,274,373,73.5,113,197,57.4,2,1.0,1.3,+1.0,15,53,22,10,56,Partidos
211,Denzell García,mx MEX,CC,FC Juárez,18,2003,10.5,459,538,85.3,8881,1691,157,176,89.2,231,256,90.2,64,90,71.1,0,0.1,0.4,-0.1,5,46,4,0,45,Partidos
212,Emiliano García,mx MEX,CC,Puebla,18,2003,0.2,12,16,75.0,127,34,10,11,90.9,1,2,50.0,0,0,,0,0.0,0.0,0.0,1,1,2,0,2,Partidos
213,Francisco García,mx MEX,DL,América,18,2003,0.1,2,2,100.0,21,0,2,2,100.0,0,0,,0,0,,0,0.0,0.0,0.0,0,0,0,0,0,Partidos
214,Gilberto García,mx MEX,CC,Guadalajara,21,2000,0.2,18,18,100.0,443,108,3,3,100.0,11,11,100.0,4,4,100.0,0,0.0,0.0,0.0,0,0,0,0,2,Partidos
215,Jorge García,mx MEX,CC,Cruz Azul,20,2002,0.2,5,7,71.4,73,19,3,3,100.0,2,2,100.0,0,1,0.0,0,0.0,0.0,0.0,0,0,0,0,0,Partidos
216,José García,mx MEX,DF,Atlético,26,1996,11.0,276,353,78.2,6093,2334,70,79,88.6,146,171,85.4,54,90,60.0,0,0.0,0.0,0.0,1,16,0,0,19,Partidos
217,Alberto García Jr.,mx MEX,"DL,CC",Querétaro,28,1993,0.3,7,13,53.8,96,35,6,6,100.0,0,3,0.0,1,1,100.0,0,0.0,0.0,0.0,0,1,1,0,1,Partidos
218,Luis García,mx MEX,DL,Puebla,30,1992,8.3,,,,,,,,,,,,,,,5,,,,,,,,,Partidos
219,Marco García,mx MEX,CC,UNAM,22,2000,4.6,172,215,80.0,3110,1007,71,78,91.0,77,88,87.5,19,36,52.8,0,0.9,0.6,-0.9,7,33,7,3,35,Partidos
220,Matías García,ar ARG,"CC,DF",FC Juárez,30,1991,9.1,289,394,73.4,5014,1613,127,144,88.2,118,142,83.1,32,73,43.8,0,1.1,1.3,-1.1,16,36,5,2,37,Partidos
221,Uziel García,mx MEX,DF,Atlético,21,2001,12.0,316,476,66.4,5695,2577,140,165,84.8,137,189,72.5,34,101,33.7,0,0.7,0.3,-0.7,6,16,5,3,29,Partidos
222,Bryan Garnica,mx MEX,"CC,DL",Necaxa,26,1996,23.4,494,747,66.1,9256,3486,229,268,85.4,172,234,73.5,79,175,45.1,3,4.2,4.8,-1.2,54,38,34,26,54,Partidos
223,Jesús Garza,mx MEX,DF,UANL,22,2000,13.6,642,813,79.0,10019,4116,347,387,89.7,231,283,81.6,41,83,49.4,1,0.9,1.3,+0.1,13,50,12,7,69,Partidos
224,André-Pierre Gignac,fr FRA,DL,UANL,36,1985,29.0,536,705,76.0,9479,1808,272,319,85.3,180,234,76.9,69,105,65.7,3,2.9,1.7,+0.1,31,51,17,1,70,Partidos
225,Milton Giménez,ar ARG,DL,Necaxa,25,1996,16.6,224,353,63.5,3531,621,117,168,69.6,72,104,69.2,21,37,56.8,2,1.9,1.1,+0.1,16,25,6,1,29,Partidos
RL,Jugador,País,Posc,Equipo,Edad,Nacimiento,90 s,Cmp,Int.,% Cmp,Dist. tot.,Dist. prg.,Cmp,Int.,% Cmp,Cmp,Int.,% Cmp,Cmp,Int.,% Cmp,Ass,xAG,xA,A-xAG,PC,1/3,PPA,CrAP,PrgP,Partidos
226,Santiago Giménez,mx MEX,DL,Cruz Azul,21,2001,4.5,56,95,58.9,785,191,31,46,67.4,21,29,72.4,1,7,14.3,0,0.5,0.1,-0.5,6,7,2,0,8,Partidos
227,Rodrigo Godínez,mx MEX,DF,Tijuana,29,1992,12.6,418,572,73.1,7643,3422,166,205,81.0,206,254,81.1,40,94,42.6,0,0.1,0.3,-0.1,3,42,5,4,47,Partidos
228,Alejandro Gómez,mx MEX,DF,Atlas,20,2002,4.0,202,242,83.5,4042,1833,64,73,87.7,112,125,89.6,25,42,59.5,2,0.8,0.4,+1.2,4,16,3,1,19,Partidos
229,Diego Gómez,mx MEX,"CC,DF",Necaxa,18,2003,4.0,108,139,77.7,1739,434,55,61,90.2,41,49,83.7,8,18,44.4,0,0.0,0.1,0.0,1,10,1,0,15,Partidos
230,Enrique Gomez,mx MEX,CC,Toluca,18,2004,0.0,0,0,,0,0,0,0,,0,0,,0,0,,0,0.0,0.0,0.0,0,0,0,0,0,Partidos
231,Jaime Gómez Valencia,mx MEX,"CC,DF",FC Juárez,29,1993,8.8,242,302,80.1,3183,1217,147,167,88.0,70,87,80.5,10,17,58.8,1,0.2,0.6,+0.8,6,34,8,2,46,Partidos
232,Alfonso González,mx MEX,"CC,DL",Monterrey,27,1994,25.3,723,1005,71.9,12218,3688,375,431,87.0,232,310,74.8,90,184,48.9,8,4.9,4.5,+3.1,62,78,21,3,111,Partidos
233,Bryan González,mx MEX,"DF,CC",Pachuca,19,2003,2.0,93,115,80.9,1276,334,61,68,89.7,28,34,82.4,2,6,33.3,0,0.0,0.1,0.0,1,8,1,1,6,Partidos
234,Pablo González Díaz,mx MEX,CC,Puebla,30,1992,7.2,327,373,87.7,7066,2085,109,118,92.4,150,160,93.8,66,89,74.2,0,0.2,0.1,-0.2,7,40,1,0,45,Partidos
235,Hugo González Durán,mx MEX,PO,Necaxa,31,1990,16.0,380,580,65.5,12005,9116,56,58,96.6,150,151,99.3,172,365,47.1,0,0.0,0.0,0.0,0,11,0,0,1,Partidos
236,Carlos González Espínola,py PAR,DL,Toluca,29,1993,24.0,333,482,69.1,4674,839,206,264,78.0,90,134,67.2,19,32,59.4,1,0.7,0.8,+0.3,9,23,12,1,37,Partidos
237,Fernando González,mx MEX,CC,UANL,21,2001,0.1,4,6,66.7,77,54,1,1,100.0,2,4,50.0,1,1,100.0,1,0.0,0.0,+1.0,1,0,2,0,2,Partidos
238,Jair González,mx MEX,"CC,DF",Santos,20,2002,15.1,363,498,72.9,5804,1805,210,239,87.9,117,163,71.8,29,55,52.7,1,1.6,1.3,-0.6,19,20,16,5,44,Partidos
239,José González,mx MEX,"DL,CC",Guadalajara,23,1998,5.5,55,91,60.4,663,119,34,47,72.3,15,25,60.0,1,4,25.0,0,0.3,0.1,-0.3,5,1,0,0,2,Partidos
240,José González,mx MEX,DL,UNAM,17,2004,1.0,15,17,88.2,205,24,12,13,92.3,2,2,100.0,1,1,100.0,0,0.0,0.0,0.0,0,0,0,0,1,Partidos
241,Lucas González,ar ARG,CC,Santos,22,2000,4.7,195,228,85.5,3487,1057,91,100,91.0,76,83,91.6,22,32,68.8,1,0.7,0.5,+0.3,5,17,3,0,29,Partidos
242,Fernando Gorriarán,uy URU,CC,Santos,27,1994,15.3,739,948,78.0,12487,4780,372,429,86.7,277,329,84.2,68,124,54.8,5,2.2,1.8,+2.8,32,96,21,1,133,Partidos
243,Fernando Gorriarán,uy URU,"CC,DL",UANL,27,1994,12.2,557,728,76.5,9244,2334,298,342,87.1,192,239,80.3,55,109,50.5,2,4.2,3.5,-2.2,27,54,29,11,75,Partidos
244,Ismael Govea,mx MEX,DF,Tijuana,25,1997,25.5,827,1077,76.8,14681,6742,396,446,88.8,329,428,76.9,87,154,56.5,1,1.3,1.9,-0.3,15,82,12,9,116,Partidos
245,Omar Govea,mx MEX,CC,Monterrey,26,1996,3.6,203,237,85.7,3569,1078,88,97,90.7,93,109,85.3,19,24,79.2,2,0.9,0.6,+1.1,6,35,6,1,31,Partidos
246,Axel Grijalva,mx MEX,DF,Monterrey,22,2000,0.6,13,21,61.9,230,106,5,7,71.4,7,9,77.8,1,4,25.0,0,0.0,0.0,0.0,0,0,1,1,0,Partidos
247,Javier Güemez,mx MEX,CC,Atlético,30,1991,27.0,1049,1303,80.5,19360,6747,446,508,87.8,438,510,85.9,130,226,57.5,3,1.5,2.1,+1.5,20,158,17,2,143,Partidos
248,Rafael Guerrero,mx MEX,DF,Cruz Azul,19,2003,9.3,354,411,86.1,6686,2702,140,153,91.5,170,180,94.4,40,70,57.1,0,0.0,0.0,0.0,0,20,0,0,27,Partidos
249,Emanuel Gularte,uy URU,DF,Puebla,24,1997,17.4,554,701,79.0,10904,4271,195,217,89.9,290,334,86.8,62,120,51.7,0,0.3,0.2,-0.3,10,42,2,2,44,Partidos
250,Alexis Gutiérrez,mx MEX,CC,Cruz Azul,22,2000,3.5,149,179,83.2,2488,531,65,72,90.3,62,68,91.2,12,18,66.7,0,0.1,0.1,-0.1,4,17,4,1,14,Partidos
RL,Jugador,País,Posc,Equipo,Edad,Nacimiento,90 s,Cmp,Int.,% Cmp,Dist. tot.,Dist. prg.,Cmp,Int.,% Cmp,Cmp,Int.,% Cmp,Cmp,Int.,% Cmp,Ass,xAG,xA,A-xAG,PC,1/3,PPA,CrAP,PrgP,Partidos
251,Carlos Gutiérrez,mx MEX,"DF,DL",UNAM,23,1999,3.4,105,144,72.9,1613,753,56,64,87.5,45,58,77.6,2,15,13.3,1,0.5,0.4,+0.5,4,8,3,3,8,Partidos
252,Edson Gutiérrez,mx MEX,DF,Monterrey,26,1996,6.5,178,235,75.7,3247,1258,81,94,86.2,70,93,75.3,26,41,63.4,0,0.1,0.2,-0.1,2,15,6,4,15,Partidos
253,Gustavo Gutiérrez,mx MEX,PO,Toluca,25,1996,2.0,53,67,79.1,1506,1136,12,12,100.0,26,26,100.0,15,29,51.7,0,0.0,0.0,0.0,0,1,0,0,0,Partidos
254,Ricardo Gutiérrez,mx MEX,PO,Mazatlán,25,1997,12.5,342,468,73.1,9204,6815,71,71,100.0,178,178,100.0,91,217,41.9,0,0.0,0.0,0.0,1,8,0,0,0,Partidos
255,Carlos Guzmán,mx MEX,DF,Toluca,28,1994,4.8,229,276,83.0,4100,1494,95,105,90.5,109,129,84.5,21,31,67.7,0,0.0,0.0,0.0,1,14,0,0,12,Partidos
256,Carlos Guzmán,mx MEX,DF,Querétaro,28,1994,4.3,168,230,73.0,3228,1577,73,84,86.9,70,89,78.7,25,46,54.3,0,0.0,0.2,0.0,0,15,5,1,18,Partidos
257,Nahuel Guzmán,ar ARG,PO,UANL,36,1986,32.5,878,1164,75.4,23956,17664,194,195,99.5,377,387,97.4,302,572,52.8,0,0.0,0.0,0.0,1,15,0,0,0,Partidos
258,Víctor Guzmán,mx MEX,"CC,DL",Pachuca,27,1995,9.5,254,360,70.6,4369,1200,123,155,79.4,91,118,77.1,31,55,56.4,1,1.0,0.8,0.0,22,27,9,3,51,Partidos
259,Víctor Guzmán,mx MEX,DF,Tijuana,20,2002,15.5,405,520,77.9,7598,2972,150,173,86.7,203,240,84.6,44,83,53.0,0,0.0,0.1,0.0,0,15,0,0,27,Partidos
260,Víctor Guzmán,mx MEX,"CC,DL",Guadalajara,27,1995,13.2,445,632,70.4,8067,2484,219,252,86.9,142,182,78.0,65,144,45.1,2,2.6,2.0,-0.6,30,69,11,6,83,Partidos
261,Víctor Guzmán,mx MEX,DF,Monterrey,20,2002,13.7,411,500,82.2,7996,3317,130,150,86.7,238,264,90.2,38,68,55.9,1,0.1,0.1,+0.9,1,13,0,0,15,Partidos
262,Abel Hernández,uy URU,DL,Atlético,31,1990,14.1,151,217,69.6,2299,399,81,106,76.4,56,70,80.0,8,17,47.1,0,0.8,0.7,-0.8,14,12,5,0,17,Partidos
263,Daniel Hernández,mx MEX,CC,Puebla,20,2002,0.1,2,3,66.7,15,8,2,2,100.0,0,1,0.0,0,0,,0,0.0,0.0,0.0,0,0,0,0,0,Partidos
264,Elías Hernández,mx MEX,CC,León,34,1988,7.7,262,368,71.2,4850,1793,111,131,84.7,102,131,77.9,40,83,48.2,0,3.5,3.0,-3.5,25,25,14,4,37,Partidos
265,Fernando Hernández,mx MEX,PO,Monterrey,24,1998,0.5,9,10,90.0,229,157,0,0,,6,6,100.0,3,4,75.0,0,0.0,0.0,0.0,0,1,0,0,0,Partidos
266,Illian Hernandez,mx MEX,"DL,CC",Pachuca,22,2000,7.1,92,127,72.4,1248,159,54,67,80.6,29,41,70.7,3,4,75.0,0,0.2,0.1,-0.2,7,5,0,0,9,Partidos
267,Jesús Hernández,mx MEX,"DL,CC",Pachuca,20,2001,12.4,308,428,72.0,4644,1152,179,209,85.6,92,127,72.4,23,47,48.9,1,2.3,2.0,-1.3,22,14,13,7,29,Partidos
268,Alberto Herrera,mx MEX,"DF,CC",Puebla,21,2001,1.5,62,81,76.5,879,310,42,47,89.4,15,22,68.2,4,8,50.0,0,0.3,0.3,-0.3,5,1,5,3,5,Partidos
269,Ozziel Herrera,mx MEX,"CC,DL",Atlas,21,2001,23.8,460,639,72.0,6892,1856,272,331,82.2,147,191,77.0,26,56,46.4,5,5.4,3.4,-0.4,33,41,16,4,65,Partidos
270,Higor,br BRA,CC,UNAM,28,1994,18.7,724,870,83.2,13004,4038,306,359,85.2,324,366,88.5,81,112,72.3,2,1.3,0.9,+0.7,20,94,11,1,101,Partidos
271,Marino Hinestroza,co COL,"DL,CC",Pachuca,20,2002,7.9,160,212,75.5,2590,480,83,95,87.4,63,77,81.8,11,20,55.0,2,0.9,1.2,+1.1,8,9,6,2,13,Partidos
272,César Huerta,mx MEX,"CC,DL",UNAM,21,2000,17.2,358,511,70.1,5970,1487,168,216,77.8,144,186,77.4,32,55,58.2,2,2.1,2.1,-0.1,18,25,19,6,41,Partidos
273,Valber Huerta,cl CHI,DF,Toluca,28,1993,34.0,1874,2133,87.9,40395,14848,505,547,92.3,1049,1115,94.1,306,434,70.5,0,0.4,0.7,-0.4,5,150,4,1,136,Partidos
274,Rodrigo Huescas,mx MEX,"DF,CC",Cruz Azul,18,2003,15.4,587,768,76.4,8744,3473,332,371,89.5,210,269,78.1,26,67,38.8,5,2.2,1.5,+2.8,13,34,14,9,40,Partidos
275,Avilés Hurtado,co COL,"DL,CC",Pachuca,35,1987,23.9,730,1014,72.0,11662,3556,397,466,85.2,248,335,74.0,58,124,46.8,8,5.5,4.6,+2.5,60,85,36,14,104,Partidos
RL,Jugador,País,Posc,Equipo,Edad,Nacimiento,90 s,Cmp,Int.,% Cmp,Dist. tot.,Dist. prg.,Cmp,Int.,% Cmp,Cmp,Int.,% Cmp,Cmp,Int.,% Cmp,Ass,xAG,xA,A-xAG,PC,1/3,PPA,CrAP,PrgP,Partidos
276,Nicolás Ibáñez,ar ARG,DL,Pachuca,27,1994,16.3,237,321,73.8,3612,559,128,154,83.1,91,116,78.4,11,20,55.0,0,1.3,0.9,-1.3,23,19,7,1,23,Partidos
277,Nicolás Ibáñez,ar ARG,DL,UANL,27,1994,8.8,126,167,75.4,1704,261,78,89,87.6,41,58,70.7,3,10,30.0,1,0.4,0.1,+0.6,6,6,0,0,6,Partidos
278,Javier Ibarra,mx MEX,CC,León,24,1998,0.8,27,36,75.0,400,101,11,14,78.6,13,17,76.5,1,1,100.0,0,0.0,0.0,0.0,0,2,0,0,2,Partidos
279,Renato Ibarra,ec ECU,"DL,CC",Tijuana,31,1991,6.5,145,227,63.9,2335,988,79,102,77.5,46,71,64.8,14,34,41.2,1,1.5,1.2,-0.5,11,18,7,2,33,Partidos
280,Romario Ibarra,ec ECU,"DL,CC",Pachuca,27,1994,5.6,115,153,75.2,1749,380,65,73,89.0,41,52,78.8,5,9,55.6,0,0.3,0.5,-0.3,5,9,2,0,12,Partidos
281,Juan Ignacio Dinenno,ar ARG,DL,UNAM,27,1994,30.9,424,617,68.7,6985,1413,220,292,75.3,151,196,77.0,41,58,70.7,4,2.2,1.7,+1.8,34,50,10,0,52,Partidos
282,Fernando Illescas,mx MEX,"DL,DF",Mazatlán,23,1999,2.0,44,64,68.8,698,134,26,32,81.3,12,19,63.2,4,5,80.0,0,0.2,0.1,-0.2,3,3,1,1,2,Partidos
283,Andrés Iniestra,mx MEX,CC,Atlético,26,1996,9.8,296,363,81.5,5210,1441,134,147,91.2,124,148,83.8,30,49,61.2,0,0.1,0.1,-0.1,4,38,1,1,37,Partidos
284,Jefferson Intriago,ec ECU,CC,Mazatlán,26,1996,25.6,1105,1265,87.4,20234,5546,451,476,94.7,519,566,91.7,113,166,68.1,1,0.6,0.8,+0.4,16,132,6,3,145,Partidos
285,Hugo Isaác Rodríguez,mx MEX,DF,Santos,32,1990,27.8,759,960,79.1,15336,7145,252,277,91.0,391,454,86.1,110,207,53.1,1,0.5,0.2,+0.5,5,27,3,0,42,Partidos
286,Mauricio Isais,mx MEX,DF,Pachuca,21,2001,29.2,1101,1536,71.7,19111,8674,495,573,86.4,502,639,78.6,90,231,39.0,1,1.2,1.4,-0.2,23,119,22,14,131,Partidos
287,Omar Israel Mendoza,mx MEX,DF,Querétaro,33,1988,22.5,775,1045,74.2,15379,7544,301,343,87.8,364,461,79.0,104,200,52.0,2,1.6,1.5,+0.4,16,76,16,6,86,Partidos
288,Edgar Iván López,mx MEX,DL,Toluca,23,1999,10.0,,,,,,,,,,,,,,,2,,,,,,,,,Partidos
289,Edgar Iván López,mx MEX,DL,Tijuana,23,1999,6.6,,,,,,,,,,,,,,,0,,,,,,,,,Partidos
290,José Iván Rodríguez,mx MEX,CC,León,26,1996,21.1,839,950,88.3,14791,4700,367,394,93.1,387,427,90.6,74,106,69.8,1,0.3,0.5,+0.7,7,73,4,1,88,Partidos
291,Kenneth Jaime,mx MEX,DF,UANL,18,2004,0.5,21,29,72.4,324,115,13,14,92.9,7,9,77.8,1,3,33.3,0,0.0,0.0,0.0,0,2,0,0,3,Partidos
292,José de Jesús Godínez,mx MEX,DL,Necaxa,25,1997,2.4,45,70,64.3,584,88,29,40,72.5,14,25,56.0,0,1,0.0,0,0.5,0.1,-0.5,5,5,1,0,4,Partidos
293,Cristian Jiménez,mx MEX,CC,Cruz Azul,20,2002,0.5,9,10,90.0,151,48,5,5,100.0,4,4,100.0,0,1,0.0,0,0.0,0.0,0.0,0,0,0,0,2,Partidos
294,Jaiber Jiménez,mx MEX,DF,Cruz Azul,27,1995,3.0,87,121,71.9,1616,677,40,43,93.0,34,47,72.3,13,26,50.0,0,0.0,0.0,0.0,0,3,0,0,7,Partidos
295,Oscar Jiménez,mx MEX,PO,América,33,1988,11.0,238,308,77.3,6766,5372,59,60,98.3,97,97,100.0,79,146,54.1,0,0.0,0.0,0.0,0,3,0,0,0,Partidos
296,Miguel Jiménez Ponce,mx MEX,PO,Guadalajara,32,1990,34.0,608,927,65.6,18858,13876,75,75,100.0,311,315,98.7,220,527,41.7,0,0.1,0.0,-0.1,1,19,0,0,0,Partidos
297,José Joaquín Esquivel,mx MEX,CC,Necaxa,24,1998,28.9,859,1066,80.6,16062,5341,319,384,83.1,426,486,87.7,97,146,66.4,0,0.6,0.6,-0.6,14,98,9,2,120,Partidos
298,José Joaquín Martínez,mx MEX,"DF,CC",Cruz Azul,35,1987,5.2,175,221,79.2,2676,981,98,109,89.9,67,85,78.8,7,14,50.0,0,0.7,0.7,-0.7,3,10,1,1,20,Partidos
299,Julio José González,mx MEX,PO,UNAM,31,1991,20.0,424,560,75.7,12760,9921,45,45,100.0,227,228,99.6,152,285,53.3,0,0.3,0.0,-0.3,2,6,0,0,0,Partidos
300,Alberto Joshimar Acosta,mx MEX,DF,FC Juárez,34,1988,10.1,484,603,80.3,8591,3912,217,237,91.6,194,231,84.0,58,106,54.7,0,0.1,0.2,-0.1,2,57,7,0,61,Partidos
RL,Jugador,País,Posc,Equipo,Edad,Nacimiento,90 s,Cmp,Int.,% Cmp,Dist. tot.,Dist. prg.,Cmp,Int.,% Cmp,Cmp,Int.,% Cmp,Cmp,Int.,% Cmp,Ass,xAG,xA,A-xAG,PC,1/3,PPA,CrAP,PrgP,Partidos
301,Joao Joshimar Rojas,ec ECU,"CC,DL",Monterrey,24,1997,1.1,45,66,68.2,661,204,24,28,85.7,14,15,93.3,3,12,25.0,2,1.0,0.8,+1.0,5,3,3,2,6,Partidos
302,José Juan Vázquez,mx MEX,CC,Tijuana,34,1988,18.2,677,785,86.2,10747,3248,347,390,89.0,278,310,89.7,34,54,63.0,0,0.3,0.5,-0.3,9,51,6,1,74,Partidos
303,Ramón Juárez,mx MEX,DF,Atlético,21,2001,8.0,157,209,75.1,3718,1396,32,35,91.4,88,99,88.9,35,66,53.0,0,0.0,0.0,0.0,0,8,0,0,4,Partidos
304,Heriberto Jurado,mx MEX,"CC,DL",Necaxa,17,2005,8.4,158,244,64.8,3106,895,65,78,83.3,55,79,69.6,34,62,54.8,1,1.5,1.0,-0.5,18,6,12,11,10,Partidos
305,Sebastián Jurado,mx MEX,PO,Cruz Azul,24,1997,11.0,192,323,59.4,6453,5134,29,29,100.0,92,94,97.9,71,200,35.5,0,0.0,0.0,0.0,0,6,0,0,0,Partidos
306,Mateo Klimowicz,de GER,"CC,DL",Atlético,22,2000,7.2,158,208,76.0,2500,673,90,104,86.5,47,61,77.0,15,25,60.0,1,1.2,0.9,-0.2,11,27,8,1,32,Partidos
307,Matías Kranevitter,ar ARG,CC,Monterrey,29,1993,8.2,304,356,85.4,5706,1893,116,131,88.5,156,169,92.3,29,45,64.4,0,0.1,0.4,-0.1,3,37,1,0,38,Partidos
308,Roberto de la Rosa,mx MEX,DL,Pachuca,22,2000,17.1,304,401,75.8,4966,740,155,200,77.5,88,102,86.3,35,48,72.9,2,1.2,0.7,+0.8,21,18,7,3,27,Partidos
309,Diego Lainez,mx MEX,"DL,CC",UANL,22,2000,4.8,146,201,72.6,2330,530,81,95,85.3,43,55,78.2,13,24,54.2,0,0.3,0.4,-0.3,6,15,6,2,18,Partidos
310,Mauro Laínez,mx MEX,"DL,CC",FC Juárez,26,1996,7.5,183,258,70.9,3255,746,87,101,86.1,62,85,72.9,27,41,65.9,1,0.6,0.7,+0.4,7,7,9,6,24,Partidos
311,Gibran Lajud,mx MEX,PO,Santos,28,1993,1.0,22,29,75.9,518,347,7,7,100.0,11,11,100.0,4,11,36.4,0,0.0,0.0,0.0,0,0,0,0,0,Partidos
312,Emilio Lara,mx MEX,DF,América,20,2002,20.8,734,982,74.7,13282,5281,344,389,88.4,293,394,74.4,86,163,52.8,4,1.3,1.3,+2.7,16,55,18,13,53,Partidos
313,Israel Larios,mx MEX,CC,Atlas,19,2003,0.1,4,5,80.0,39,0,3,3,100.0,0,1,0.0,0,0,,0,0.0,0.0,0.0,0,0,0,0,0,Partidos
314,Miguel Layún,mx MEX,DF,América,34,1988,16.5,722,958,75.4,12780,4229,361,398,90.7,274,344,79.7,78,184,42.4,6,3.4,3.7,+2.6,31,52,30,21,55,Partidos
315,Federico Lértora,ar ARG,CC,Tijuana,32,1990,29.5,998,1353,73.8,17763,6148,431,529,81.5,430,539,79.8,108,204,52.9,0,1.4,1.5,-1.4,15,91,10,2,122,Partidos
316,Dario Lezcano,py PAR,"DL,CC",FC Juárez,32,1990,4.8,66,86,76.7,696,134,46,57,80.7,11,14,78.6,0,1,0.0,0,0.1,0.2,-0.1,3,7,1,0,6,Partidos
317,Igor Lichnovsky,cl CHI,DF,UANL,28,1994,24.7,1011,1200,84.3,20522,7499,295,335,88.1,580,646,89.8,125,195,64.1,0,0.5,0.3,-0.5,6,71,2,0,84,Partidos
318,Erik Lira,mx MEX,CC,Cruz Azul,22,2000,28.3,1180,1385,85.2,22610,6375,448,504,88.9,582,639,91.1,135,192,70.3,1,0.6,1.0,+0.4,12,103,11,1,130,Partidos
319,Aldo Llanas,,CC,Toluca,,,0.0,5,5,100.0,128,24,1,1,100.0,3,3,100.0,1,1,100.0,0,0.0,0.0,0.0,0,1,0,0,0,Partidos
320,Aldo López,mx MEX,CC,Santos,22,2000,14.0,560,609,92.0,9295,2688,277,292,94.9,205,220,93.2,57,67,85.1,0,0.2,0.7,-0.2,6,55,4,0,54,Partidos
321,Gabriel López,mx MEX,"DL,CC",Mazatlán,19,2003,0.3,17,24,70.8,266,89,10,13,76.9,4,7,57.1,2,2,100.0,0,0.0,0.0,0.0,0,4,0,0,2,Partidos
322,Raúl López Gómez,mx MEX,DF,Santos,29,1993,10.7,379,491,77.2,6677,2474,183,212,86.3,151,178,84.8,40,82,48.8,1,1.1,1.3,-0.1,11,26,15,5,35,Partidos
323,Raúl López Gómez,mx MEX,DF,Toluca,29,1993,6.3,237,300,79.0,4607,1235,102,109,93.6,93,112,83.0,37,59,62.7,0,0.5,0.7,-0.5,4,11,6,5,15,Partidos
324,Leonel López,mx MEX,CC,Tijuana,28,1994,5.9,285,342,83.3,5114,1623,116,127,91.3,123,143,86.0,36,51,70.6,0,0.8,0.9,-0.8,15,38,2,0,44,Partidos
325,Leonel López,mx MEX,CC,UNAM,28,1994,9.4,462,551,83.8,9428,3084,180,200,90.0,183,209,87.6,91,124,73.4,4,1.5,1.4,+2.5,29,81,5,0,82,Partidos
RL,Jugador,País,Posc,Equipo,Edad,Nacimiento,90 s,Cmp,Int.,% Cmp,Dist. tot.,Dist. prg.,Cmp,Int.,% Cmp,Cmp,Int.,% Cmp,Cmp,Int.,% Cmp,Ass,xAG,xA,A-xAG,PC,1/3,PPA,CrAP,PrgP,Partidos
326,Lisandro López,ar ARG,DF,Tijuana,32,1989,24.7,824,1041,79.2,18531,7256,181,216,83.8,475,556,85.4,163,240,67.9,0,0.6,1.2,-0.6,7,76,4,0,103,Partidos
327,Nicolás López,uy URU,"DL,CC",UANL,28,1993,7.2,232,307,75.6,4327,1068,104,125,83.2,78,95,82.1,38,62,61.3,3,2.1,2.6,+0.9,26,35,12,4,38,Partidos
328,Rodrigo López,mx MEX,CC,Querétaro,34,1987,15.6,456,581,78.5,8777,1888,183,214,85.5,202,239,84.5,61,90,67.8,0,1.1,1.5,-1.1,18,47,11,5,71,Partidos
329,Vladimir Loroña,mx MEX,"DF,CC",UANL,23,1998,6.8,209,266,78.6,3200,1465,120,135,88.9,63,82,76.8,18,30,60.0,1,0.8,0.2,+0.2,8,14,5,1,21,Partidos
330,Augusto Lotti,it ITA,"DL,CC",Cruz Azul,26,1996,6.3,76,122,62.3,1150,96,41,60,68.3,26,38,68.4,6,12,50.0,2,0.9,1.1,+1.1,3,1,2,0,5,Partidos
331,Brian Lozano,uy URU,"CC,DF",Santos,28,1994,1.2,32,43,74.4,778,211,11,11,100.0,9,13,69.2,12,19,63.2,1,0.7,0.5,+0.3,3,4,2,1,2,Partidos
332,Brian Lozano,uy URU,CC,Atlas,28,1994,11.8,418,566,73.9,8751,2543,178,208,85.6,147,184,79.9,87,145,60.0,0,1.2,1.2,-1.2,18,56,21,3,73,Partidos
333,Esteban Lozano,mx MEX,CC,América,19,2003,0.2,2,3,66.7,11,0,1,1,100.0,0,0,,0,0,,0,0.0,0.0,0.0,0,0,0,0,0,Partidos
334,José Lozano,mx MEX,"CC,DF",Santos,23,1998,2.8,78,115,67.8,1239,573,51,60,85.0,20,31,64.5,6,16,37.5,0,0.0,0.1,0.0,1,9,0,0,10,Partidos
335,Lucao,br BRA,DF,Puebla,29,1993,16.4,521,677,77.0,10267,4262,202,233,86.7,251,305,82.3,66,125,52.8,1,0.6,0.6,+0.4,8,45,3,1,44,Partidos
336,Israel Luna,mx MEX,"CC,DL",Pachuca,20,2002,9.1,305,355,85.9,5435,1248,138,152,90.8,132,142,93.0,29,39,74.4,0,0.6,0.4,-0.6,11,20,5,2,31,Partidos
337,Darwin Machís,ve VEN,"DL,CC",FC Juárez,29,1993,5.7,98,153,64.1,2184,664,37,44,84.1,36,51,70.6,24,46,52.2,0,0.3,0.5,-0.3,3,15,4,1,22,Partidos
338,Fernando Madrigal,mx MEX,CC,Necaxa,30,1991,24.0,670,872,76.8,12385,3579,283,322,87.9,297,358,83.0,78,148,52.7,1,2.3,2.6,-1.3,31,100,10,1,102,Partidos
339,José Madueña,mx MEX,"DF,CC",Querétaro,32,1990,4.9,147,192,76.6,2425,939,79,97,81.4,57,71,80.3,8,17,47.1,1,0.2,0.2,+0.8,2,6,3,0,17,Partidos
340,Joshua Mancha,mx MEX,"DL,DF",Santos,17,2004,0.1,6,8,75.0,82,4,2,2,100.0,3,4,75.0,0,0,,0,0.0,0.0,0.0,0,0,0,0,0,Partidos
341,Federico Mancuello,ar ARG,CC,Puebla,33,1989,32.0,1439,1835,78.4,27647,9987,585,658,88.9,629,723,87.0,200,374,53.5,8,5.7,5.4,+2.3,72,172,25,11,201,Partidos
342,Mauro Manotas,co COL,"DL,CC",Atlas,27,1995,1.1,15,23,65.2,230,39,7,9,77.8,8,11,72.7,0,0,,0,0.7,0.1,-0.7,2,1,1,1,0,Partidos
343,Óscar Manzanarez,mx MEX,DF,Santos,27,1995,4.7,151,188,80.3,2933,1556,59,67,88.1,70,82,85.4,21,35,60.0,0,0.0,0.1,0.0,0,20,1,0,18,Partidos
344,Javier Marcelo Correa,ar ARG,"DL,CC",Santos,29,1992,20.9,308,467,66.0,5801,1353,138,191,72.3,115,157,73.2,44,64,68.8,1,1.9,1.5,-0.9,23,36,15,1,52,Partidos
345,Jahaziel Marchand,mx MEX,CC,Pachuca,20,2001,0.5,23,31,74.2,421,100,8,9,88.9,10,13,76.9,3,5,60.0,0,0.0,0.0,0.0,0,0,0,0,1,Partidos
346,Salvador Mariscal,mx MEX,CC,Santos,19,2003,6.1,236,270,87.4,4343,1403,104,118,88.1,105,114,92.1,25,31,80.6,0,0.0,0.3,0.0,2,22,2,0,16,Partidos
347,Ángel Márquez,mx MEX,CC,Atlas,22,2000,18.2,789,953,82.8,13935,3536,378,420,90.0,305,343,88.9,88,138,63.8,3,3.1,2.1,-0.1,24,69,10,3,85,Partidos
348,Henry Martín,mx MEX,DL,América,29,1992,28.3,401,567,70.7,5376,1051,249,321,77.6,117,154,76.0,16,21,76.2,10,6.0,3.9,+4.0,54,20,24,1,55,Partidos
349,Alejandro Martínez,ar ARG,"DF,DL",Tijuana,25,1997,8.7,224,365,61.4,3733,1650,112,147,76.2,84,127,66.1,20,59,33.9,1,1.2,1.3,-0.2,10,20,8,6,37,Partidos
350,Guillermo Martínez Ayala,mx MEX,"DL,CC",Puebla,27,1995,6.4,78,114,68.4,1095,189,48,66,72.7,25,34,73.5,3,8,37.5,2,0.6,0.3,+1.4,7,9,0,0,8,Partidos
RL,Jugador,País,Posc,Equipo,Edad,Nacimiento,90 s,Cmp,Int.,% Cmp,Dist. tot.,Dist. prg.,Cmp,Int.,% Cmp,Cmp,Int.,% Cmp,Cmp,Int.,% Cmp,Ass,xAG,xA,A-xAG,PC,1/3,PPA,CrAP,PrgP,Partidos
351,Enzo Martínez,uy URU,DF,Pachuca,24,1998,4.8,231,288,80.2,4679,2032,66,77,85.7,130,152,85.5,32,51,62.7,0,0.0,0.1,0.0,0,22,2,0,21,Partidos
352,Enzo Martínez,uy URU,DF,Querétaro,24,1998,6.2,191,271,70.5,4779,2181,40,50,80.0,99,119,83.2,50,97,51.5,0,0.0,0.2,0.0,1,20,2,0,23,Partidos
353,Federico Martínez,uy URU,"DL,CC",León,26,1996,5.5,88,109,80.7,1424,415,45,48,93.8,35,41,85.4,7,15,46.7,0,0.6,0.5,-0.6,4,9,6,1,11,Partidos
354,Emilio Martínez González,mx MEX,DF,Puebla,19,2003,11.7,262,336,78.0,4269,1431,135,146,92.5,104,136,76.5,19,43,44.2,0,0.2,0.2,-0.2,3,14,1,0,20,Partidos
355,Jaziel Martínez,mx MEX,CC,Atlas,21,2000,6.0,307,382,80.4,5176,1465,153,172,89.0,121,147,82.3,25,42,59.5,1,0.5,0.9,+0.5,6,38,5,1,40,Partidos
356,Jaziel Martínez,mx MEX,"CC,DL",Monterrey,21,2000,0.1,3,3,100.0,52,24,1,1,100.0,2,2,100.0,0,0,,0,0.0,0.0,0.0,0,0,0,0,0,Partidos
357,Juan Martínez,mx MEX,DF,Atlético,23,1999,1.3,26,34,76.5,415,149,13,15,86.7,10,12,83.3,2,5,40.0,0,0.0,0.1,0.0,0,2,2,2,2,Partidos
358,Roger Martínez,co COL,"DL,CC",América,28,1994,4.4,156,196,79.6,2638,686,83,97,85.6,55,64,85.9,15,20,75.0,0,0.4,0.8,-0.4,6,12,13,0,31,Partidos
359,Román Martínez,mx MEX,"DL,CC",América,19,2002,1.1,13,15,86.7,167,9,7,9,77.8,4,4,100.0,0,0,,0,0.1,0.1,-0.1,2,0,0,0,1,Partidos
360,Sebastián Martínez,mx MEX,CC,América,19,2003,0.1,3,3,100.0,54,4,1,1,100.0,2,2,100.0,0,0,,0,0.0,0.0,0.0,0,0,0,0,0,Partidos
361,Alejandro Mayorga,mx MEX,DF,Cruz Azul,25,1997,4.8,129,167,77.2,2344,1040,53,60,88.3,65,78,83.3,11,25,44.0,0,0.2,0.3,-0.2,3,10,4,2,14,Partidos
362,Alejandro Mayorga,mx MEX,DF,Guadalajara,25,1997,3.9,161,215,74.9,2616,1054,81,93,87.1,60,78,76.9,14,30,46.7,0,0.1,0.3,-0.1,1,19,3,0,23,Partidos
363,Alan Medina,mx MEX,"CC,DL",FC Juárez,24,1997,20.6,539,730,73.8,8380,2257,298,364,81.9,190,241,78.8,33,59,55.9,2,1.4,1.5,+0.6,21,42,34,11,84,Partidos
364,Diego Medina,mx MEX,"CC,DL",Santos,21,2001,10.7,237,349,67.9,3645,1060,129,147,87.8,89,128,69.5,11,27,40.7,0,1.2,1.6,-1.2,14,22,10,3,39,Partidos
365,Stefan Medina,co COL,DF,Monterrey,30,1992,27.9,1024,1306,78.4,19401,8302,422,475,88.8,469,574,81.7,122,211,57.8,1,1.5,1.3,-0.5,17,74,20,11,81,Partidos
366,Ángel Mena,ec ECU,"CC,DL",León,34,1988,18.8,724,855,84.7,11427,2840,398,443,89.8,240,280,85.7,58,86,67.4,4,3.2,2.9,+0.8,38,51,38,6,98,Partidos
367,Édgar Méndez,es ESP,"DL,CC",Necaxa,32,1990,18.0,229,421,54.4,4003,994,114,163,69.9,78,141,55.3,28,60,46.7,0,0.9,1.4,-0.9,13,21,17,9,36,Partidos
368,Jean Meneses,cl CHI,"CC,DL",Toluca,29,1993,29.7,1076,1331,80.8,17849,4013,547,636,86.0,408,490,83.3,93,129,72.1,7,5.9,7.0,+1.1,56,76,65,10,135,Partidos
369,Roberto Meraz,mx MEX,CC,Mazatlán,22,1999,25.7,659,813,81.1,11429,3580,294,340,86.5,285,337,84.6,61,94,64.9,1,1.0,0.9,0.0,17,54,11,4,71,Partidos
370,Jorge Meré,es ESP,DF,Mazatlán,25,1997,4.5,154,179,86.0,3019,930,51,62,82.3,83,86,96.5,20,27,74.1,0,0.0,0.0,0.0,0,2,0,0,4,Partidos
371,Sabin Merino,es ESP,DL,Atlético,30,1992,3.5,70,104,67.3,926,179,46,59,78.0,20,29,69.0,1,3,33.3,0,0.1,0.3,-0.1,2,5,5,1,10,Partidos
372,Maximiliano Meza,ar ARG,"CC,DL",Monterrey,29,1992,23.5,682,984,69.3,12419,4654,310,389,79.7,280,353,79.3,81,182,44.5,5,4.5,4.8,+0.5,62,85,44,19,130,Partidos
373,Hiram Mier,mx MEX,DF,Guadalajara,32,1989,3.8,130,160,81.3,2468,826,44,52,84.6,71,79,89.9,14,26,53.8,0,0.2,0.2,-0.2,1,3,0,0,10,Partidos
374,Jesús Molina,mx MEX,CC,UNAM,34,1988,9.8,267,324,82.4,4619,1223,124,139,89.2,121,144,84.0,17,27,63.0,0,0.6,0.3,-0.6,3,16,0,0,23,Partidos
375,Tomás Molina,ar ARG,DL,FC Juárez,27,1995,9.4,114,184,62.0,1519,259,77,105,73.3,28,55,50.9,4,8,50.0,0,0.6,1.0,-0.6,9,8,4,0,14,Partidos
RL,Jugador,País,Posc,Equipo,Edad,Nacimiento,90 s,Cmp,Int.,% Cmp,Dist. tot.,Dist. prg.,Cmp,Int.,% Cmp,Cmp,Int.,% Cmp,Cmp,Int.,% Cmp,Ass,xAG,xA,A-xAG,PC,1/3,PPA,CrAP,PrgP,Partidos
376,Ricardo Monreal,mx MEX,"DL,CC",Necaxa,21,2001,9.2,178,253,70.4,2589,658,97,119,81.5,56,75,74.7,11,16,68.8,3,1.2,1.0,+1.8,16,23,3,1,32,Partidos
377,Pablo Monroy,mx MEX,DF,UNAM,20,2002,9.7,340,423,80.4,5752,1973,173,185,93.5,129,154,83.8,32,66,48.5,2,1.1,0.9,+0.9,12,22,7,4,20,Partidos
378,Andres Montaño,mx MEX,CC,Mazatlán,20,2002,12.9,421,532,79.1,8003,2398,160,182,87.9,181,214,84.6,68,105,64.8,0,1.3,1.3,-1.3,27,56,8,1,78,Partidos
379,Joaquín Montecinos,cl CHI,DL,Tijuana,26,1995,15.5,252,445,56.6,4178,1537,143,190,75.3,68,117,58.1,31,87,35.6,3,2.9,3.2,+0.1,23,25,22,14,38,Partidos
380,César Montes,mx MEX,DF,Monterrey,25,1997,8.6,276,354,78.0,6283,2650,71,79,89.9,154,182,84.6,50,85,58.8,0,0.3,0.4,-0.3,2,30,2,0,23,Partidos
381,Luis Montes,mx MEX,CC,León,36,1986,9.7,446,543,82.1,8373,2505,199,213,93.4,170,195,87.2,66,106,62.3,0,1.7,1.5,-1.7,21,34,19,3,64,Partidos
382,Adrián Mora,mx MEX,DF,FC Juárez,24,1997,3.0,118,156,75.6,2464,990,32,38,84.2,65,73,89.0,17,39,43.6,0,0.1,0.1,-0.1,1,7,0,0,10,Partidos
383,Iván Morales Bravo,cl CHI,"DL,CC",Cruz Azul,23,1999,5.1,69,86,80.2,1165,187,31,35,88.6,33,38,86.8,5,7,71.4,0,0.2,0.2,-0.2,4,7,3,0,8,Partidos
384,Carlos Moreno,mx MEX,PO,Pachuca,24,1998,3.5,66,89,74.2,1813,1457,9,9,100.0,38,38,100.0,19,40,47.5,0,0.0,0.0,0.0,0,0,0,0,0,Partidos
385,Héctor Moreno,mx MEX,DF,Monterrey,34,1988,20.8,809,943,85.8,14580,6484,333,356,93.5,392,431,91.0,74,139,53.2,0,0.5,0.5,-0.5,6,61,4,0,74,Partidos
386,Iker Moreno,mx MEX,DL,América,18,2003,0.6,12,13,92.3,116,19,10,11,90.9,1,1,100.0,0,0,,0,0.0,0.0,0.0,0,1,0,0,2,Partidos
387,Iván Moreno,mx MEX,"CC,DL",Puebla,24,1998,8.6,218,282,77.3,2963,757,137,155,88.4,61,78,78.2,9,18,50.0,0,0.4,0.5,-0.4,11,17,4,0,23,Partidos
388,Iván Moreno,mx MEX,DF,León,24,1998,14.4,470,646,72.8,7216,3326,284,316,89.9,138,205,67.3,37,83,44.6,4,1.8,2.6,+2.2,15,39,15,8,44,Partidos
389,Omar Moreno,mx MEX,"CC,DL",Mazatlán,17,2005,2.4,36,62,58.1,632,178,21,25,84.0,10,15,66.7,5,12,41.7,0,0.0,0.0,0.0,2,2,1,1,4,Partidos
390,Yairo Moreno,co COL,"CC,DF",León,27,1995,19.0,664,847,78.4,11770,3885,332,383,86.7,235,283,83.0,78,117,66.7,6,2.9,3.1,+3.1,31,70,32,12,104,Partidos
391,Andrés Mosquera Guardia,co COL,DF,Toluca,32,1990,31.0,1594,1743,91.5,30523,10882,499,524,95.2,913,969,94.2,164,214,76.6,2,0.6,0.8,+1.4,11,86,11,1,97,Partidos
392,Alan Mozo,mx MEX,DF,Guadalajara,25,1997,22.1,810,1117,72.5,13437,5815,437,506,86.4,287,402,71.4,71,161,44.1,2,2.8,2.4,-0.8,28,74,35,23,91,Partidos
393,Santiago Muñóz,mx MEX,"DL,CC",Santos,19,2002,1.3,38,44,86.4,639,89,22,25,88.0,11,11,100.0,5,6,83.3,0,0.1,0.2,-0.1,3,5,1,0,5,Partidos
394,Zahid Muñoz,mx MEX,"CC,DL",Atlético,21,2001,0.5,14,19,73.7,245,121,6,7,85.7,7,9,77.8,1,3,33.3,0,0.0,0.0,0.0,0,4,1,0,5,Partidos
395,Zahid Muñoz,mx MEX,DL,Guadalajara,21,2001,0.1,4,5,80.0,81,31,2,2,100.0,1,1,100.0,1,1,100.0,0,0.1,0.0,-0.1,1,1,0,0,1,Partidos
396,Jhon Murillo,ve VEN,"DL,CC",Atlético,27,1995,25.6,,,,,,,,,,,,,,,2,,,,,,,,,Partidos
397,Óscar Murillo,co COL,DF,Pachuca,34,1988,13.3,475,628,75.6,10006,4299,129,167,77.2,258,319,80.9,80,130,61.5,0,0.1,0.1,-0.1,3,20,0,0,22,Partidos
398,Ariel Nahuelpán,ar ARG,DL,Querétaro,34,1987,10.3,118,202,58.4,1950,409,61,91,67.0,48,73,65.8,6,12,50.0,0,1.0,1.0,-1.0,8,16,3,0,21,Partidos
399,Ariel Nahuelpán,ar ARG,DL,Mazatlán,34,1987,4.8,68,100,68.0,978,152,34,47,72.3,27,35,77.1,1,4,25.0,0,0.1,0.1,-0.1,2,3,0,0,8,Partidos
400,José Navarro,mx MEX,CC,UNAM,19,2003,0.0,1,3,33.3,11,0,1,2,50.0,0,0,,0,0,,0,0.0,0.0,0.0,0,0,0,0,0,Partidos
RL,Jugador,País,Posc,Equipo,Edad,Nacimiento,90 s,Cmp,Int.,% Cmp,Dist. tot.,Dist. prg.,Cmp,Int.,% Cmp,Cmp,Int.,% Cmp,Cmp,Int.,% Cmp,Ass,xAG,xA,A-xAG,PC,1/3,PPA,CrAP,PrgP,Partidos
401,Fernando Navarro Morán,mx MEX,"CC,DL",Toluca,33,1989,20.3,918,1068,86.0,14488,3324,458,487,94.0,339,379,89.4,75,124,60.5,5,4.1,4.0,+0.9,45,70,30,1,100,Partidos
402,Hugo Nervo,ar ARG,DF,Atlas,31,1991,30.4,1085,1273,85.2,22297,9054,296,327,90.5,653,718,90.9,130,209,62.2,1,0.8,0.5,+0.2,4,42,2,1,46,Partidos
403,Francisco Nevarez,mx MEX,DF,FC Juárez,21,2000,10.5,398,538,74.0,7045,2738,183,214,85.5,168,223,75.3,38,72,52.8,0,0.5,0.4,-0.5,3,36,3,3,43,Partidos
404,Alberto Ocejo,mx MEX,DL,Atlas,24,1998,6.6,90,136,66.2,1175,380,44,60,73.3,26,37,70.3,4,13,30.8,1,1.1,0.6,-0.1,8,10,3,0,12,Partidos
405,David Ochoa,us USA,PO,Atlético,21,2001,0.4,8,12,66.7,382,359,1,1,100.0,1,1,100.0,5,9,55.6,0,0.0,0.0,0.0,0,2,0,0,0,Partidos
406,Guillermo Ochoa,mx MEX,PO,América,37,1985,16.0,355,480,74.0,11080,8603,44,44,100.0,174,176,98.9,136,256,53.1,0,0.0,0.0,0.0,0,7,0,0,0,Partidos
407,Luis Olivas,mx MEX,DF,Guadalajara,22,2000,14.2,468,544,86.0,11134,4711,104,115,90.4,256,282,90.8,105,141,74.5,0,0.1,0.1,-0.1,1,30,0,0,33,Partidos
408,Maximiliano Olivera,uy URU,DF,FC Juárez,30,1992,31.5,1229,1749,70.3,25176,11696,424,494,85.8,599,789,75.9,189,408,46.3,4,3.3,3.3,+0.7,29,148,23,15,167,Partidos
409,Agustín Oliveros,uy URU,DF,Necaxa,23,1998,32.3,990,1358,72.9,18992,9158,381,444,85.8,488,632,77.2,114,226,50.4,1,0.8,1.0,+0.2,15,96,18,9,114,Partidos
410,Fernando Ordóñez,mx MEX,"CC,DL",UANL,21,2001,0.3,17,18,94.4,286,71,11,11,100.0,4,4,100.0,2,3,66.7,0,0.0,0.0,0.0,1,2,0,0,2,Partidos
411,Alejandro Organista,mx MEX,"DL,CC",Atlético,22,2000,0.3,7,11,63.6,80,11,5,7,71.4,1,2,50.0,0,1,0.0,0,0.0,0.0,0.0,1,0,0,0,1,Partidos
412,Santiago Ormeño,pe PER,"DL,CC",FC Juárez,28,1994,0.6,7,14,50.0,85,4,6,11,54.5,1,2,50.0,0,1,0.0,0,0.1,0.1,-0.1,1,0,0,0,2,Partidos
413,Santiago Ormeño,pe PER,"DL,DF",Guadalajara,28,1994,4.3,62,76,81.6,812,96,44,52,84.6,12,14,85.7,3,4,75.0,0,0.3,0.2,-0.3,6,2,2,0,4,Partidos
414,Efraín Orona,mx MEX,DF,Mazatlán,23,1999,12.2,390,499,78.2,7953,3045,105,120,87.5,231,274,84.3,48,90,53.3,0,0.3,0.1,-0.3,1,28,0,0,33,Partidos
415,Jonathan Orozco,mx MEX,PO,Tijuana,36,1986,17.0,434,601,72.2,12330,9703,96,97,99.0,196,199,98.5,142,302,47.0,0,0.0,0.0,0.0,1,7,0,0,0,Partidos
416,Carlos Orrantía,mx MEX,DF,Santos,31,1991,13.6,431,572,75.3,7048,3384,230,252,91.3,156,204,76.5,36,92,39.1,5,1.7,0.8,+3.3,15,41,14,7,53,Partidos
417,Carlos Orrantía,mx MEX,"DF,DL",Toluca,31,1991,3.7,141,173,81.5,2424,694,66,71,93.0,58,68,85.3,14,23,60.9,0,0.2,0.5,-0.2,4,7,4,4,10,Partidos
418,Edyairth Ortega,mx MEX,CC,Atlas,25,1997,4.8,205,235,87.2,4087,1238,79,89,88.8,93,103,90.3,30,38,78.9,0,0.3,0.1,-0.3,5,21,0,0,21,Partidos
419,Haret Ortega,mx MEX,DF,Toluca,22,2000,6.4,269,307,87.6,5145,1647,81,88,92.0,170,179,95.0,17,33,51.5,1,0.3,0.3,+0.7,1,1,0,0,8,Partidos
420,Miguel Ortega,mx MEX,PO,UANL,27,1995,1.0,20,28,71.4,540,373,5,5,100.0,9,9,100.0,6,14,42.9,0,0.0,0.0,0.0,0,0,0,0,0,Partidos
421,Arturo Ortiz,mx MEX,DF,UNAM,29,1992,21.4,1017,1209,84.1,22410,10054,278,311,89.4,542,598,90.6,187,277,67.5,0,0.9,1.2,-0.9,9,105,8,3,107,Partidos
422,Celso Ortiz,py PAR,CC,Monterrey,33,1989,24.7,913,1087,84.0,16634,6237,369,415,88.9,446,499,89.4,80,124,64.5,4,1.4,0.7,+2.6,17,93,8,2,120,Partidos
423,Mario Osuna,mx MEX,"CC,DL",FC Juárez,33,1988,2.1,62,83,74.7,1110,259,20,29,69.0,34,38,89.5,6,10,60.0,0,0.0,0.1,0.0,0,3,0,0,5,Partidos
424,Mario Osuna,mx MEX,"CC,DF",Querétaro,33,1988,5.4,223,264,84.5,4971,1528,60,66,90.9,115,129,89.1,48,62,77.4,1,0.3,0.3,+0.7,3,23,3,1,24,Partidos
425,Juan Pablo Segovia,ar ARG,DF,Necaxa,33,1989,24.2,834,1080,77.2,19894,7987,193,226,85.4,453,518,87.5,182,309,58.9,2,0.1,0.4,+1.9,3,62,5,0,69,Partidos
RL,Jugador,País,Posc,Equipo,Edad,Nacimiento,90 s,Cmp,Int.,% Cmp,Dist. tot.,Dist. prg.,Cmp,Int.,% Cmp,Cmp,Int.,% Cmp,Cmp,Int.,% Cmp,Ass,xAG,xA,A-xAG,PC,1/3,PPA,CrAP,PrgP,Partidos
426,Juan Pablo Vigón,mx MEX,CC,UANL,31,1991,11.6,383,447,85.7,5525,1607,232,247,93.9,122,144,84.7,17,28,60.7,1,0.9,1.1,+0.1,11,35,5,1,40,Partidos
427,Pablo Parra,cl CHI,CC,Puebla,28,1994,6.3,181,226,80.1,3126,652,101,122,82.8,60,73,82.2,19,24,79.2,0,1.0,0.8,-1.0,11,16,10,4,27,Partidos
428,Rodrigo Parra,mx MEX,DF,Tijuana,18,2003,2.5,61,85,71.8,1111,528,31,40,77.5,22,28,78.6,8,14,57.1,0,0.0,0.0,0.0,0,7,0,0,8,Partidos
429,Paulino,es ESP,"DL,CC",Pachuca,25,1997,6.5,244,305,80.0,4054,1050,116,135,85.9,94,114,82.5,22,30,73.3,3,1.5,1.0,+1.5,16,18,13,1,35,Partidos
430,Pedro Pedraza,mx MEX,CC,Pachuca,22,2000,0.9,36,43,83.7,586,194,20,24,83.3,13,15,86.7,3,3,100.0,0,0.0,0.0,0.0,0,3,0,0,4,Partidos
431,Miguel Pedroza,mx MEX,DL,Necaxa,19,2003,0.2,5,5,100.0,67,3,2,2,100.0,3,3,100.0,0,0,,0,0.1,0.0,-0.1,1,0,0,0,0,Partidos
432,Kevin Pereira,py PAR,DL,FC Juárez,18,2004,0.2,7,8,87.5,137,15,3,3,100.0,4,4,100.0,0,0,,0,0.0,0.0,0.0,0,0,0,0,1,Partidos
433,Sebastián Pérez Bouquet,mx MEX,"CC,DL",Guadalajara,19,2003,2.5,68,84,81.0,926,220,37,43,86.0,25,29,86.2,2,4,50.0,0,0.0,0.1,0.0,1,8,2,0,11,Partidos
434,Julio Pérez,mx MEX,DF,Pachuca,20,2002,0.2,7,9,77.8,164,76,2,2,100.0,4,4,100.0,1,2,50.0,0,0.0,0.0,0.0,0,1,0,0,0,Partidos
435,Pavel Pérez,mx MEX,"CC,DL",Guadalajara,24,1998,8.8,249,326,76.4,3989,1333,132,154,85.7,84,104,80.8,23,42,54.8,0,0.6,1.6,-0.6,13,28,8,2,29,Partidos
436,Eduardo Pérez Reyes,mx MEX,DL,Santos,29,1993,0.2,6,8,75.0,67,7,4,5,80.0,1,2,50.0,0,0,,0,0.0,0.0,0.0,0,0,0,0,0,Partidos
437,Baldomero Perlaza,co COL,CC,Querétaro,30,1992,3.0,,,,,,,,,,,,,,,0,,,,,,,,,Partidos
438,Jonathan Perlaza,ec ECU,"DF,CC",Querétaro,24,1997,10.1,345,489,70.6,6142,2870,175,196,89.3,126,161,78.3,39,102,38.2,1,0.8,0.7,+0.2,10,29,7,5,26,Partidos
439,Jesús Piñuelas,mx MEX,DF,Atlético,24,1998,8.5,250,305,82.0,4678,2139,94,101,93.1,124,140,88.6,26,57,45.6,0,0.0,0.0,0.0,0,12,0,0,19,Partidos
440,Guido Pizarro,ar ARG,"CC,DF",UANL,32,1990,30.9,1413,1637,86.3,25224,7037,567,640,88.6,687,762,90.2,132,179,73.7,0,1.0,1.3,-1.0,15,116,4,0,164,Partidos
441,Rodolfo Pizarro,mx MEX,"CC,DL",Monterrey,28,1994,8.8,251,331,75.8,3910,920,140,156,89.7,86,115,74.8,16,28,57.1,2,1.3,1.0,+0.7,19,29,11,4,40,Partidos
442,Franco Pizzichillo,uy URU,"DF,CC",Santos,26,1996,1.3,43,60,71.7,744,501,16,20,80.0,22,32,68.8,4,6,66.7,0,0.1,0.1,-0.1,2,4,3,1,6,Partidos
443,Vicente Poggi,uy URU,CC,Necaxa,20,2002,8.5,240,314,76.4,4275,1409,117,129,90.7,95,120,79.2,26,45,57.8,1,0.3,0.5,+0.7,7,32,5,0,35,Partidos
444,Osvaldo Rodríguez del Portal,mx MEX,DF,León,25,1996,27.5,899,1142,78.7,15994,6575,408,450,90.7,381,473,80.5,92,165,55.8,1,1.4,1.0,-0.4,17,60,14,7,76,Partidos
445,Harold Preciado,co COL,DL,Santos,28,1994,28.6,382,587,65.1,5261,1267,225,292,77.1,124,177,70.1,11,24,45.8,6,3.0,2.1,+3.0,42,38,24,2,64,Partidos
446,Leonel Prieto,mx MEX,DL,UANL,20,2001,0.2,3,6,50.0,75,15,1,2,50.0,1,1,100.0,1,2,50.0,0,0.0,0.0,0.0,0,0,1,0,1,Partidos
447,Ronaldo Prieto,mx MEX,"DF,CC",Santos,25,1997,8.0,193,265,72.8,4319,2048,62,74,83.8,96,111,86.5,34,74,45.9,0,0.0,0.1,0.0,2,16,2,1,14,Partidos
448,Julián Quiñones,co COL,DL,Atlas,25,1997,31.6,725,1005,72.1,13587,2981,336,418,80.4,267,341,78.3,109,173,63.0,1,2.8,3.4,-1.8,39,101,39,4,132,Partidos
449,Cándido Ramírez,mx MEX,CC,FC Juárez,29,1993,1.7,34,48,70.8,426,96,22,27,81.5,9,12,75.0,0,3,0.0,0,0.0,0.1,0.0,1,3,2,1,1,Partidos
450,Héctor Ramírez,mx MEX,DF,UNAM,18,2004,0.7,25,31,80.6,393,203,11,11,100.0,12,15,80.0,1,3,33.3,0,0.0,0.0,0.0,1,4,0,0,4,Partidos
RL,Jugador,País,Posc,Equipo,Edad,Nacimiento,90 s,Cmp,Int.,% Cmp,Dist. tot.,Dist. prg.,Cmp,Int.,% Cmp,Cmp,Int.,% Cmp,Cmp,Int.,% Cmp,Ass,xAG,xA,A-xAG,PC,1/3,PPA,CrAP,PrgP,Partidos
451,Kevin Ramírez,uy URU,"DL,CC",Puebla,28,1994,0.9,14,26,53.8,217,59,10,15,66.7,3,9,33.3,1,1,100.0,0,0.0,0.1,0.0,0,0,3,0,3,Partidos
452,Rafael Ramírez,mx MEX,PO,Necaxa,29,1992,1.0,16,24,66.7,528,457,2,2,100.0,7,7,100.0,7,15,46.7,0,0.0,0.0,0.0,0,0,0,0,0,Partidos
453,Salvador Reyes Chávez,mx MEX,DF,América,24,1998,15.6,494,637,77.6,7952,2619,257,286,89.9,197,244,80.7,31,74,41.9,1,1.7,1.9,-0.7,16,21,10,7,31,Partidos
454,Diego Reyes,mx MEX,DF,UANL,29,1992,21.8,895,1030,86.9,18002,6406,258,291,88.7,539,593,90.9,92,127,72.4,0,1.0,0.5,-1.0,9,63,1,1,65,Partidos
455,Israel Reyes,mx MEX,DF,América,22,2000,14.0,647,734,88.1,13758,5344,212,227,93.4,312,340,91.8,119,157,75.8,0,0.2,0.2,-0.2,3,47,1,0,51,Partidos
456,Israel Reyes,mx MEX,"CC,DF",Puebla,22,2000,16.3,511,603,84.7,9318,3199,212,237,89.5,238,266,89.5,52,78,66.7,0,0.1,0.4,-0.1,3,35,1,0,43,Partidos
457,Jacobo Reyes,us USA,"DL,DF",Monterrey,21,2000,0.6,8,11,72.7,136,39,3,3,100.0,3,5,60.0,1,2,50.0,0,0.1,0.1,-0.1,1,0,0,0,1,Partidos
458,Jose Reyes,mx MEX,CC,FC Juárez,21,2001,0.4,4,5,80.0,70,0,2,2,100.0,2,2,100.0,0,1,0.0,0,0.0,0.0,0.0,0,0,0,0,0,Partidos
459,Luis Ricardo Reyes,mx MEX,"DF,CC",Atlas,31,1991,26.7,1053,1471,71.6,20134,9837,456,505,90.3,432,558,77.4,158,359,44.0,4,3.9,3.9,+0.1,52,115,25,17,122,Partidos
460,Jesús Rivas,mx MEX,DF,UNAM,19,2002,0.3,13,20,65.0,181,38,8,11,72.7,5,5,100.0,0,3,0.0,0,0.0,0.0,0.0,0,1,0,0,2,Partidos
461,Ulises Rivas,mx MEX,CC,UNAM,26,1996,6.2,122,159,76.7,2027,454,58,66,87.9,50,61,82.0,7,21,33.3,0,0.1,0.2,-0.1,2,7,1,0,12,Partidos
462,Christian Rivera,co COL,"CC,DL",Tijuana,26,1996,4.8,169,198,85.4,3157,1007,76,79,96.2,66,76,86.8,22,29,75.9,0,0.6,0.2,-0.6,7,17,4,0,23,Partidos
463,Christian Rivera,co COL,CC,Querétaro,26,1996,13.0,690,808,85.4,14687,4535,238,262,90.8,312,348,89.7,132,166,79.5,1,0.5,0.5,+0.5,14,70,9,0,71,Partidos
464,Ignacio Rivero,uy URU,"DF,CC",Cruz Azul,30,1992,29.6,1077,1461,73.7,19481,8263,532,603,88.2,399,518,77.0,134,263,51.0,5,3.9,4.0,+1.1,46,98,41,19,160,Partidos
465,Jorge Roberto Díaz,mx MEX,"CC,DL",León,24,1998,0.5,29,39,74.4,523,91,15,17,88.2,11,14,78.6,2,6,33.3,0,0.0,0.0,0.0,1,1,0,0,1,Partidos
466,Ángel Robles,mx MEX,"CC,DF",Puebla,20,2001,6.3,119,138,86.2,1989,341,62,69,89.9,45,52,86.5,11,12,91.7,1,0.3,0.2,+0.7,5,6,3,0,12,Partidos
467,Carlos Robles,mx MEX,CC,Atlas,22,2000,0.2,3,4,75.0,80,37,1,1,100.0,1,2,50.0,1,1,100.0,0,0.0,0.0,0.0,0,1,0,0,1,Partidos
468,Aldo Rocha,mx MEX,CC,Atlas,29,1992,19.8,1037,1216,85.3,20787,6111,369,415,88.9,478,531,90.0,175,229,76.4,1,1.2,1.5,-0.2,18,133,16,5,117,Partidos
469,Alan Rodríguez,mx MEX,CC,Toluca,26,1996,1.9,59,71,83.1,875,257,29,32,90.6,24,28,85.7,3,4,75.0,0,0.1,0.0,-0.1,3,4,1,0,5,Partidos
470,Brian Rodríguez,uy URU,"DL,CC",América,22,2000,7.9,189,259,73.0,2588,684,120,138,87.0,52,77,67.5,7,13,53.8,1,0.8,1.2,+0.2,12,23,17,4,29,Partidos
471,Charly Rodríguez,mx MEX,"CC,DL",Cruz Azul,25,1997,28.2,1246,1581,78.8,23278,7523,562,627,89.6,452,546,82.8,193,322,59.9,6,5.8,7.5,+0.2,59,149,44,5,190,Partidos
472,Emerson Rodríguez,co COL,CC,Santos,21,2000,2.2,48,64,75.0,766,196,27,30,90.0,17,24,70.8,4,8,50.0,0,0.5,0.7,-0.5,5,4,3,1,7,Partidos
473,Gael Rodríguez,mx MEX,DF,UNAM,20,2002,0.1,0,1,0.0,0,0,0,0,,0,1,0.0,0,0,,0,0.0,0.0,0.0,0,0,0,0,0,Partidos
474,Jerónimo Rodríguez,mx MEX,DF,UNAM,23,1999,6.1,170,244,69.7,3150,1364,60,73,82.2,91,117,77.8,17,46,37.0,0,0.2,0.3,-0.2,5,14,4,2,19,Partidos
475,Jesús Rodríguez,mx MEX,PO,Puebla,29,1993,3.0,76,101,75.2,2071,1404,15,15,100.0,39,39,100.0,22,47,46.8,0,0.0,0.0,0.0,0,0,0,0,0,Partidos
RL,Jugador,País,Posc,Equipo,Edad,Nacimiento,90 s,Cmp,Int.,% Cmp,Dist. tot.,Dist. prg.,Cmp,Int.,% Cmp,Cmp,Int.,% Cmp,Cmp,Int.,% Cmp,Ass,xAG,xA,A-xAG,PC,1/3,PPA,CrAP,PrgP,Partidos
476,Jonathan Rodríguez,uy URU,"DL,CC",América,29,1993,25.6,546,723,75.5,8389,1747,304,366,83.1,189,246,76.8,36,57,63.2,3,3.4,2.7,-0.4,31,31,28,2,73,Partidos
477,Jorge Rodríguez,mx MEX,DF,Toluca,20,2001,3.2,114,147,77.6,1867,676,58,66,87.9,44,52,84.6,9,17,52.9,0,0.1,0.4,-0.1,1,5,1,1,6,Partidos
478,Jorge Rodríguez,mx MEX,"DL,CC",Atlas,18,2003,0.5,23,31,74.2,404,112,12,14,85.7,6,8,75.0,4,7,57.1,0,0.0,0.0,0.0,0,2,1,1,2,Partidos
479,Lucas Rodríguez,ar ARG,CC,Tijuana,25,1997,21.2,644,798,80.7,11219,3586,295,333,88.6,261,300,87.0,71,117,60.7,3,3.1,2.8,-0.1,38,96,22,3,139,Partidos
480,Michell Rodríguez,mx MEX,DL,Monterrey,21,2000,0.0,0,1,0.0,0,0,0,0,,0,0,,0,0,,0,0.0,0.0,0.0,0,0,0,0,0,Partidos
481,Gabriel Rojas,ar ARG,DF,Querétaro,25,1997,18.2,505,733,68.9,9797,3996,210,236,89.0,213,289,73.7,74,170,43.5,3,2.0,2.5,+1.0,21,37,20,16,46,Partidos
482,Diego Rolán,uy URU,"CC,DL",FC Juárez,29,1993,0.9,28,36,77.8,399,99,19,21,90.5,8,13,61.5,1,2,50.0,0,0.1,0.0,-0.1,2,4,1,0,5,Partidos
483,Juan Romagnoli,ar ARG,"CC,DL",Querétaro,26,1996,3.5,65,98,66.3,1295,538,32,37,86.5,20,35,57.1,13,24,54.2,1,0.6,0.5,+0.4,7,6,8,7,8,Partidos
484,Ángel Romero,py PAR,"CC,DL",Cruz Azul,30,1992,8.5,280,400,70.0,5192,1562,124,155,80.0,103,132,78.0,43,71,60.6,1,1.0,1.0,0.0,16,40,8,2,58,Partidos
485,Braian Romero,ar ARG,"DL,CC",Tijuana,31,1991,8.0,132,191,69.1,1864,384,66,89,74.2,47,62,75.8,7,10,70.0,0,0.6,0.5,-0.6,7,9,4,0,14,Partidos
486,Lucas Romero,ar ARG,CC,León,28,1994,12.0,514,641,80.2,8938,3182,250,286,87.4,195,231,84.4,54,85,63.5,1,1.2,1.0,-0.2,23,64,11,4,80,Partidos
487,Luis Romo,mx MEX,CC,Monterrey,27,1995,29.6,1145,1424,80.4,20880,7333,505,579,87.2,490,559,87.7,129,204,63.2,4,3.5,3.8,+0.5,51,148,36,8,189,Partidos
488,Carlos Rotondi,ar ARG,"CC,DL",Cruz Azul,25,1997,21.8,414,638,64.9,6890,2433,210,270,77.8,152,223,68.2,35,84,41.7,2,3.9,2.8,-1.9,31,31,26,13,51,Partidos
489,Fernando Rubén González,mx MEX,CC,Guadalajara,28,1994,18.1,630,759,83.0,10792,3921,288,329,87.5,277,321,86.3,54,79,68.4,0,0.5,0.6,-0.5,11,69,4,0,94,Partidos
490,Brian Rubio,mx MEX,DL,Mazatlán,25,1996,7.6,125,188,66.5,1807,173,62,89,69.7,43,60,71.7,8,10,80.0,0,0.2,0.6,-0.2,4,5,2,0,13,Partidos
491,Brian Rubio,mx MEX,DL,León,25,1996,4.3,83,125,66.4,1218,266,44,59,74.6,30,44,68.2,3,5,60.0,1,0.9,0.4,+0.1,7,6,2,0,17,Partidos
492,Jesús Rubio,mx MEX,DF,Tijuana,,,1.9,40,45,88.9,789,395,12,13,92.3,22,23,95.7,6,6,100.0,0,0.0,0.0,0.0,0,1,0,0,3,Partidos
493,Alan Ruiz,mx MEX,DF,Tijuana,21,2001,0.8,24,36,66.7,440,238,11,14,78.6,11,16,68.8,2,5,40.0,0,0.0,0.0,0.0,1,0,0,0,2,Partidos
494,Marcel Ruiz,mx MEX,CC,Toluca,21,2000,27.2,1446,1651,87.6,24550,6378,697,761,91.6,593,666,89.0,124,151,82.1,2,2.0,2.5,0.0,21,152,17,1,180,Partidos
495,Jorge Ruvalcaba,mx MEX,"CC,DL",UNAM,21,2001,8.3,151,205,73.7,2502,483,69,86,80.2,65,81,80.2,10,24,41.7,1,1.6,0.6,-0.6,14,9,6,2,18,Partidos
496,Javier Salas,mx MEX,CC,FC Juárez,28,1993,22.5,840,975,86.2,15260,3782,339,377,89.9,387,429,90.2,93,130,71.5,0,0.4,0.7,-0.4,11,64,6,2,71,Partidos
497,Carlos Salcedo,mx MEX,DF,FC Juárez,28,1993,29.9,1270,1495,84.9,29504,11470,281,315,89.2,729,783,93.1,255,377,67.6,0,0.7,1.0,-0.7,6,90,4,1,97,Partidos
498,Eduardo Salvio,ar ARG,"CC,DL",UNAM,32,1990,24.2,678,958,70.8,11306,3161,355,418,84.9,229,301,76.1,75,176,42.6,3,5.3,4.4,-2.3,58,58,29,9,67,Partidos
499,Rubens Sambueza,ar ARG,"CC,DL",Atlético,38,1984,2.6,89,147,60.5,1585,673,44,56,78.6,35,61,57.4,10,24,41.7,1,0.4,0.8,+0.6,5,14,7,4,22,Partidos
500,Juan Sanabria,uy URU,"CC,DF",Atlético,22,2000,25.6,836,1173,71.3,16315,6025,333,400,83.3,344,454,75.8,142,262,54.2,2,5.3,4.3,-3.3,53,81,28,16,121,Partidos
RL,Jugador,País,Posc,Equipo,Edad,Nacimiento,90 s,Cmp,Int.,% Cmp,Dist. tot.,Dist. prg.,Cmp,Int.,% Cmp,Cmp,Int.,% Cmp,Cmp,Int.,% Cmp,Ass,xAG,xA,A-xAG,PC,1/3,PPA,CrAP,PrgP,Partidos
501,Andrés Sánchez,mx MEX,PO,Atlético,24,1997,1.0,22,27,81.5,506,334,5,5,100.0,9,9,100.0,6,11,54.5,0,0.0,0.0,0.0,0,0,0,0,0,Partidos
502,Erick Sánchez,mx MEX,CC,Pachuca,22,1999,31.8,1458,1748,83.4,27180,7516,596,667,89.4,630,708,89.0,189,263,71.9,1,4.0,2.7,-3.0,57,186,29,2,238,Partidos
503,Jesús Sánchez García,mx MEX,DF,Guadalajara,32,1989,7.2,272,350,77.7,4757,1852,131,148,88.5,114,143,79.7,23,45,51.1,0,0.3,0.3,-0.3,3,31,7,2,31,Partidos
504,Jonathan Sánchez,mx MEX,DF,UNAM,28,1994,5.5,121,167,72.5,2648,1064,35,37,94.6,66,79,83.5,20,49,40.8,0,0.0,0.0,0.0,0,6,1,0,7,Partidos
505,Luis Sánchez,mx MEX,DF,Monterrey,22,2000,1.7,54,60,90.0,866,344,26,29,89.7,25,25,100.0,2,5,40.0,0,0.0,0.0,0.0,1,6,0,0,7,Partidos
506,Richard Sánchez,py PAR,CC,América,26,1996,24.1,1529,1752,87.3,29013,10412,647,682,94.9,629,689,91.3,229,325,70.5,2,3.4,3.8,-1.4,51,256,26,2,220,Partidos
507,Kevin Sandoval,mx MEX,DL,Atlético,19,2003,0.0,2,4,50.0,24,15,2,2,100.0,0,1,0.0,0,1,0.0,0,0.0,0.0,0.0,0,0,0,0,1,Partidos
508,Raúl Sandoval,mx MEX,DF,Mazatlán,22,2000,9.5,282,391,72.1,4825,1793,139,165,84.2,118,152,77.6,22,45,48.9,0,0.4,0.4,-0.4,6,18,8,7,23,Partidos
509,Miguel Sansores,mx MEX,"DL,CC",Mazatlán,31,1991,8.8,135,192,70.3,1723,246,82,106,77.4,37,46,80.4,3,10,30.0,1,0.8,0.8,+0.2,17,11,1,1,10,Partidos
510,Anderson Santamaría,pe PER,DF,Atlas,30,1992,20.4,717,900,79.7,15524,6096,214,236,90.7,371,414,89.6,128,232,55.2,1,1.0,1.2,0.0,11,83,13,1,68,Partidos
511,José Santiago Hernández,mx MEX,PO,Atlas,25,1997,4.9,118,195,60.5,3772,3021,18,18,100.0,57,58,98.3,42,116,36.2,0,0.0,0.0,0.0,0,3,0,0,0,Partidos
512,Samir Santos,br BRA,DF,UANL,27,1994,18.4,878,995,88.2,17896,6613,243,263,92.4,523,561,93.2,100,146,68.5,1,0.2,0.3,+0.8,5,44,3,0,63,Partidos
513,Sebastian Santos,mx MEX,CC,León,19,2003,0.0,0,0,,0,0,0,0,,0,0,,0,0,,0,0.0,0.0,0.0,0,0,0,0,0,Partidos
514,Camilo Sanvezzo,br BRA,"DL,CC",Toluca,34,1988,10.1,166,224,74.1,2219,557,98,115,85.2,43,56,76.8,8,18,44.4,3,1.7,2.2,+1.3,12,14,12,1,22,Partidos
515,Sebastián Saucedo,us USA,"CC,DL",Toluca,25,1997,3.3,147,182,80.8,2320,312,82,90,91.1,50,60,83.3,10,16,62.5,1,0.5,0.4,+0.5,7,1,4,3,4,Partidos
516,Francisco Sebastián Córdova,mx MEX,"CC,DL",UANL,25,1997,20.2,560,826,67.8,8794,2623,314,364,86.3,147,216,68.1,64,161,39.8,5,4.8,5.7,+0.2,60,63,18,5,76,Partidos
517,Ángel Sepúlveda,mx MEX,DL,Querétaro,31,1991,22.8,348,570,61.1,5645,1033,189,277,68.2,122,184,66.3,28,45,62.2,2,1.9,1.6,+0.1,27,35,7,2,45,Partidos
518,Gilberto Sepúlveda,mx MEX,DF,Guadalajara,23,1999,32.4,1059,1316,80.5,22346,7937,298,331,90.0,579,659,87.9,174,302,57.6,0,0.5,1.2,-0.5,6,66,4,1,90,Partidos
519,Leonardo Sequeira,ar ARG,"CC,DL",Querétaro,27,1995,11.1,160,230,69.6,2264,583,84,112,75.0,58,75,77.3,5,11,45.5,0,1.6,1.6,-1.6,15,12,9,5,13,Partidos
520,Jordan Sierra,ec ECU,CC,FC Juárez,25,1997,13.7,454,545,83.3,7213,2135,240,271,88.6,168,198,84.8,30,46,65.2,0,0.5,0.8,-0.5,14,50,10,3,65,Partidos
521,Jordan Sierra,ec ECU,"CC,DL",Toluca,25,1997,8.3,343,413,83.1,5336,1419,176,195,90.3,145,174,83.3,17,31,54.8,0,0.8,0.4,-0.8,6,26,9,2,31,Partidos
522,Antony Silva,py PAR,PO,Puebla,38,1984,31.0,583,827,70.5,17033,13136,131,132,99.2,230,239,96.2,205,436,47.0,0,0.0,0.1,0.0,0,20,2,0,0,Partidos
523,Gastón Silva,uy URU,DF,Puebla,28,1994,30.7,1194,1481,80.6,24436,10536,412,454,90.7,601,677,88.8,172,309,55.7,3,1.2,1.0,+1.8,14,83,9,6,88,Partidos
524,Jordan Silva,mx MEX,"DF,CC",Cruz Azul,28,1994,1.1,69,82,84.1,1211,446,33,36,91.7,28,32,87.5,7,11,63.6,0,0.0,0.0,0.0,0,3,0,0,4,Partidos
525,Jordan Silva,mx MEX,DF,Querétaro,28,1994,12.8,495,605,81.8,11879,5015,103,125,82.4,276,304,90.8,113,164,68.9,0,0.4,0.1,-0.4,4,27,0,0,24,Partidos
RL,Jugador,País,Posc,Equipo,Edad,Nacimiento,90 s,Cmp,Int.,% Cmp,Dist. tot.,Dist. prg.,Cmp,Int.,% Cmp,Cmp,Int.,% Cmp,Cmp,Int.,% Cmp,Ass,xAG,xA,A-xAG,PC,1/3,PPA,CrAP,PrgP,Partidos
526,Maximiliano Silvera,uy URU,DL,FC Juárez,24,1997,5.4,96,125,76.8,1454,170,53,63,84.1,32,37,86.5,7,11,63.6,0,0.8,0.9,-0.8,8,9,0,0,6,Partidos
527,Maximiliano Silvera,uy URU,"DL,CC",Necaxa,24,1997,5.3,86,127,67.7,1251,289,54,62,87.1,27,39,69.2,3,7,42.9,1,0.1,0.2,+0.9,3,13,2,0,11,Partidos
528,Alan Soñora,us USA,"CC,DL",FC Juárez,23,1998,3.7,148,187,79.1,2846,927,59,64,92.2,67,76,88.2,20,39,51.3,1,0.8,0.6,+0.2,10,22,3,1,30,Partidos
529,Joel Soñora,us USA,"CC,DL",FC Juárez,25,1996,1.2,44,60,73.3,615,230,29,34,85.3,11,15,73.3,3,9,33.3,1,0.3,0.2,+0.7,2,4,2,2,7,Partidos
530,Gonzalo Sosa,ar ARG,DL,Mazatlán,33,1989,9.0,104,158,65.8,1317,314,58,84,69.0,32,45,71.1,1,5,20.0,1,0.8,0.6,+0.2,12,8,4,0,17,Partidos
531,Sebastián Sosa,uy URU,PO,UNAM,35,1986,12.0,275,391,70.3,8017,6432,52,52,100.0,128,131,97.7,95,208,45.7,0,0.0,0.0,0.0,0,4,0,0,0,Partidos
532,Yeferson Soteldo,ve VEN,"DL,CC",UANL,25,1997,0.4,32,40,80.0,445,112,19,21,90.5,8,11,72.7,3,4,75.0,0,0.3,0.7,-0.3,4,0,5,2,4,Partidos
533,Leonardo Suárez,ar ARG,CC,Santos,26,1996,8.3,246,343,71.7,4545,1850,104,127,81.9,105,127,82.7,31,71,43.7,2,1.6,1.5,+0.4,18,40,18,6,52,Partidos
534,Leonardo Suárez,ar ARG,"CC,DL",América,26,1996,7.6,291,391,74.4,5161,1191,143,159,89.9,108,137,78.8,37,81,45.7,1,2.1,2.0,-1.1,17,30,11,4,31,Partidos
535,Christian Tabó,uy URU,"DL,CC",Cruz Azul,28,1993,8.1,136,197,69.0,2069,423,74,92,80.4,44,63,69.8,10,19,52.6,0,0.5,0.6,-0.5,8,5,9,5,17,Partidos
536,Alfredo Talavera,mx MEX,PO,FC Juárez,39,1982,34.0,800,1061,75.4,24740,18030,98,98,100.0,368,377,97.6,331,576,57.5,0,0.0,0.0,0.0,0,12,0,0,0,Partidos
537,Miguel Tapias,mx MEX,DF,Pachuca,25,1997,11.2,475,569,83.5,9805,4170,139,160,86.9,263,287,91.6,69,105,65.7,0,0.1,0.1,-0.1,2,27,1,0,30,Partidos
538,Eduardo Tercero,mx MEX,"DF,DL",UANL,26,1996,1.8,43,60,71.7,791,414,16,18,88.9,26,34,76.5,1,8,12.5,0,0.0,0.0,0.0,0,4,0,0,5,Partidos
539,William Tesillo,co COL,DF,León,32,1990,4.9,239,294,81.3,5219,2311,72,76,94.7,115,134,85.8,46,72,63.9,0,0.0,0.1,0.0,0,27,1,0,24,Partidos
540,Florian Thauvin,fr FRA,"CC,DL",UANL,29,1993,3.5,117,154,76.0,1845,539,71,79,89.9,36,46,78.3,8,15,53.3,2,1.5,1.1,+0.5,6,17,6,0,20,Partidos
541,Iván Tona,mx MEX,"CC,DF",Monterrey,22,2000,0.2,19,19,100.0,289,55,13,13,100.0,5,5,100.0,1,1,100.0,0,0.0,0.0,0.0,0,1,0,0,1,Partidos
542,Alan Torres,mx MEX,CC,Guadalajara,22,2000,6.0,313,369,84.8,6145,2132,117,127,92.1,149,167,89.2,44,65,67.7,0,0.1,0.2,-0.1,4,33,5,0,43,Partidos
543,Félix Torres Caicedo,ec ECU,DF,Santos,25,1997,23.8,645,910,70.9,14227,6980,190,222,85.6,323,408,79.2,129,249,51.8,0,1.4,0.4,-1.4,8,73,3,1,75,Partidos
544,Jonathan Torres,ar ARG,DL,Querétaro,25,1996,6.5,71,133,53.4,971,210,46,71,64.8,18,32,56.3,3,9,33.3,1,0.4,0.5,+0.6,5,0,3,2,4,Partidos
545,Jorge Torres Nilo,mx MEX,"DF,DL",Toluca,34,1988,2.1,110,125,88.0,2275,708,30,30,100.0,68,72,94.4,12,21,57.1,0,0.0,0.0,0.0,0,3,0,0,3,Partidos
546,Raúl Torres Rodríguez,mx MEX,DF,Querétaro,25,1996,1.9,83,94,88.3,1426,576,37,38,97.4,36,40,90.0,9,11,81.8,0,0.3,0.2,-0.3,2,8,2,2,14,Partidos
547,Christopher Trejo,mx MEX,"DL,CC",Atlas,22,1999,8.2,226,283,79.9,3748,1210,117,132,88.6,73,81,90.1,24,44,54.5,0,1.7,1.2,-1.7,14,23,8,3,28,Partidos
548,Lucas Trezza,uy URU,CC,Atlas,25,1997,0.6,18,23,78.3,310,43,8,8,100.0,9,10,90.0,1,3,33.3,0,0.2,0.0,-0.2,4,2,2,0,5,Partidos
549,Santiago Trigos,mx MEX,CC,UNAM,20,2002,3.4,117,152,77.0,2043,546,57,68,83.8,41,53,77.4,13,15,86.7,1,0.4,0.1,+0.6,2,5,2,1,8,Partidos
550,Héctor Uribe,mx MEX,DF,León,18,2004,1.7,75,86,87.2,1171,350,47,51,92.2,20,21,95.2,7,11,63.6,0,0.1,0.2,-0.1,1,3,2,2,8,Partidos
RL,Jugador,País,Posc,Equipo,Edad,Nacimiento,90 s,Cmp,Int.,% Cmp,Dist. tot.,Dist. prg.,Cmp,Int.,% Cmp,Cmp,Int.,% Cmp,Cmp,Int.,% Cmp,Ass,xAG,xA,A-xAG,PC,1/3,PPA,CrAP,PrgP,Partidos
551,Agustín Urzi,ar ARG,"CC,DL",FC Juárez,22,2000,5.3,124,167,74.3,2000,592,67,75,89.3,41,50,82.0,12,23,52.2,1,0.6,0.7,+0.4,8,10,5,2,19,Partidos
552,Óscar Ustari,ar ARG,PO,Pachuca,36,1986,30.5,612,906,67.5,20196,16787,71,72,98.6,264,271,97.4,277,558,49.6,0,0.1,0.1,-0.1,1,13,1,0,0,Partidos
553,Diego Valdés,cl CHI,"CC,DL",América,28,1994,27.7,1027,1262,81.4,18254,4940,445,503,88.5,457,520,87.9,103,171,60.2,9,7.6,6.9,+1.4,63,165,55,3,254,Partidos
554,Bruno Valdez,py PAR,DF,América,29,1992,6.1,215,259,83.0,4415,1617,61,67,91.0,124,138,89.9,28,49,57.1,1,0.1,0.0,+0.9,3,7,1,0,12,Partidos
555,Carlos Valenzuela,ar ARG,"CC,DL",Tijuana,25,1997,10.7,288,450,64.0,5030,1993,142,166,85.5,100,151,66.2,35,96,36.5,1,2.2,2.9,-1.2,30,33,18,6,59,Partidos
556,José Van Rankin,mx MEX,DF,Necaxa,29,1993,15.6,551,740,74.5,10161,4483,241,277,87.0,238,310,76.8,63,125,50.4,1,1.0,0.8,0.0,19,60,11,6,67,Partidos
557,Camilo Vargas,co COL,PO,Atlas,33,1989,29.1,765,1124,68.1,24421,20084,131,132,99.2,323,329,98.2,311,658,47.3,0,0.1,0.2,-0.1,3,50,2,0,1,Partidos
558,Ivo Vázquez,mx MEX,"DF,CC",Puebla,21,2000,5.4,143,211,67.8,2582,816,78,94,83.0,45,53,84.9,18,45,40.0,2,0.4,0.7,+1.6,5,12,5,4,15,Partidos
559,Alexis Vega,mx MEX,"DL,CC",Guadalajara,24,1997,22.6,602,854,70.5,11807,3315,254,307,82.7,229,322,71.1,104,178,58.4,7,7.4,5.6,-0.4,52,84,31,6,91,Partidos
560,Sebastián Vegas,cl CHI,DF,Monterrey,25,1996,18.6,587,771,76.1,10880,4299,211,236,89.4,316,360,87.8,52,150,34.7,1,0.5,0.6,+0.5,9,33,6,1,37,Partidos
561,Efraín Velarde,mx MEX,DF,UNAM,36,1986,3.8,117,150,78.0,2160,974,48,53,90.6,51,60,85.0,15,33,45.5,0,0.0,0.0,0.0,1,13,1,0,11,Partidos
562,Jesus Velasco,mx MEX,DF,Necaxa,16,2006,0.0,1,2,50.0,14,0,1,1,100.0,0,0,,0,1,0.0,0,0.0,0.0,0.0,0,0,0,0,0,Partidos
563,Emiliano Velázquez,uy URU,DF,FC Juárez,28,1994,8.4,210,269,78.1,4642,2134,57,63,90.5,114,126,90.5,38,70,54.3,0,0.0,0.0,0.0,3,13,0,0,16,Partidos
564,Jesús Venegas,mx MEX,"CC,DL",Toluca,27,1995,5.2,260,304,85.5,4707,1327,106,115,92.2,132,138,95.7,20,40,50.0,0,0.1,0.1,-0.1,2,16,1,0,11,Partidos
565,Érik Vera,mx MEX,DF,Querétaro,30,1992,1.8,59,71,83.1,1042,429,28,30,93.3,26,31,83.9,5,7,71.4,0,0.1,0.1,-0.1,2,6,1,1,8,Partidos
566,Álvaro Verda,mx MEX,"DL,DF",Querétaro,23,1999,0.8,11,18,61.1,125,23,8,11,72.7,2,3,66.7,0,0,,0,0.1,0.1,-0.1,1,0,0,0,0,Partidos
567,Duván Vergara,co COL,"CC,DL",Monterrey,25,1996,2.2,70,102,68.6,1095,318,40,44,90.9,23,34,67.6,6,13,46.2,0,0.1,0.2,-0.1,2,7,4,0,11,Partidos
568,Néstor Vidrio,mx MEX,DF,Mazatlán,33,1989,25.4,947,1147,82.6,20921,8376,225,265,84.9,543,610,89.0,173,249,69.5,0,0.2,0.3,-0.2,5,60,4,1,65,Partidos
569,Nicolás Vikonis,uy URU,PO,Mazatlán,38,1984,21.5,505,703,71.8,16077,12323,60,63,95.2,229,231,99.1,212,403,52.6,0,0.0,0.0,0.0,0,10,1,0,0,Partidos
570,Oscar Villa,mx MEX,DF,León,21,2001,4.6,156,203,76.8,2612,979,73,83,88.0,67,83,80.7,12,28,42.9,0,0.1,0.3,-0.1,3,6,2,1,15,Partidos
571,Patrick Villa,mx MEX,DF,Puebla,18,2003,0.9,40,50,80.0,631,262,24,25,96.0,14,18,77.8,2,4,50.0,0,0.0,0.0,0.0,0,2,0,0,0,Partidos
572,Dieter Villalpando,mx MEX,"CC,DL",Atlético,30,1991,11.1,386,505,76.4,6019,1873,204,239,85.4,143,175,81.7,26,57,45.6,0,1.6,1.9,-1.6,22,47,14,5,64,Partidos
573,Dieter Villalpando,mx MEX,"CC,DL",Necaxa,30,1991,7.7,248,334,74.3,4631,1507,108,129,83.7,103,133,77.4,33,51,64.7,1,0.5,0.9,+0.5,13,31,17,6,45,Partidos
574,Sergio Villarreal,mx MEX,DF,Monterrey,22,2000,0.3,6,10,60.0,57,36,5,7,71.4,0,1,0.0,0,1,0.0,0,0.0,0.0,0.0,0,0,0,0,0,Partidos
575,Federico Viñas,uy URU,"DL,CC",América,24,1998,5.9,102,153,66.7,1466,307,62,87,71.3,32,41,78.0,5,9,55.6,1,0.7,0.4,+0.3,8,11,4,0,15,Partidos
RL,Jugador,País,Posc,Equipo,Edad,Nacimiento,90 s,Cmp,Int.,% Cmp,Dist. tot.,Dist. prg.,Cmp,Int.,% Cmp,Cmp,Int.,% Cmp,Cmp,Int.,% Cmp,Ass,xAG,xA,A-xAG,PC,1/3,PPA,CrAP,PrgP,Partidos
576,Isaías Violante,mx MEX,"CC,DL",Toluca,18,2003,1.7,56,75,74.7,899,215,31,35,88.6,20,25,80.0,5,13,38.5,0,0.2,0.0,-0.2,1,4,2,0,9,Partidos
577,Vitinho,br BRA,"DL,CC",Atlético,21,2001,17.0,343,461,74.4,5871,1647,172,202,85.1,132,164,80.5,34,62,54.8,0,1.3,1.8,-1.3,17,27,20,3,55,Partidos
578,Tiago Volpi,br BRA,PO,Toluca,31,1990,32.0,881,1184,74.4,28656,20721,131,132,99.2,359,369,97.3,388,672,57.7,0,0.0,0.1,0.0,0,37,0,0,1,Partidos
579,Facundo Waller,uy URU,"DL,CC",Atlético,25,1997,15.0,290,448,64.7,5636,1588,116,146,79.5,121,175,69.1,45,92,48.9,2,1.6,1.3,+0.4,21,37,17,5,44,Partidos
580,Facundo Waller,uy URU,"CC,DL",Puebla,25,1997,9.2,232,292,79.5,4593,1004,111,127,87.4,77,100,77.0,42,51,82.4,1,0.7,0.6,+0.3,10,40,8,2,32,Partidos
581,Édgar Yoel Bárcenas,pa PAN,"DL,CC",Mazatlán,28,1993,22.7,583,774,75.3,9786,2507,285,332,85.8,230,293,78.5,52,106,49.1,4,3.6,3.6,+0.4,40,52,25,10,80,Partidos
582,Paolo Yrizar,mx MEX,DL,Guadalajara,24,1997,0.2,0,1,0.0,0,0,0,0,,0,1,0.0,0,0,,0,0.0,0.0,0.0,0,0,0,0,0,Partidos
583,Ángel Zaldívar,mx MEX,DL,Atlético,28,1994,7.8,112,161,69.6,1481,373,61,79,77.2,34,46,73.9,4,9,44.4,1,0.9,0.6,+0.1,12,13,3,0,18,Partidos
584,Ángel Zaldívar,mx MEX,DL,Guadalajara,28,1994,8.5,108,144,75.0,1545,327,62,80,77.5,27,32,84.4,9,12,75.0,0,0.8,0.3,-0.8,6,5,5,0,13,Partidos
585,Edgar Zaldívar,mx MEX,CC,Atlas,25,1996,18.3,631,770,81.9,11523,2588,272,316,86.1,256,297,86.2,90,123,73.2,0,0.5,0.8,-0.5,11,60,8,1,55,Partidos
586,Ángel Zapata,mx MEX,CC,Monterrey,21,2001,0.0,0,1,0.0,0,0,0,1,0.0,0,0,,0,0,,0,0.0,0.0,0.0,0,0,0,0,0,Partidos
587,Alejandro Zendejas,us USA,"DL,CC",América,24,1998,20.7,739,944,78.3,12052,3447,380,431,88.2,286,341,83.9,55,119,46.2,4,4.1,5.2,-0.1,27,75,42,6,103,Partidos
588,José Zúñiga,co COL,DL,Querétaro,28,1994,10.9,120,194,61.9,1742,277,73,95,76.8,36,59,61.0,6,9,66.7,1,0.4,0.4,+0.6,10,10,3,1,12,Partidos
